2025-09-07 00:03:06.995 INFO [APP] STARTED XCTrack 0.9.12.3 [91230] on "TCL T803D 14" sdk=34, HW_acc=true, uid=null
2025-09-07 00:03:07.131 INFO [isPro] Not pro; code: 0x115e30
2025-09-07 00:03:09.357 ERROR [org.xcontest.XCTrack.widget.d0:l()233] Widget.load(): Cannot find settings mapWidget_showOpenStreet for class org.xcontest.XCTrack.widget.w.WXCAssistant
2025-09-07 00:03:09.358 ERROR [org.xcontest.XCTrack.widget.d0:l()233] Widget.load(): Cannot find settings mapWidget_showTerrain for class org.xcontest.XCTrack.widget.w.WXCAssistant
2025-09-07 00:03:09.363 ERROR [org.xcontest.XCTrack.widget.d0:l()233] Widget.load(): Cannot find settings mapWidget_showOpenStreet for class org.xcontest.XCTrack.widget.w.WCompMap
2025-09-07 00:03:09.363 ERROR [org.xcontest.XCTrack.widget.d0:l()233] Widget.load(): Cannot find settings mapWidget_showTerrain for class org.xcontest.XCTrack.widget.w.WCompMap
2025-09-07 00:03:09.715 ERROR [org.xcontest.XCTrack.widget.d0:l()233] Widget.load(): Cannot find settings mapWidget_showOpenStreet for class org.xcontest.XCTrack.widget.w.WXCAssistant
2025-09-07 00:03:09.716 ERROR [org.xcontest.XCTrack.widget.d0:l()233] Widget.load(): Cannot find settings mapWidget_showTerrain for class org.xcontest.XCTrack.widget.w.WXCAssistant
2025-09-07 00:03:09.718 ERROR [org.xcontest.XCTrack.widget.d0:l()233] Widget.load(): Cannot find settings mapWidget_showOpenStreet for class org.xcontest.XCTrack.widget.w.WCompMap
2025-09-07 00:03:09.719 ERROR [org.xcontest.XCTrack.widget.d0:l()233] Widget.load(): Cannot find settings mapWidget_showTerrain for class org.xcontest.XCTrack.widget.w.WCompMap
2025-09-07 00:05:47.865 ERROR [org.xcontest.XCTrack.widget.d0:l()233] Widget.load(): Cannot find settings mapWidget_showOpenStreet for class org.xcontest.XCTrack.widget.w.WXCAssistant
2025-09-07 00:05:47.866 ERROR [org.xcontest.XCTrack.widget.d0:l()233] Widget.load(): Cannot find settings mapWidget_showTerrain for class org.xcontest.XCTrack.widget.w.WXCAssistant
2025-09-07 00:05:47.868 ERROR [org.xcontest.XCTrack.widget.d0:l()233] Widget.load(): Cannot find settings mapWidget_showOpenStreet for class org.xcontest.XCTrack.widget.w.WCompMap
2025-09-07 00:05:47.869 ERROR [org.xcontest.XCTrack.widget.d0:l()233] Widget.load(): Cannot find settings mapWidget_showTerrain for class org.xcontest.XCTrack.widget.w.WCompMap
2025-09-07 00:06:57.696 ERROR [BTScan] Bluetooth stop scan
	EXCEPTION: java.lang.IllegalArgumentException: Receiver not registered: org.xcontest.XCTrack.config.sensors.BluetoothScanner@dd329e5
java.lang.IllegalArgumentException: Receiver not registered: org.xcontest.XCTrack.config.sensors.BluetoothScanner@dd329e5
	at android.app.LoadedApk.forgetReceiverDispatcher(LoadedApk.java:1707)
	at android.app.ContextImpl.unregisterReceiver(ContextImpl.java:1872)
	at android.content.ContextWrapper.unregisterReceiver(ContextWrapper.java:820)
	at android.content.ContextWrapper.unregisterReceiver(ContextWrapper.java:820)
	at android.content.ContextWrapper.unregisterReceiver(ContextWrapper.java:820)
	at org.xcontest.XCTrack.config.sensors.BluetoothSensorChooseActivity.m(SourceFile:18)
	at org.xcontest.XCTrack.config.sensors.BluetoothSensorChooseActivity.onPause(SourceFile:1)
	at android.app.Activity.performPause(Activity.java:8890)
	at android.app.Instrumentation.callActivityOnPause(Instrumentation.java:1683)
	at android.app.ActivityThread.performPauseActivityIfNeeded(ActivityThread.java:5379)
	at android.app.ActivityThread.performPauseActivity(ActivityThread.java:5340)
	at android.app.ActivityThread.handlePauseActivity(ActivityThread.java:5292)
	at android.app.servertransaction.PauseActivityItem.execute(PauseActivityItem.java:48)
	at android.app.servertransaction.ActivityTransactionItem.execute(ActivityTransactionItem.java:45)
	at android.app.servertransaction.TransactionExecutor.executeLifecycleState(TransactionExecutor.java:180)
	at android.app.servertransaction.TransactionExecutor.execute(TransactionExecutor.java:98)
	at android.app.ActivityThread$H.handleMessage(ActivityThread.java:2542)
	at android.os.Handler.dispatchMessage(Handler.java:106)
	at android.os.Looper.loopOnce(Looper.java:240)
	at android.os.Looper.loop(Looper.java:346)
	at android.app.ActivityThread.main(ActivityThread.java:8345)
	at java.lang.reflect.Method.invoke(Native Method)
	at com.android.internal.os.RuntimeInit$MethodAndArgsCaller.run(RuntimeInit.java:594)
	at com.android.internal.os.ZygoteInit.main(ZygoteInit.java:1067)
2025-09-07 00:11:25.292 INFO [GpsRolloverFix] Initializing
2025-09-07 00:11:25.293 INFO [GpsRolloverFix] SchedulerSetupSkip
2025-09-07 00:11:25.293 INFO [GpsRolloverFix] SyncStart
2025-09-07 00:11:25.294 INFO [GpsRolloverFix] TSSyncRequest(default-slack-sntp)
2025-09-07 00:11:25.389 INFO [GpsRolloverFix] TSSyncSuccess(default-slack-sntp, 1757203885950)
2025-09-07 00:11:25.389 INFO [GpsRolloverFix] CacheSaved(default-slack-sntp)
2025-09-07 00:11:25.389 INFO [GpsRolloverFix] SyncSuccess
2025-09-07 00:11:25.389 INFO [GpsRolloverFix] Initialized
2025-09-07 00:16:20.089 INFO [isPro] Not pro; code: 0x115e30
2025-09-07 00:30:37.591 ERROR [org.xcontest.XCTrack.widget.d0:l()233] Widget.load(): Cannot find settings mapWidget_showOpenStreet for class org.xcontest.XCTrack.widget.w.WXCAssistant
2025-09-07 00:30:37.591 ERROR [org.xcontest.XCTrack.widget.d0:l()233] Widget.load(): Cannot find settings mapWidget_showTerrain for class org.xcontest.XCTrack.widget.w.WXCAssistant
2025-09-07 00:30:37.593 ERROR [org.xcontest.XCTrack.widget.d0:l()233] Widget.load(): Cannot find settings mapWidget_showOpenStreet for class org.xcontest.XCTrack.widget.w.WCompMap
2025-09-07 00:30:37.594 ERROR [org.xcontest.XCTrack.widget.d0:l()233] Widget.load(): Cannot find settings mapWidget_showTerrain for class org.xcontest.XCTrack.widget.w.WCompMap
2025-09-07 00:32:20.980 ERROR [org.xcontest.XCTrack.widget.d0:l()233] Widget.load(): Cannot find settings mapWidget_showOpenStreet for class org.xcontest.XCTrack.widget.w.WXCAssistant
2025-09-07 00:32:20.980 ERROR [org.xcontest.XCTrack.widget.d0:l()233] Widget.load(): Cannot find settings mapWidget_showTerrain for class org.xcontest.XCTrack.widget.w.WXCAssistant
2025-09-07 00:32:20.984 ERROR [org.xcontest.XCTrack.widget.d0:l()233] Widget.load(): Cannot find settings mapWidget_showOpenStreet for class org.xcontest.XCTrack.widget.w.WCompMap
2025-09-07 00:32:20.984 ERROR [org.xcontest.XCTrack.widget.d0:l()233] Widget.load(): Cannot find settings mapWidget_showTerrain for class org.xcontest.XCTrack.widget.w.WCompMap
2025-09-07 00:32:21.183 ERROR [org.xcontest.XCTrack.widget.d0:l()233] Widget.load(): Cannot find settings mapWidget_showOpenStreet for class org.xcontest.XCTrack.widget.w.WXCAssistant
2025-09-07 00:32:21.183 ERROR [org.xcontest.XCTrack.widget.d0:l()233] Widget.load(): Cannot find settings mapWidget_showTerrain for class org.xcontest.XCTrack.widget.w.WXCAssistant
2025-09-07 00:32:21.186 ERROR [org.xcontest.XCTrack.widget.d0:l()233] Widget.load(): Cannot find settings mapWidget_showOpenStreet for class org.xcontest.XCTrack.widget.w.WCompMap
2025-09-07 00:32:21.186 ERROR [org.xcontest.XCTrack.widget.d0:l()233] Widget.load(): Cannot find settings mapWidget_showTerrain for class org.xcontest.XCTrack.widget.w.WCompMap
2025-09-07 00:33:28.862 INFO [isPro] Not pro; code: 0x115e30
2025-09-07 00:34:01.856 INFO [isPro] Not pro; code: 0x115e30
2025-09-07 00:35:36.604 INFO [isPro] Not pro; code: 0x115e30
2025-09-07 00:37:08.016 ERROR [BluetoothWorker] Bluetooth exception while connecting
	EXCEPTION: java.io.IOException: read failed, socket might closed or timeout, read ret: -1
java.io.IOException: read failed, socket might closed or timeout, read ret: -1
	at android.bluetooth.BluetoothSocket.readAll(BluetoothSocket.java:924)
	at android.bluetooth.BluetoothSocket.waitSocketSignal(BluetoothSocket.java:877)
	at android.bluetooth.BluetoothSocket.connect(BluetoothSocket.java:517)
	at org.xcontest.XCTrack.sensors.r.e(SourceFile:70)
	at org.xcontest.XCTrack.sensors.r.run(SourceFile:23)
	at java.lang.Thread.run(Thread.java:1119)
2025-09-07 00:37:30.143 ERROR [BluetoothWorker] Bluetooth exception while connecting
	EXCEPTION: java.io.IOException: read failed, socket might closed or timeout, read ret: -1
java.io.IOException: read failed, socket might closed or timeout, read ret: -1
	at android.bluetooth.BluetoothSocket.readAll(BluetoothSocket.java:924)
	at android.bluetooth.BluetoothSocket.waitSocketSignal(BluetoothSocket.java:877)
	at android.bluetooth.BluetoothSocket.connect(BluetoothSocket.java:517)
	at org.xcontest.XCTrack.sensors.r.e(SourceFile:70)
	at org.xcontest.XCTrack.sensors.r.run(SourceFile:23)
	at java.lang.Thread.run(Thread.java:1119)
2025-09-07 00:37:30.165 ERROR [BluetoothWorker] Bluetooth error while reading
	EXCEPTION: java.io.IOException: bt socket closed, read return: -1
java.io.IOException: bt socket closed, read return: -1
	at android.bluetooth.BluetoothSocket.read(BluetoothSocket.java:677)
	at android.bluetooth.BluetoothInputStream.read(BluetoothInputStream.java:91)
	at sun.nio.cs.StreamDecoder.readBytes(StreamDecoder.java:291)
	at sun.nio.cs.StreamDecoder.implRead(StreamDecoder.java:355)
	at sun.nio.cs.StreamDecoder.read(StreamDecoder.java:181)
	at java.io.InputStreamReader.read(InputStreamReader.java:177)
	at java.io.BufferedReader.fill(BufferedReader.java:172)
	at java.io.BufferedReader.readLine(BufferedReader.java:337)
	at java.io.BufferedReader.readLine(BufferedReader.java:403)
	at org.xcontest.XCTrack.sensors.r.run(SourceFile:42)
	at java.lang.Thread.run(Thread.java:1119)
2025-09-07 00:37:49.895 INFO [isPro] Not pro; code: 0x115e30
2025-09-07 00:38:49.586 INFO [isPro] Not pro; code: 0x115e30
2025-09-07 00:41:50.818 ERROR [BluetoothWorker] Bluetooth error while reading
	EXCEPTION: java.io.IOException: bt socket closed, read return: -1
java.io.IOException: bt socket closed, read return: -1
	at android.bluetooth.BluetoothSocket.read(BluetoothSocket.java:677)
	at android.bluetooth.BluetoothInputStream.read(BluetoothInputStream.java:91)
	at sun.nio.cs.StreamDecoder.readBytes(StreamDecoder.java:291)
	at sun.nio.cs.StreamDecoder.implRead(StreamDecoder.java:355)
	at sun.nio.cs.StreamDecoder.read(StreamDecoder.java:181)
	at java.io.InputStreamReader.read(InputStreamReader.java:177)
	at java.io.BufferedReader.fill(BufferedReader.java:172)
	at java.io.BufferedReader.readLine(BufferedReader.java:337)
	at java.io.BufferedReader.readLine(BufferedReader.java:403)
	at org.xcontest.XCTrack.sensors.r.run(SourceFile:42)
	at java.lang.Thread.run(Thread.java:1119)
2025-09-07 00:48:45.238 ERROR [org.xcontest.XCTrack.widget.d0:l()233] Widget.load(): Cannot find settings mapWidget_showOpenStreet for class org.xcontest.XCTrack.widget.w.WXCAssistant
2025-09-07 00:48:45.239 ERROR [org.xcontest.XCTrack.widget.d0:l()233] Widget.load(): Cannot find settings mapWidget_showTerrain for class org.xcontest.XCTrack.widget.w.WXCAssistant
2025-09-07 00:48:45.242 ERROR [org.xcontest.XCTrack.widget.d0:l()233] Widget.load(): Cannot find settings mapWidget_showOpenStreet for class org.xcontest.XCTrack.widget.w.WCompMap
2025-09-07 00:48:45.242 ERROR [org.xcontest.XCTrack.widget.d0:l()233] Widget.load(): Cannot find settings mapWidget_showTerrain for class org.xcontest.XCTrack.widget.w.WCompMap
2025-09-07 00:57:12.091 INFO [Pro] User changed. Set new data.
2025-09-07 00:57:44.390 ERROR [org.xcontest.XCTrack.widget.d0:l()233] Widget.load(): Cannot find settings mapWidget_showOpenStreet for class org.xcontest.XCTrack.widget.w.WXCAssistant
2025-09-07 00:57:44.390 ERROR [org.xcontest.XCTrack.widget.d0:l()233] Widget.load(): Cannot find settings mapWidget_showTerrain for class org.xcontest.XCTrack.widget.w.WXCAssistant
2025-09-07 00:57:44.393 ERROR [org.xcontest.XCTrack.widget.d0:l()233] Widget.load(): Cannot find settings mapWidget_showOpenStreet for class org.xcontest.XCTrack.widget.w.WCompMap
2025-09-07 00:57:44.393 ERROR [org.xcontest.XCTrack.widget.d0:l()233] Widget.load(): Cannot find settings mapWidget_showTerrain for class org.xcontest.XCTrack.widget.w.WCompMap
2025-09-07 00:57:44.600 ERROR [org.xcontest.XCTrack.widget.d0:l()233] Widget.load(): Cannot find settings mapWidget_showOpenStreet for class org.xcontest.XCTrack.widget.w.WXCAssistant
2025-09-07 00:57:44.601 ERROR [org.xcontest.XCTrack.widget.d0:l()233] Widget.load(): Cannot find settings mapWidget_showTerrain for class org.xcontest.XCTrack.widget.w.WXCAssistant
2025-09-07 00:57:44.603 ERROR [org.xcontest.XCTrack.widget.d0:l()233] Widget.load(): Cannot find settings mapWidget_showOpenStreet for class org.xcontest.XCTrack.widget.w.WCompMap
2025-09-07 00:57:44.603 ERROR [org.xcontest.XCTrack.widget.d0:l()233] Widget.load(): Cannot find settings mapWidget_showTerrain for class org.xcontest.XCTrack.widget.w.WCompMap
2025-09-07 01:03:39.867 ERROR [BluetoothWorker] Bluetooth error while reading
	EXCEPTION: java.io.IOException: bt socket closed, read return: -1
java.io.IOException: bt socket closed, read return: -1
	at android.bluetooth.BluetoothSocket.read(BluetoothSocket.java:677)
	at android.bluetooth.BluetoothInputStream.read(BluetoothInputStream.java:91)
	at sun.nio.cs.StreamDecoder.readBytes(StreamDecoder.java:291)
	at sun.nio.cs.StreamDecoder.implRead(StreamDecoder.java:355)
	at sun.nio.cs.StreamDecoder.read(StreamDecoder.java:181)
	at java.io.InputStreamReader.read(InputStreamReader.java:177)
	at java.io.BufferedReader.fill(BufferedReader.java:172)
	at java.io.BufferedReader.readLine(BufferedReader.java:337)
	at java.io.BufferedReader.readLine(BufferedReader.java:403)
	at org.xcontest.XCTrack.sensors.r.run(SourceFile:42)
	at java.lang.Thread.run(Thread.java:1119)
2025-09-07 01:04:32.780 ERROR [BluetoothWorker] Bluetooth error while reading
	EXCEPTION: java.io.IOException: bt socket closed, read return: -1
java.io.IOException: bt socket closed, read return: -1
	at android.bluetooth.BluetoothSocket.read(BluetoothSocket.java:677)
	at android.bluetooth.BluetoothInputStream.read(BluetoothInputStream.java:91)
	at sun.nio.cs.StreamDecoder.readBytes(StreamDecoder.java:291)
	at sun.nio.cs.StreamDecoder.implRead(StreamDecoder.java:355)
	at sun.nio.cs.StreamDecoder.read(StreamDecoder.java:181)
	at java.io.InputStreamReader.read(InputStreamReader.java:177)
	at java.io.BufferedReader.fill(BufferedReader.java:172)
	at java.io.BufferedReader.readLine(BufferedReader.java:337)
	at java.io.BufferedReader.readLine(BufferedReader.java:403)
	at org.xcontest.XCTrack.sensors.r.run(SourceFile:42)
	at java.lang.Thread.run(Thread.java:1119)
2025-09-07 01:04:45.491 ERROR [BluetoothWorker] Bluetooth exception while connecting
	EXCEPTION: java.io.IOException: read failed, socket might closed or timeout, read ret: -1
java.io.IOException: read failed, socket might closed or timeout, read ret: -1
	at android.bluetooth.BluetoothSocket.readAll(BluetoothSocket.java:924)
	at android.bluetooth.BluetoothSocket.readInt(BluetoothSocket.java:938)
	at android.bluetooth.BluetoothSocket.connect(BluetoothSocket.java:502)
	at org.xcontest.XCTrack.sensors.r.e(SourceFile:70)
	at org.xcontest.XCTrack.sensors.r.run(SourceFile:23)
	at java.lang.Thread.run(Thread.java:1119)
2025-09-07 01:10:27.097 ERROR [org.xcontest.XCTrack.widget.d0:l()233] Widget.load(): Cannot find settings mapWidget_showOpenStreet for class org.xcontest.XCTrack.widget.w.WXCAssistant
2025-09-07 01:10:27.097 ERROR [org.xcontest.XCTrack.widget.d0:l()233] Widget.load(): Cannot find settings mapWidget_showTerrain for class org.xcontest.XCTrack.widget.w.WXCAssistant
2025-09-07 01:10:27.100 ERROR [org.xcontest.XCTrack.widget.d0:l()233] Widget.load(): Cannot find settings mapWidget_showOpenStreet for class org.xcontest.XCTrack.widget.w.WCompMap
2025-09-07 01:10:27.100 ERROR [org.xcontest.XCTrack.widget.d0:l()233] Widget.load(): Cannot find settings mapWidget_showTerrain for class org.xcontest.XCTrack.widget.w.WCompMap
2025-09-07 01:10:27.261 ERROR [org.xcontest.XCTrack.widget.d0:l()233] Widget.load(): Cannot find settings mapWidget_showOpenStreet for class org.xcontest.XCTrack.widget.w.WXCAssistant
2025-09-07 01:10:27.261 ERROR [org.xcontest.XCTrack.widget.d0:l()233] Widget.load(): Cannot find settings mapWidget_showTerrain for class org.xcontest.XCTrack.widget.w.WXCAssistant
2025-09-07 01:10:27.264 ERROR [org.xcontest.XCTrack.widget.d0:l()233] Widget.load(): Cannot find settings mapWidget_showOpenStreet for class org.xcontest.XCTrack.widget.w.WCompMap
2025-09-07 01:10:27.264 ERROR [org.xcontest.XCTrack.widget.d0:l()233] Widget.load(): Cannot find settings mapWidget_showTerrain for class org.xcontest.XCTrack.widget.w.WCompMap
2025-09-07 01:12:24.099 ERROR [org.xcontest.XCTrack.widget.d0:l()233] Widget.load(): Cannot find settings mapWidget_showOpenStreet for class org.xcontest.XCTrack.widget.w.WXCAssistant
2025-09-07 01:12:24.100 ERROR [org.xcontest.XCTrack.widget.d0:l()233] Widget.load(): Cannot find settings mapWidget_showTerrain for class org.xcontest.XCTrack.widget.w.WXCAssistant
2025-09-07 01:12:24.102 ERROR [org.xcontest.XCTrack.widget.d0:l()233] Widget.load(): Cannot find settings mapWidget_showOpenStreet for class org.xcontest.XCTrack.widget.w.WCompMap
2025-09-07 01:12:24.102 ERROR [org.xcontest.XCTrack.widget.d0:l()233] Widget.load(): Cannot find settings mapWidget_showTerrain for class org.xcontest.XCTrack.widget.w.WCompMap
2025-09-07 01:14:04.865 ERROR [BluetoothWorker] Bluetooth error while reading
	EXCEPTION: java.io.IOException: bt socket closed, read return: -1
java.io.IOException: bt socket closed, read return: -1
	at android.bluetooth.BluetoothSocket.read(BluetoothSocket.java:677)
	at android.bluetooth.BluetoothInputStream.read(BluetoothInputStream.java:91)
	at sun.nio.cs.StreamDecoder.readBytes(StreamDecoder.java:291)
	at sun.nio.cs.StreamDecoder.implRead(StreamDecoder.java:355)
	at sun.nio.cs.StreamDecoder.read(StreamDecoder.java:181)
	at java.io.InputStreamReader.read(InputStreamReader.java:177)
	at java.io.BufferedReader.fill(BufferedReader.java:172)
	at java.io.BufferedReader.readLine(BufferedReader.java:337)
	at java.io.BufferedReader.readLine(BufferedReader.java:403)
	at org.xcontest.XCTrack.sensors.r.run(SourceFile:42)
	at java.lang.Thread.run(Thread.java:1119)
2025-09-07 01:14:10.827 ERROR [addGpsLocation] Discarding point, time offset too different, got: -62170156800000, expected: 1757207651294, diff -63927364451294
2025-09-07 01:14:11.052 ERROR [addGpsLocation] Discarding point, time offset too different, got: -62170156800000, expected: 1757207651519, diff -63927364451519
2025-09-07 01:14:11.286 ERROR [addGpsLocation] Discarding point, time offset too different, got: -62170156800000, expected: 1757207651753, diff -63927364451753
2025-09-07 01:14:11.445 ERROR [addGpsLocation] Discarding point, time offset too different, got: -62170156800000, expected: 1757207651909, diff -63927364451909
2025-09-07 01:14:11.662 ERROR [addGpsLocation] Discarding point, time offset too different, got: -62170156800000, expected: 1757207652128, diff -63927364452128
2025-09-07 01:14:11.937 ERROR [addGpsLocation] Discarding point, time offset too different, got: -62170156800000, expected: 1757207652403, diff -63927364452403
2025-09-07 01:14:12.088 ERROR [addGpsLocation] Discarding point, time offset too different, got: -62170156800000, expected: 1757207652555, diff -63927364452555
2025-09-07 01:14:12.316 ERROR [addGpsLocation] Discarding point, time offset too different, got: -62170156800000, expected: 1757207652782, diff -63927364452782
2025-09-07 01:14:12.471 ERROR [addGpsLocation] Discarding point, time offset too different, got: -62170156800000, expected: 1757207652937, diff -63927364452937
2025-09-07 01:14:12.674 ERROR [addGpsLocation] Discarding point, time offset too different, got: -62170156800000, expected: 1757207653140, diff -63927364453140
2025-09-07 01:14:12.895 ERROR [addGpsLocation] Discarding point, time offset too different, got: -62170156800000, expected: 1757207653362, diff -63927364453362
2025-09-07 01:14:13.074 ERROR [addGpsLocation] Discarding point, time offset too different, got: -62170156800000, expected: 1757207653540, diff -63927364453540
2025-09-07 01:14:13.291 ERROR [addGpsLocation] Discarding point, time offset too different, got: -62170156800000, expected: 1757207653758, diff -63927364453758
2025-09-07 01:14:13.543 ERROR [addGpsLocation] Discarding point, time offset too different, got: -62170156800000, expected: 1757207654010, diff -63927364454010
2025-09-07 01:14:13.707 ERROR [addGpsLocation] Discarding point, time offset too different, got: -62170156800000, expected: 1757207654174, diff -63927364454174
2025-09-07 01:14:13.943 ERROR [addGpsLocation] Discarding point, time offset too different, got: -62170156800000, expected: 1757207654410, diff -63927364454410
2025-09-07 01:14:14.104 ERROR [addGpsLocation] Discarding point, time offset too different, got: -62170156800000, expected: 1757207654570, diff -63927364454570
2025-09-07 01:14:14.324 ERROR [addGpsLocation] Discarding point, time offset too different, got: -62170156800000, expected: 1757207654790, diff -63927364454790
2025-09-07 01:14:14.558 ERROR [addGpsLocation] Discarding point, time offset too different, got: -62170156800000, expected: 1757207655025, diff -63927364455025
2025-09-07 01:14:14.693 ERROR [addGpsLocation] Discarding point, time offset too different, got: -62170156800000, expected: 1757207655160, diff -63927364455160
2025-09-07 01:14:14.978 ERROR [addGpsLocation] Discarding point, time offset too different, got: -62170156800000, expected: 1757207655445, diff -63927364455445
2025-09-07 01:14:15.149 ERROR [addGpsLocation] Discarding point, time offset too different, got: -62170156800000, expected: 1757207655616, diff -63927364455616
2025-09-07 01:14:15.327 ERROR [addGpsLocation] Discarding point, time offset too different, got: -62170156800000, expected: 1757207655794, diff -63927364455794
2025-09-07 01:14:15.511 ERROR [addGpsLocation] Discarding point, time offset too different, got: -62170156800000, expected: 1757207655978, diff -63927364455978
2025-09-07 01:14:16.123 ERROR [addGpsLocation] Discarding point, time offset too different, got: -62170156800000, expected: 1757207656590, diff -63927364456590
2025-09-07 01:14:16.124 ERROR [addGpsLocation] Discarding point, time offset too different, got: -62170156800000, expected: 1757207656591, diff -63927364456591
2025-09-07 01:14:16.131 ERROR [addGpsLocation] Discarding point, time offset too different, got: -62170156800000, expected: 1757207656598, diff -63927364456598
2025-09-07 01:14:16.357 ERROR [addGpsLocation] Discarding point, time offset too different, got: -62170156800000, expected: 1757207656824, diff -63927364456824
2025-09-07 01:14:16.530 ERROR [addGpsLocation] Discarding point, time offset too different, got: -62170156800000, expected: 1757207656997, diff -63927364456997
2025-09-07 01:14:16.788 ERROR [addGpsLocation] Discarding point, time offset too different, got: -62170156800000, expected: 1757207657255, diff -63927364457255
2025-09-07 01:14:16.937 ERROR [addGpsLocation] Discarding point, time offset too different, got: -62170156800000, expected: 1757207657404, diff -63927364457404
2025-09-07 01:14:17.152 ERROR [addGpsLocation] Discarding point, time offset too different, got: -62170156800000, expected: 1757207657618, diff -63927364457618
2025-09-07 01:14:17.328 ERROR [addGpsLocation] Discarding point, time offset too different, got: -62170156800000, expected: 1757207657795, diff -63927364457795
2025-09-07 01:14:17.549 ERROR [addGpsLocation] Discarding point, time offset too different, got: -62170156800000, expected: 1757207658016, diff -63927364458016
2025-09-07 01:14:17.738 ERROR [addGpsLocation] Discarding point, time offset too different, got: -62170156800000, expected: 1757207658205, diff -63927364458205
2025-09-07 01:14:17.969 ERROR [addGpsLocation] Discarding point, time offset too different, got: -62170156800000, expected: 1757207658435, diff -63927364458435
2025-09-07 01:14:18.200 ERROR [addGpsLocation] Discarding point, time offset too different, got: -62170156800000, expected: 1757207658666, diff -63927364458666
2025-09-07 01:14:18.353 ERROR [addGpsLocation] Discarding point, time offset too different, got: -62170156800000, expected: 1757207658820, diff -63927364458820
2025-09-07 01:14:18.553 ERROR [addGpsLocation] Discarding point, time offset too different, got: -62170156800000, expected: 1757207659020, diff -63927364459020
2025-09-07 01:14:18.804 ERROR [addGpsLocation] Discarding point, time offset too different, got: -62170156800000, expected: 1757207659271, diff -63927364459271
2025-09-07 01:14:19.084 ERROR [addGpsLocation] Discarding point, time offset too different, got: -62170156800000, expected: 1757207659551, diff -63927364459551
2025-09-07 01:14:19.176 ERROR [addGpsLocation] Discarding point, time offset too different, got: -62170156800000, expected: 1757207659643, diff -63927364459643
2025-09-07 01:14:19.409 ERROR [addGpsLocation] Discarding point, time offset too different, got: -62170156800000, expected: 1757207659875, diff -63927364459875
2025-09-07 01:14:19.638 ERROR [addGpsLocation] Discarding point, time offset too different, got: -62170156800000, expected: 1757207660105, diff -63927364460105
2025-09-07 01:14:19.798 ERROR [addGpsLocation] Discarding point, time offset too different, got: -62170156800000, expected: 1757207660265, diff -63927364460265
2025-09-07 01:14:20.025 ERROR [addGpsLocation] Discarding point, time offset too different, got: -62170156800000, expected: 1757207660491, diff -63927364460491
2025-09-07 01:14:20.260 ERROR [addGpsLocation] Discarding point, time offset too different, got: -62170156800000, expected: 1757207660727, diff -63927364460727
2025-09-07 01:14:20.401 ERROR [addGpsLocation] Discarding point, time offset too different, got: -62170156800000, expected: 1757207660868, diff -63927364460868
2025-09-07 01:14:20.703 ERROR [addGpsLocation] Discarding point, time offset too different, got: -62170156800000, expected: 1757207661170, diff -63927364461170
2025-09-07 01:14:20.847 ERROR [addGpsLocation] Discarding point, time offset too different, got: -62170156800000, expected: 1757207661313, diff -63927364461313
2025-09-07 01:14:21.039 ERROR [addGpsLocation] Discarding point, time offset too different, got: -62170156800000, expected: 1757207661506, diff -63927364461506
2025-09-07 01:14:21.565 ERROR [addGpsLocation] Discarding point, time offset too different, got: -62170156800000, expected: 1757207662032, diff -63927364462032
2025-09-07 01:14:21.569 ERROR [addGpsLocation] Discarding point, time offset too different, got: -62170156800000, expected: 1757207662036, diff -63927364462036
2025-09-07 01:14:21.735 ERROR [addGpsLocation] Discarding point, time offset too different, got: -62170156800000, expected: 1757207662201, diff -63927364462201
2025-09-07 01:14:21.825 ERROR [addGpsLocation] Discarding point, time offset too different, got: -62170156800000, expected: 1757207662292, diff -63927364462292
2025-09-07 01:14:22.080 ERROR [addGpsLocation] Discarding point, time offset too different, got: -62170156800000, expected: 1757207662547, diff -63927364462547
2025-09-07 01:14:22.236 ERROR [addGpsLocation] Discarding point, time offset too different, got: -62170156800000, expected: 1757207662703, diff -63927364462703
2025-09-07 01:14:22.459 ERROR [addGpsLocation] Discarding point, time offset too different, got: -62170156800000, expected: 1757207662926, diff -63927364462926
2025-09-07 01:14:22.657 ERROR [addGpsLocation] Discarding point, time offset too different, got: -62170156800000, expected: 1757207663124, diff -63927364463124
2025-09-07 01:14:22.943 ERROR [addGpsLocation] Discarding point, time offset too different, got: -62170156800000, expected: 1757207663410, diff -63927364463410
2025-09-07 01:14:23.098 ERROR [addGpsLocation] Discarding point, time offset too different, got: -62170156800000, expected: 1757207663565, diff -63927364463565
2025-09-07 01:14:23.268 ERROR [addGpsLocation] Discarding point, time offset too different, got: -62170156800000, expected: 1757207663734, diff -63927364463734
2025-09-07 01:14:23.514 ERROR [addGpsLocation] Discarding point, time offset too different, got: -62170156800000, expected: 1757207663981, diff -63927364463981
2025-09-07 01:14:23.660 ERROR [addGpsLocation] Discarding point, time offset too different, got: -62170156800000, expected: 1757207664127, diff -63927364464127
2025-09-07 01:14:23.957 ERROR [addGpsLocation] Discarding point, time offset too different, got: -62170156800000, expected: 1757207664424, diff -63927364464424
2025-09-07 01:14:24.073 ERROR [addGpsLocation] Discarding point, time offset too different, got: -62170156800000, expected: 1757207664539, diff -63927364464539
2025-09-07 01:14:24.290 ERROR [addGpsLocation] Discarding point, time offset too different, got: -62170156800000, expected: 1757207664756, diff -63927364464756
2025-09-07 01:14:24.488 ERROR [addGpsLocation] Discarding point, time offset too different, got: -62170156800000, expected: 1757207664955, diff -63927364464955
2025-09-07 01:14:24.886 ERROR [addGpsLocation] Discarding point, time offset too different, got: -62170156800000, expected: 1757207665353, diff -63927364465353
2025-09-07 01:14:25.108 ERROR [addGpsLocation] Discarding point, time offset too different, got: -62170156800000, expected: 1757207665575, diff -63927364465575
2025-09-07 01:14:25.340 ERROR [addGpsLocation] Discarding point, time offset too different, got: -62170156800000, expected: 1757207665807, diff -63927364465807
2025-09-07 01:14:25.527 ERROR [addGpsLocation] Discarding point, time offset too different, got: -62170156800000, expected: 1757207665993, diff -63927364465993
2025-09-07 01:14:25.799 ERROR [addGpsLocation] Discarding point, time offset too different, got: -62170156800000, expected: 1757207666266, diff -63927364466266
2025-09-07 01:14:25.953 ERROR [addGpsLocation] Discarding point, time offset too different, got: -62170156800000, expected: 1757207666419, diff -63927364466419
2025-09-07 01:14:26.131 ERROR [addGpsLocation] Discarding point, time offset too different, got: -62170156800000, expected: 1757207666598, diff -63927364466598
2025-09-07 01:14:26.350 ERROR [addGpsLocation] Discarding point, time offset too different, got: -62170156800000, expected: 1757207666817, diff -63927364466817
2025-09-07 01:14:26.530 ERROR [addGpsLocation] Discarding point, time offset too different, got: -62170156800000, expected: 1757207666997, diff -63927364466997
2025-09-07 01:14:27.012 ERROR [addGpsLocation] Discarding point, time offset too different, got: -62170156800000, expected: 1757207667479, diff -63927364467479
2025-09-07 01:14:27.015 ERROR [addGpsLocation] Discarding point, time offset too different, got: -62170156800000, expected: 1757207667482, diff -63927364467482
2025-09-07 01:14:27.156 ERROR [addGpsLocation] Discarding point, time offset too different, got: -62170156800000, expected: 1757207667623, diff -63927364467623
2025-09-07 01:14:27.347 ERROR [addGpsLocation] Discarding point, time offset too different, got: -62170156800000, expected: 1757207667814, diff -63927364467814
2025-09-07 01:14:27.630 ERROR [addGpsLocation] Discarding point, time offset too different, got: -62170156800000, expected: 1757207668097, diff -63927364468097
2025-09-07 01:14:27.773 ERROR [addGpsLocation] Discarding point, time offset too different, got: -62170156800000, expected: 1757207668240, diff -63927364468240
2025-09-07 01:14:27.975 ERROR [addGpsLocation] Discarding point, time offset too different, got: -62170156800000, expected: 1757207668441, diff -63927364468441
2025-09-07 01:14:28.152 ERROR [addGpsLocation] Discarding point, time offset too different, got: -62170156800000, expected: 1757207668619, diff -63927364468619
2025-09-07 01:14:28.403 ERROR [addGpsLocation] Discarding point, time offset too different, got: -62170156800000, expected: 1757207668870, diff -63927364468870
2025-09-07 01:14:28.622 ERROR [addGpsLocation] Discarding point, time offset too different, got: -62170156800000, expected: 1757207669089, diff -63927364469089
2025-09-07 01:14:28.778 ERROR [addGpsLocation] Discarding point, time offset too different, got: -62170156800000, expected: 1757207669245, diff -63927364469245
2025-09-07 01:14:28.989 ERROR [addGpsLocation] Discarding point, time offset too different, got: -62170156800000, expected: 1757207669456, diff -63927364469456
2025-09-07 01:14:29.273 ERROR [addGpsLocation] Discarding point, time offset too different, got: -62170156800000, expected: 1757207669740, diff -63927364469740
2025-09-07 01:14:29.428 ERROR [addGpsLocation] Discarding point, time offset too different, got: -62170156800000, expected: 1757207669895, diff -63927364469895
2025-09-07 01:14:29.598 ERROR [addGpsLocation] Discarding point, time offset too different, got: -62170156800000, expected: 1757207670064, diff -63927364470064
2025-09-07 01:14:29.799 ERROR [addGpsLocation] Discarding point, time offset too different, got: -62170156800000, expected: 1757207670266, diff -63927364470266
2025-09-07 01:14:30.014 ERROR [addGpsLocation] Discarding point, time offset too different, got: -62170156800000, expected: 1757207670481, diff -63927364470481
2025-09-07 01:14:30.299 ERROR [addGpsLocation] Discarding point, time offset too different, got: -62170156800000, expected: 1757207670766, diff -63927364470766
2025-09-07 01:14:30.410 ERROR [addGpsLocation] Discarding point, time offset too different, got: -62170156800000, expected: 1757207670877, diff -63927364470877
2025-09-07 01:14:30.667 ERROR [addGpsLocation] Discarding point, time offset too different, got: -62170156800000, expected: 1757207671134, diff -63927364471134
2025-09-07 01:14:30.834 ERROR [addGpsLocation] Discarding point, time offset too different, got: -62170156800000, expected: 1757207671300, diff -63927364471300
2025-09-07 01:14:31.067 ERROR [addGpsLocation] Discarding point, time offset too different, got: -62170156800000, expected: 1757207671533, diff -63927364471533
2025-09-07 01:14:31.290 ERROR [addGpsLocation] Discarding point, time offset too different, got: -62170156800000, expected: 1757207671757, diff -63927364471757
2025-09-07 01:14:31.441 ERROR [addGpsLocation] Discarding point, time offset too different, got: -62170156800000, expected: 1757207671908, diff -63927364471908
2025-09-07 01:14:31.653 ERROR [addGpsLocation] Discarding point, time offset too different, got: -62170156800000, expected: 1757207672119, diff -63927364472119
2025-09-07 01:14:31.937 ERROR [addGpsLocation] Discarding point, time offset too different, got: -62170156800000, expected: 1757207672404, diff -63927364472404
2025-09-07 01:14:32.455 ERROR [addGpsLocation] Discarding point, time offset too different, got: -62170156800000, expected: 1757207672922, diff -63927364472922
2025-09-07 01:14:32.460 ERROR [addGpsLocation] Discarding point, time offset too different, got: -62170156800000, expected: 1757207672927, diff -63927364472927
2025-09-07 01:14:32.465 ERROR [addGpsLocation] Discarding point, time offset too different, got: -62170156800000, expected: 1757207672932, diff -63927364472932
2025-09-07 01:14:32.692 ERROR [addGpsLocation] Discarding point, time offset too different, got: -62170156800000, expected: 1757207673159, diff -63927364473159
2025-09-07 01:14:32.922 ERROR [addGpsLocation] Discarding point, time offset too different, got: -62170156800000, expected: 1757207673389, diff -63927364473389
2025-09-07 01:14:33.113 ERROR [addGpsLocation] Discarding point, time offset too different, got: -62170156800000, expected: 1757207673580, diff -63927364473580
2025-09-07 01:14:33.342 ERROR [addGpsLocation] Discarding point, time offset too different, got: -62170156800000, expected: 1757207673809, diff -63927364473809
2025-09-07 01:14:33.509 ERROR [addGpsLocation] Discarding point, time offset too different, got: -62170156800000, expected: 1757207673976, diff -63927364473976
2025-09-07 01:14:33.706 ERROR [addGpsLocation] Discarding point, time offset too different, got: -62170156800000, expected: 1757207674173, diff -63927364474173
2025-09-07 01:14:33.907 ERROR [addGpsLocation] Discarding point, time offset too different, got: -62170156800000, expected: 1757207674374, diff -63927364474374
2025-09-07 01:14:34.126 ERROR [addGpsLocation] Discarding point, time offset too different, got: -62170156800000, expected: 1757207674593, diff -63927364474593
2025-09-07 01:14:34.377 ERROR [addGpsLocation] Discarding point, time offset too different, got: -62170156800000, expected: 1757207674844, diff -63927364474844
2025-09-07 01:14:34.556 ERROR [addGpsLocation] Discarding point, time offset too different, got: -62170156800000, expected: 1757207675023, diff -63927364475023
2025-09-07 01:14:34.738 ERROR [addGpsLocation] Discarding point, time offset too different, got: -62170156800000, expected: 1757207675205, diff -63927364475205
2025-09-07 01:14:34.939 ERROR [addGpsLocation] Discarding point, time offset too different, got: -62170156800000, expected: 1757207675406, diff -63927364475406
2025-09-07 01:14:35.157 ERROR [addGpsLocation] Discarding point, time offset too different, got: -62170156800000, expected: 1757207675624, diff -63927364475624
2025-09-07 01:14:35.393 ERROR [addGpsLocation] Discarding point, time offset too different, got: -62170156800000, expected: 1757207675860, diff -63927364475860
2025-09-07 01:14:35.520 ERROR [addGpsLocation] Discarding point, time offset too different, got: -62170156800000, expected: 1757207675987, diff -63927364475987
2025-09-07 01:14:35.829 ERROR [addGpsLocation] Discarding point, time offset too different, got: -62170156800000, expected: 1757207676295, diff -63927364476295
2025-09-07 01:14:35.943 ERROR [addGpsLocation] Discarding point, time offset too different, got: -62170156800000, expected: 1757207676410, diff -63927364476410
2025-09-07 01:14:36.130 ERROR [addGpsLocation] Discarding point, time offset too different, got: -62170156800000, expected: 1757207676597, diff -63927364476597
2025-09-07 01:14:36.358 ERROR [addGpsLocation] Discarding point, time offset too different, got: -62170156800000, expected: 1757207676825, diff -63927364476825
2025-09-07 01:14:36.561 ERROR [addGpsLocation] Discarding point, time offset too different, got: -62170156800000, expected: 1757207677027, diff -63927364477027
2025-09-07 01:14:36.742 ERROR [addGpsLocation] Discarding point, time offset too different, got: -62170156800000, expected: 1757207677209, diff -63927364477209
2025-09-07 01:14:36.998 ERROR [addGpsLocation] Discarding point, time offset too different, got: -62170156800000, expected: 1757207677465, diff -63927364477465
2025-09-07 01:14:37.175 ERROR [addGpsLocation] Discarding point, time offset too different, got: -62170156800000, expected: 1757207677641, diff -63927364477641
2025-09-07 01:14:37.388 ERROR [addGpsLocation] Discarding point, time offset too different, got: -62170156800000, expected: 1757207677855, diff -63927364477855
2025-09-07 01:14:37.902 ERROR [addGpsLocation] Discarding point, time offset too different, got: -62170156800000, expected: 1757207678369, diff -63927364478369
2025-09-07 01:14:37.907 ERROR [addGpsLocation] Discarding point, time offset too different, got: -62170156800000, expected: 1757207678374, diff -63927364478374
2025-09-07 01:14:37.991 ERROR [addGpsLocation] Discarding point, time offset too different, got: -62170156800000, expected: 1757207678458, diff -63927364478458
2025-09-07 01:14:38.214 ERROR [addGpsLocation] Discarding point, time offset too different, got: -62170156800000, expected: 1757207678681, diff -63927364478681
2025-09-07 01:14:38.399 ERROR [addGpsLocation] Discarding point, time offset too different, got: -62170156800000, expected: 1757207678866, diff -63927364478866
2025-09-07 01:14:38.686 ERROR [addGpsLocation] Discarding point, time offset too different, got: -62170156800000, expected: 1757207679153, diff -63927364479153
2025-09-07 01:14:38.799 ERROR [addGpsLocation] Discarding point, time offset too different, got: -62170156800000, expected: 1757207679266, diff -63927364479266
2025-09-07 01:14:39.060 ERROR [addGpsLocation] Discarding point, time offset too different, got: -62170156800000, expected: 1757207679526, diff -63927364479526
2025-09-07 01:14:39.267 ERROR [addGpsLocation] Discarding point, time offset too different, got: -62170156800000, expected: 1757207679734, diff -63927364479734
2025-09-07 01:14:39.422 ERROR [addGpsLocation] Discarding point, time offset too different, got: -62170156800000, expected: 1757207679889, diff -63927364479889
2025-09-07 01:14:39.631 ERROR [addGpsLocation] Discarding point, time offset too different, got: -62170156800000, expected: 1757207680098, diff -63927364480098
2025-09-07 01:14:39.811 ERROR [addGpsLocation] Discarding point, time offset too different, got: -62170156800000, expected: 1757207680277, diff -63927364480277
2025-09-07 01:14:40.122 ERROR [addGpsLocation] Discarding point, time offset too different, got: -62170156800000, expected: 1757207680589, diff -63927364480589
2025-09-07 01:14:40.235 ERROR [addGpsLocation] Discarding point, time offset too different, got: -62170156800000, expected: 1757207680702, diff -63927364480702
2025-09-07 01:14:40.517 ERROR [addGpsLocation] Discarding point, time offset too different, got: -62170156800000, expected: 1757207680984, diff -63927364480984
2025-09-07 01:14:40.649 ERROR [addGpsLocation] Discarding point, time offset too different, got: -62170156800000, expected: 1757207681116, diff -63927364481116
2025-09-07 01:14:40.848 ERROR [addGpsLocation] Discarding point, time offset too different, got: -62170156800000, expected: 1757207681315, diff -63927364481315
2025-09-07 01:14:41.040 ERROR [addGpsLocation] Discarding point, time offset too different, got: -62170156800000, expected: 1757207681507, diff -63927364481507
2025-09-07 01:14:41.263 ERROR [addGpsLocation] Discarding point, time offset too different, got: -62170156800000, expected: 1757207681730, diff -63927364481730
2025-09-07 01:14:41.439 ERROR [addGpsLocation] Discarding point, time offset too different, got: -62170156800000, expected: 1757207681906, diff -63927364481906
2025-09-07 01:14:41.665 ERROR [addGpsLocation] Discarding point, time offset too different, got: -62170156800000, expected: 1757207682132, diff -63927364482132
2025-09-07 01:14:41.853 ERROR [addGpsLocation] Discarding point, time offset too different, got: -62170156800000, expected: 1757207682319, diff -63927364482319
2025-09-07 01:14:42.083 ERROR [addGpsLocation] Discarding point, time offset too different, got: -62170156800000, expected: 1757207682550, diff -63927364482550
2025-09-07 01:14:42.311 ERROR [addGpsLocation] Discarding point, time offset too different, got: -62170156800000, expected: 1757207682778, diff -63927364482778
2025-09-07 01:14:42.467 ERROR [addGpsLocation] Discarding point, time offset too different, got: -62170156800000, expected: 1757207682933, diff -63927364482933
2025-09-07 01:14:42.662 ERROR [addGpsLocation] Discarding point, time offset too different, got: -62170156800000, expected: 1757207683128, diff -63927364483128
2025-09-07 01:14:42.896 ERROR [addGpsLocation] Discarding point, time offset too different, got: -62170156800000, expected: 1757207683363, diff -63927364483363
2025-09-07 01:14:43.349 ERROR [addGpsLocation] Discarding point, time offset too different, got: -62170156800000, expected: 1757207683816, diff -63927364483816
2025-09-07 01:14:43.354 ERROR [addGpsLocation] Discarding point, time offset too different, got: -62170156800000, expected: 1757207683820, diff -63927364483820
2025-09-07 01:14:43.491 ERROR [addGpsLocation] Discarding point, time offset too different, got: -62170156800000, expected: 1757207683958, diff -63927364483958
2025-09-07 01:14:43.782 ERROR [addGpsLocation] Discarding point, time offset too different, got: -62170156800000, expected: 1757207684249, diff -63927364484249
2025-09-07 01:14:43.873 ERROR [addGpsLocation] Discarding point, time offset too different, got: -62170156800000, expected: 1757207684340, diff -63927364484340
2025-09-07 01:14:44.147 ERROR [addGpsLocation] Discarding point, time offset too different, got: -62170156800000, expected: 1757207684613, diff -63927364484613
2025-09-07 01:14:44.289 ERROR [addGpsLocation] Discarding point, time offset too different, got: -62170156800000, expected: 1757207684756, diff -63927364484756
2025-09-07 01:14:44.491 ERROR [addGpsLocation] Discarding point, time offset too different, got: -62170156800000, expected: 1757207684958, diff -63927364484958
2025-09-07 01:14:44.753 ERROR [addGpsLocation] Discarding point, time offset too different, got: -62170156800000, expected: 1757207685220, diff -63927364485220
2025-09-07 01:14:44.884 ERROR [addGpsLocation] Discarding point, time offset too different, got: -62170156800000, expected: 1757207685350, diff -63927364485350
2025-09-07 01:14:45.147 ERROR [addGpsLocation] Discarding point, time offset too different, got: -62170156800000, expected: 1757207685613, diff -63927364485613
2025-09-07 01:14:45.284 ERROR [addGpsLocation] Discarding point, time offset too different, got: -62170156800000, expected: 1757207685751, diff -63927364485751
2025-09-07 01:14:45.499 ERROR [addGpsLocation] Discarding point, time offset too different, got: -62170156800000, expected: 1757207685966, diff -63927364485966
2025-09-07 01:14:45.758 ERROR [addGpsLocation] Discarding point, time offset too different, got: -62170156800000, expected: 1757207686225, diff -63927364486225
2025-09-07 01:14:45.908 ERROR [addGpsLocation] Discarding point, time offset too different, got: -62170156800000, expected: 1757207686375, diff -63927364486375
2025-09-07 01:14:46.120 ERROR [addGpsLocation] Discarding point, time offset too different, got: -62170156800000, expected: 1757207686586, diff -63927364486586
2025-09-07 01:14:46.297 ERROR [addGpsLocation] Discarding point, time offset too different, got: -62170156800000, expected: 1757207686764, diff -63927364486764
2025-09-07 01:14:46.517 ERROR [addGpsLocation] Discarding point, time offset too different, got: -62170156800000, expected: 1757207686984, diff -63927364486984
2025-09-07 01:14:46.810 ERROR [addGpsLocation] Discarding point, time offset too different, got: -62170156800000, expected: 1757207687276, diff -63927364487276
2025-09-07 01:14:46.993 ERROR [addGpsLocation] Discarding point, time offset too different, got: -62170156800000, expected: 1757207687460, diff -63927364487460
2025-09-07 01:14:47.107 ERROR [addGpsLocation] Discarding point, time offset too different, got: -62170156800000, expected: 1757207687574, diff -63927364487574
2025-09-07 01:14:47.348 ERROR [addGpsLocation] Discarding point, time offset too different, got: -62170156800000, expected: 1757207687815, diff -63927364487815
2025-09-07 01:14:47.548 ERROR [addGpsLocation] Discarding point, time offset too different, got: -62170156800000, expected: 1757207688015, diff -63927364488015
2025-09-07 01:19:40.063 ERROR [addGpsLocation] Discarding point, time offset too different, got: 2256254380000, expected: 1757207979631, diff 499046400369
2025-09-07 01:19:40.079 ERROR [addGpsLocation] Discarding point, time offset too different, got: 2256254380000, expected: 1757207979647, diff 499046400353
2025-09-07 01:19:40.188 ERROR [addGpsLocation] Discarding point, time offset too different, got: 2256254380000, expected: 1757207979757, diff 499046400243
2025-09-07 01:19:40.387 ERROR [addGpsLocation] Discarding point, time offset too different, got: 2256254380000, expected: 1757207979956, diff 499046400044
2025-09-07 01:19:40.600 ERROR [addGpsLocation] Discarding point, time offset too different, got: 2256254380000, expected: 1757207980168, diff 499046399832
2025-09-07 01:19:40.808 ERROR [addGpsLocation] Discarding point, time offset too different, got: 2256254380000, expected: 1757207980376, diff 499046399624
2025-09-07 01:19:41.006 ERROR [addGpsLocation] Discarding point, time offset too different, got: 2256254380000, expected: 1757207980574, diff 499046399426
2025-09-07 01:19:41.208 ERROR [addGpsLocation] Discarding point, time offset too different, got: 2256254380000, expected: 1757207980777, diff 499046399223
2025-09-07 01:19:41.391 ERROR [addGpsLocation] Discarding point, time offset too different, got: 2256254380000, expected: 1757207980960, diff 499046399040
2025-09-07 01:19:41.604 ERROR [addGpsLocation] Discarding point, time offset too different, got: 2256254380000, expected: 1757207981173, diff 499046398827
2025-09-07 01:19:41.821 ERROR [addGpsLocation] Discarding point, time offset too different, got: 2256254380000, expected: 1757207981389, diff 499046398611
2025-09-07 01:19:42.003 ERROR [addGpsLocation] Discarding point, time offset too different, got: 2256254380000, expected: 1757207981572, diff 499046398428
2025-09-07 01:19:42.205 ERROR [addGpsLocation] Discarding point, time offset too different, got: 2256254380000, expected: 1757207981774, diff 499046398226
2025-09-07 01:19:42.412 ERROR [addGpsLocation] Discarding point, time offset too different, got: 2256254380000, expected: 1757207981981, diff 499046398019
2025-09-07 01:19:42.626 ERROR [addGpsLocation] Discarding point, time offset too different, got: 2256254380000, expected: 1757207982195, diff 499046397805
2025-09-07 01:19:42.824 ERROR [addGpsLocation] Discarding point, time offset too different, got: 2256254380000, expected: 1757207982393, diff 499046397607
2025-09-07 01:19:43.047 ERROR [addGpsLocation] Discarding point, time offset too different, got: 2256254380000, expected: 1757207982615, diff 499046397385
2025-09-07 01:19:43.219 ERROR [addGpsLocation] Discarding point, time offset too different, got: 2256254380000, expected: 1757207982788, diff 499046397212
2025-09-07 01:19:43.425 ERROR [addGpsLocation] Discarding point, time offset too different, got: 2256254380000, expected: 1757207982994, diff 499046397006
2025-09-07 01:19:43.658 ERROR [addGpsLocation] Discarding point, time offset too different, got: 2256254380000, expected: 1757207983227, diff 499046396773
2025-09-07 01:19:43.869 ERROR [addGpsLocation] Discarding point, time offset too different, got: 2256254380000, expected: 1757207983438, diff 499046396562
2025-09-07 01:19:44.068 ERROR [addGpsLocation] Discarding point, time offset too different, got: 2256254380000, expected: 1757207983637, diff 499046396363
2025-09-07 01:19:44.250 ERROR [addGpsLocation] Discarding point, time offset too different, got: 2256254380000, expected: 1757207983819, diff 499046396181
2025-09-07 01:19:44.463 ERROR [addGpsLocation] Discarding point, time offset too different, got: 2256254380000, expected: 1757207984032, diff 499046395968
2025-09-07 01:19:44.673 ERROR [addGpsLocation] Discarding point, time offset too different, got: 2256254380000, expected: 1757207984242, diff 499046395758
2025-09-07 01:19:44.881 ERROR [addGpsLocation] Discarding point, time offset too different, got: 2256254380000, expected: 1757207984450, diff 499046395550
2025-09-07 01:19:45.069 ERROR [addGpsLocation] Discarding point, time offset too different, got: 2256254380000, expected: 1757207984638, diff 499046395362
2025-09-07 01:19:45.506 ERROR [addGpsLocation] Discarding point, time offset too different, got: 2256254380000, expected: 1757207985075, diff 499046394925
2025-09-07 01:19:45.509 ERROR [addGpsLocation] Discarding point, time offset too different, got: 2256254380000, expected: 1757207985078, diff 499046394922
2025-09-07 01:19:45.728 ERROR [addGpsLocation] Discarding point, time offset too different, got: 2256254380000, expected: 1757207985296, diff 499046394704
2025-09-07 01:19:45.893 ERROR [addGpsLocation] Discarding point, time offset too different, got: 2256254380000, expected: 1757207985462, diff 499046394538
2025-09-07 01:19:46.088 ERROR [addGpsLocation] Discarding point, time offset too different, got: 2256254380000, expected: 1757207985657, diff 499046394343
2025-09-07 01:19:46.309 ERROR [addGpsLocation] Discarding point, time offset too different, got: 2256254380000, expected: 1757207985878, diff 499046394122
2025-09-07 01:19:46.497 ERROR [addGpsLocation] Discarding point, time offset too different, got: 2256254380000, expected: 1757207986065, diff 499046393935
2025-09-07 01:19:46.709 ERROR [addGpsLocation] Discarding point, time offset too different, got: 2256254380000, expected: 1757207986278, diff 499046393722
2025-09-07 01:19:46.941 ERROR [addGpsLocation] Discarding point, time offset too different, got: 2256254380000, expected: 1757207986510, diff 499046393490
2025-09-07 01:19:47.108 ERROR [addGpsLocation] Discarding point, time offset too different, got: 2256254380000, expected: 1757207986677, diff 499046393323
2025-09-07 01:19:47.369 ERROR [addGpsLocation] Discarding point, time offset too different, got: 2256254380000, expected: 1757207986938, diff 499046393062
2025-09-07 01:19:47.540 ERROR [addGpsLocation] Discarding point, time offset too different, got: 2256254380000, expected: 1757207987109, diff 499046392891
2025-09-07 01:19:47.726 ERROR [addGpsLocation] Discarding point, time offset too different, got: 2256254380000, expected: 1757207987294, diff 499046392706
2025-09-07 01:19:47.941 ERROR [addGpsLocation] Discarding point, time offset too different, got: 2256254380000, expected: 1757207987510, diff 499046392490
2025-09-07 01:19:48.167 ERROR [addGpsLocation] Discarding point, time offset too different, got: 2256254380000, expected: 1757207987736, diff 499046392264
2025-09-07 01:19:48.372 ERROR [addGpsLocation] Discarding point, time offset too different, got: 2256254380000, expected: 1757207987941, diff 499046392059
2025-09-07 01:19:48.569 ERROR [addGpsLocation] Discarding point, time offset too different, got: 2256254380000, expected: 1757207988138, diff 499046391862
2025-09-07 01:19:48.779 ERROR [addGpsLocation] Discarding point, time offset too different, got: 2256254380000, expected: 1757207988348, diff 499046391652
2025-09-07 01:19:48.993 ERROR [addGpsLocation] Discarding point, time offset too different, got: 2256254380000, expected: 1757207988562, diff 499046391438
2025-09-07 01:19:49.186 ERROR [addGpsLocation] Discarding point, time offset too different, got: 2256254380000, expected: 1757207988755, diff 499046391245
2025-09-07 01:19:49.396 ERROR [addGpsLocation] Discarding point, time offset too different, got: 2256254380000, expected: 1757207988965, diff 499046391035
2025-09-07 01:19:49.598 ERROR [addGpsLocation] Discarding point, time offset too different, got: 2256254380000, expected: 1757207989167, diff 499046390833
2025-09-07 01:19:49.789 ERROR [addGpsLocation] Discarding point, time offset too different, got: 2256254380000, expected: 1757207989358, diff 499046390642
2025-09-07 01:19:50.025 ERROR [addGpsLocation] Discarding point, time offset too different, got: 2256254380000, expected: 1757207989594, diff 499046390406
2025-09-07 01:19:50.211 ERROR [addGpsLocation] Discarding point, time offset too different, got: 2256254380000, expected: 1757207989780, diff 499046390220
2025-09-07 01:19:50.415 ERROR [addGpsLocation] Discarding point, time offset too different, got: 2256254380000, expected: 1757207989984, diff 499046390016
2025-09-07 01:19:50.951 ERROR [addGpsLocation] Discarding point, time offset too different, got: 2256254380000, expected: 1757207990520, diff 499046389480
2025-09-07 01:19:50.953 ERROR [addGpsLocation] Discarding point, time offset too different, got: 2256254380000, expected: 1757207990522, diff 499046389478
2025-09-07 01:19:51.014 ERROR [addGpsLocation] Discarding point, time offset too different, got: 2256254380000, expected: 1757207990582, diff 499046389418
2025-09-07 01:19:51.230 ERROR [addGpsLocation] Discarding point, time offset too different, got: 2256254380000, expected: 1757207990799, diff 499046389201
2025-09-07 01:19:51.421 ERROR [addGpsLocation] Discarding point, time offset too different, got: 2256254380000, expected: 1757207990990, diff 499046389010
2025-09-07 01:19:51.624 ERROR [addGpsLocation] Discarding point, time offset too different, got: 2256254380000, expected: 1757207991192, diff 499046388808
2025-09-07 01:19:51.810 ERROR [addGpsLocation] Discarding point, time offset too different, got: 2256254380000, expected: 1757207991379, diff 499046388621
2025-09-07 01:19:52.030 ERROR [addGpsLocation] Discarding point, time offset too different, got: 2256254380000, expected: 1757207991599, diff 499046388401
2025-09-07 01:19:52.237 ERROR [addGpsLocation] Discarding point, time offset too different, got: 2256254380000, expected: 1757207991806, diff 499046388194
2025-09-07 01:19:52.436 ERROR [addGpsLocation] Discarding point, time offset too different, got: 2256254380000, expected: 1757207992005, diff 499046387995
2025-09-07 01:19:52.637 ERROR [addGpsLocation] Discarding point, time offset too different, got: 2256254380000, expected: 1757207992206, diff 499046387794
2025-09-07 01:19:52.835 ERROR [addGpsLocation] Discarding point, time offset too different, got: 2256254380000, expected: 1757207992404, diff 499046387596
2025-09-07 01:19:53.043 ERROR [addGpsLocation] Discarding point, time offset too different, got: 2256254380000, expected: 1757207992612, diff 499046387388
2025-09-07 01:19:53.259 ERROR [addGpsLocation] Discarding point, time offset too different, got: 2256254380000, expected: 1757207992828, diff 499046387172
2025-09-07 01:19:53.448 ERROR [addGpsLocation] Discarding point, time offset too different, got: 2256254380000, expected: 1757207993017, diff 499046386983
2025-09-07 01:19:53.661 ERROR [addGpsLocation] Discarding point, time offset too different, got: 2256254380000, expected: 1757207993229, diff 499046386771
2025-09-07 01:19:53.866 ERROR [addGpsLocation] Discarding point, time offset too different, got: 2256254380000, expected: 1757207993435, diff 499046386565
2025-09-07 01:19:54.065 ERROR [addGpsLocation] Discarding point, time offset too different, got: 2256254380000, expected: 1757207993634, diff 499046386366
2025-09-07 01:19:54.267 ERROR [addGpsLocation] Discarding point, time offset too different, got: 2256254380000, expected: 1757207993835, diff 499046386165
2025-09-07 01:19:54.488 ERROR [addGpsLocation] Discarding point, time offset too different, got: 2256254380000, expected: 1757207994057, diff 499046385943
2025-09-07 01:19:54.716 ERROR [addGpsLocation] Discarding point, time offset too different, got: 2256254380000, expected: 1757207994285, diff 499046385715
2025-09-07 01:19:54.881 ERROR [addGpsLocation] Discarding point, time offset too different, got: 2256254380000, expected: 1757207994450, diff 499046385550
2025-09-07 01:19:55.085 ERROR [addGpsLocation] Discarding point, time offset too different, got: 2256254380000, expected: 1757207994654, diff 499046385346
2025-09-07 01:19:55.299 ERROR [addGpsLocation] Discarding point, time offset too different, got: 2256254380000, expected: 1757207994868, diff 499046385132
2025-09-07 01:19:55.504 ERROR [addGpsLocation] Discarding point, time offset too different, got: 2256254380000, expected: 1757207995073, diff 499046384927
2025-09-07 01:19:55.705 ERROR [addGpsLocation] Discarding point, time offset too different, got: 2256254380000, expected: 1757207995274, diff 499046384726
2025-09-07 01:19:55.938 ERROR [addGpsLocation] Discarding point, time offset too different, got: 2256254380000, expected: 1757207995507, diff 499046384493
2025-09-07 01:19:56.396 ERROR [addGpsLocation] Discarding point, time offset too different, got: 2256254380000, expected: 1757207995965, diff 499046384035
2025-09-07 01:19:56.400 ERROR [addGpsLocation] Discarding point, time offset too different, got: 2256254380000, expected: 1757207995969, diff 499046384031
2025-09-07 01:19:56.524 ERROR [addGpsLocation] Discarding point, time offset too different, got: 2256254380000, expected: 1757207996093, diff 499046383907
2025-09-07 01:19:56.717 ERROR [addGpsLocation] Discarding point, time offset too different, got: 2256254380000, expected: 1757207996286, diff 499046383714
2025-09-07 01:19:56.943 ERROR [addGpsLocation] Discarding point, time offset too different, got: 2256254380000, expected: 1757207996511, diff 499046383489
2025-09-07 01:19:57.126 ERROR [addGpsLocation] Discarding point, time offset too different, got: 2256254380000, expected: 1757207996694, diff 499046383306
2025-09-07 01:19:57.340 ERROR [addGpsLocation] Discarding point, time offset too different, got: 2256254380000, expected: 1757207996908, diff 499046383092
2025-09-07 01:19:57.557 ERROR [addGpsLocation] Discarding point, time offset too different, got: 2256254380000, expected: 1757207997126, diff 499046382874
2025-09-07 01:19:57.742 ERROR [addGpsLocation] Discarding point, time offset too different, got: 2256254380000, expected: 1757207997310, diff 499046382690
2025-09-07 01:19:57.959 ERROR [addGpsLocation] Discarding point, time offset too different, got: 2256254380000, expected: 1757207997528, diff 499046382472
2025-09-07 01:19:58.151 ERROR [addGpsLocation] Discarding point, time offset too different, got: 2256254380000, expected: 1757207997720, diff 499046382280
2025-09-07 01:19:58.364 ERROR [addGpsLocation] Discarding point, time offset too different, got: 2256254380000, expected: 1757207997933, diff 499046382067
2025-09-07 01:19:58.556 ERROR [addGpsLocation] Discarding point, time offset too different, got: 2256254380000, expected: 1757207998125, diff 499046381875
2025-09-07 01:19:58.766 ERROR [addGpsLocation] Discarding point, time offset too different, got: 2256254380000, expected: 1757207998335, diff 499046381665
2025-09-07 01:19:58.989 ERROR [addGpsLocation] Discarding point, time offset too different, got: 2256254380000, expected: 1757207998557, diff 499046381443
2025-09-07 01:19:59.184 ERROR [addGpsLocation] Discarding point, time offset too different, got: 2256254380000, expected: 1757207998752, diff 499046381248
2025-09-07 01:19:59.408 ERROR [addGpsLocation] Discarding point, time offset too different, got: 2256254380000, expected: 1757207998977, diff 499046381023
2025-09-07 01:19:59.597 ERROR [addGpsLocation] Discarding point, time offset too different, got: 2256254380000, expected: 1757207999166, diff 499046380834
2025-09-07 01:19:59.779 ERROR [addGpsLocation] Discarding point, time offset too different, got: 2256254380000, expected: 1757207999348, diff 499046380652
2025-09-07 01:20:00.007 ERROR [addGpsLocation] Discarding point, time offset too different, got: 2256254380000, expected: 1757207999576, diff 499046380424
2025-09-07 01:20:00.192 ERROR [addGpsLocation] Discarding point, time offset too different, got: 2256254380000, expected: 1757207999760, diff 499046380240
2025-09-07 01:20:00.397 ERROR [addGpsLocation] Discarding point, time offset too different, got: 2256254380000, expected: 1757207999966, diff 499046380034
2025-09-07 01:20:00.609 ERROR [addGpsLocation] Discarding point, time offset too different, got: 2256254380000, expected: 1757208000178, diff 499046379822
2025-09-07 01:20:00.801 ERROR [addGpsLocation] Discarding point, time offset too different, got: 2256254380000, expected: 1757208000369, diff 499046379631
2025-09-07 01:20:01.012 ERROR [addGpsLocation] Discarding point, time offset too different, got: 2256254380000, expected: 1757208000581, diff 499046379419
2025-09-07 01:20:01.210 ERROR [addGpsLocation] Discarding point, time offset too different, got: 2256254380000, expected: 1757208000778, diff 499046379222
2025-09-07 01:20:01.407 ERROR [addGpsLocation] Discarding point, time offset too different, got: 2256254380000, expected: 1757208000976, diff 499046379024
2025-09-07 01:20:01.841 ERROR [addGpsLocation] Discarding point, time offset too different, got: 2256254380000, expected: 1757208001410, diff 499046378590
2025-09-07 01:20:01.847 ERROR [addGpsLocation] Discarding point, time offset too different, got: 2256254380000, expected: 1757208001416, diff 499046378584
2025-09-07 01:20:02.017 ERROR [addGpsLocation] Discarding point, time offset too different, got: 2256254380000, expected: 1757208001586, diff 499046378414
2025-09-07 01:20:02.238 ERROR [addGpsLocation] Discarding point, time offset too different, got: 2256254380000, expected: 1757208001807, diff 499046378193
2025-09-07 01:20:02.429 ERROR [addGpsLocation] Discarding point, time offset too different, got: 2256254380000, expected: 1757208001998, diff 499046378002
2025-09-07 01:20:02.662 ERROR [addGpsLocation] Discarding point, time offset too different, got: 2256254380000, expected: 1757208002231, diff 499046377769
2025-09-07 01:20:02.848 ERROR [addGpsLocation] Discarding point, time offset too different, got: 2256254380000, expected: 1757208002417, diff 499046377583
2025-09-07 01:20:03.054 ERROR [addGpsLocation] Discarding point, time offset too different, got: 2256254380000, expected: 1757208002623, diff 499046377377
2025-09-07 01:20:03.254 ERROR [addGpsLocation] Discarding point, time offset too different, got: 2256254380000, expected: 1757208002822, diff 499046377178
2025-09-07 01:20:03.472 ERROR [addGpsLocation] Discarding point, time offset too different, got: 2256254380000, expected: 1757208003040, diff 499046376960
2025-09-07 01:20:03.679 ERROR [addGpsLocation] Discarding point, time offset too different, got: 2256254380000, expected: 1757208003248, diff 499046376752
2025-09-07 01:20:03.865 ERROR [addGpsLocation] Discarding point, time offset too different, got: 2256254380000, expected: 1757208003434, diff 499046376566
2025-09-07 01:20:04.068 ERROR [addGpsLocation] Discarding point, time offset too different, got: 2256254380000, expected: 1757208003636, diff 499046376364
2025-09-07 01:20:04.281 ERROR [addGpsLocation] Discarding point, time offset too different, got: 2256254380000, expected: 1757208003850, diff 499046376150
2025-09-07 01:20:04.468 ERROR [addGpsLocation] Discarding point, time offset too different, got: 2256254380000, expected: 1757208004037, diff 499046375963
2025-09-07 01:20:04.681 ERROR [addGpsLocation] Discarding point, time offset too different, got: 2256254380000, expected: 1757208004250, diff 499046375750
2025-09-07 01:20:04.896 ERROR [addGpsLocation] Discarding point, time offset too different, got: 2256254380000, expected: 1757208004465, diff 499046375535
2025-09-07 01:20:05.078 ERROR [addGpsLocation] Discarding point, time offset too different, got: 2256254380000, expected: 1757208004647, diff 499046375353
2025-09-07 01:20:05.278 ERROR [addGpsLocation] Discarding point, time offset too different, got: 2256254380000, expected: 1757208004847, diff 499046375153
2025-09-07 01:20:05.487 ERROR [addGpsLocation] Discarding point, time offset too different, got: 2256254380000, expected: 1757208005056, diff 499046374944
2025-09-07 01:20:05.698 ERROR [addGpsLocation] Discarding point, time offset too different, got: 2256254380000, expected: 1757208005267, diff 499046374733
2025-09-07 01:20:05.935 ERROR [addGpsLocation] Discarding point, time offset too different, got: 2256254380000, expected: 1757208005503, diff 499046374497
2025-09-07 01:20:06.127 ERROR [addGpsLocation] Discarding point, time offset too different, got: 2256254380000, expected: 1757208005696, diff 499046374304
2025-09-07 01:20:06.291 ERROR [addGpsLocation] Discarding point, time offset too different, got: 2256254380000, expected: 1757208005859, diff 499046374141
2025-09-07 01:20:06.539 ERROR [addGpsLocation] Discarding point, time offset too different, got: 2256254380000, expected: 1757208006108, diff 499046373892
2025-09-07 01:20:06.710 ERROR [addGpsLocation] Discarding point, time offset too different, got: 2256254380000, expected: 1757208006279, diff 499046373721
2025-09-07 01:20:07.286 ERROR [addGpsLocation] Discarding point, time offset too different, got: 2256254380000, expected: 1757208006855, diff 499046373145
2025-09-07 01:20:07.290 ERROR [addGpsLocation] Discarding point, time offset too different, got: 2256254380000, expected: 1757208006859, diff 499046373141
2025-09-07 01:20:07.326 ERROR [addGpsLocation] Discarding point, time offset too different, got: 2256254380000, expected: 1757208006895, diff 499046373105
2025-09-07 01:20:07.521 ERROR [addGpsLocation] Discarding point, time offset too different, got: 2256254380000, expected: 1757208007090, diff 499046372910
2025-09-07 01:20:07.710 ERROR [addGpsLocation] Discarding point, time offset too different, got: 2256254380000, expected: 1757208007279, diff 499046372721
2025-09-07 01:20:07.936 ERROR [addGpsLocation] Discarding point, time offset too different, got: 2256254380000, expected: 1757208007505, diff 499046372495
2025-09-07 01:20:08.135 ERROR [addGpsLocation] Discarding point, time offset too different, got: 2256254380000, expected: 1757208007703, diff 499046372297
2025-09-07 01:20:08.339 ERROR [addGpsLocation] Discarding point, time offset too different, got: 2256254380000, expected: 1757208007907, diff 499046372093
2025-09-07 01:20:08.541 ERROR [addGpsLocation] Discarding point, time offset too different, got: 2256254380000, expected: 1757208008109, diff 499046371891
2025-09-07 01:20:08.765 ERROR [addGpsLocation] Discarding point, time offset too different, got: 2256254380000, expected: 1757208008333, diff 499046371667
2025-09-07 01:20:08.965 ERROR [addGpsLocation] Discarding point, time offset too different, got: 2256254380000, expected: 1757208008534, diff 499046371466
2025-09-07 01:20:09.158 ERROR [addGpsLocation] Discarding point, time offset too different, got: 2256254380000, expected: 1757208008727, diff 499046371273
2025-09-07 01:20:09.349 ERROR [addGpsLocation] Discarding point, time offset too different, got: 2256254380000, expected: 1757208008918, diff 499046371082
2025-09-07 01:20:09.589 ERROR [addGpsLocation] Discarding point, time offset too different, got: 2256254380000, expected: 1757208009158, diff 499046370842
2025-09-07 01:20:09.779 ERROR [addGpsLocation] Discarding point, time offset too different, got: 2256254380000, expected: 1757208009348, diff 499046370652
2025-09-07 01:20:09.990 ERROR [addGpsLocation] Discarding point, time offset too different, got: 2256254380000, expected: 1757208009558, diff 499046370442
2025-09-07 01:20:10.182 ERROR [addGpsLocation] Discarding point, time offset too different, got: 2256254380000, expected: 1757208009750, diff 499046370250
2025-09-07 01:20:10.397 ERROR [addGpsLocation] Discarding point, time offset too different, got: 2256254380000, expected: 1757208009965, diff 499046370035
2025-09-07 01:20:10.597 ERROR [addGpsLocation] Discarding point, time offset too different, got: 2256254380000, expected: 1757208010166, diff 499046369834
2025-09-07 01:20:10.799 ERROR [addGpsLocation] Discarding point, time offset too different, got: 2256254380000, expected: 1757208010368, diff 499046369632
2025-09-07 01:20:11.007 ERROR [addGpsLocation] Discarding point, time offset too different, got: 2256254380000, expected: 1757208010576, diff 499046369424
2025-09-07 01:20:11.193 ERROR [addGpsLocation] Discarding point, time offset too different, got: 2256254380000, expected: 1757208010762, diff 499046369238
2025-09-07 01:20:11.398 ERROR [addGpsLocation] Discarding point, time offset too different, got: 2256254380000, expected: 1757208010967, diff 499046369033
2025-09-07 01:20:11.631 ERROR [addGpsLocation] Discarding point, time offset too different, got: 2256254380000, expected: 1757208011200, diff 499046368800
2025-09-07 01:20:11.815 ERROR [addGpsLocation] Discarding point, time offset too different, got: 2256254380000, expected: 1757208011384, diff 499046368616
2025-09-07 01:20:12.015 ERROR [addGpsLocation] Discarding point, time offset too different, got: 2256254380000, expected: 1757208011583, diff 499046368417
2025-09-07 01:20:12.215 ERROR [addGpsLocation] Discarding point, time offset too different, got: 2256254380000, expected: 1757208011784, diff 499046368216
2025-09-07 01:20:12.731 ERROR [addGpsLocation] Discarding point, time offset too different, got: 2256254380000, expected: 1757208012300, diff 499046367700
2025-09-07 01:20:12.736 ERROR [addGpsLocation] Discarding point, time offset too different, got: 2256254380000, expected: 1757208012305, diff 499046367695
2025-09-07 01:20:12.853 ERROR [addGpsLocation] Discarding point, time offset too different, got: 2256254380000, expected: 1757208012422, diff 499046367578
2025-09-07 01:20:13.041 ERROR [addGpsLocation] Discarding point, time offset too different, got: 2256254380000, expected: 1757208012610, diff 499046367390
2025-09-07 01:20:13.261 ERROR [addGpsLocation] Discarding point, time offset too different, got: 2256254380000, expected: 1757208012830, diff 499046367170
2025-09-07 01:20:13.450 ERROR [addGpsLocation] Discarding point, time offset too different, got: 2256254380000, expected: 1757208013018, diff 499046366982
2025-09-07 01:20:13.662 ERROR [addGpsLocation] Discarding point, time offset too different, got: 2256254380000, expected: 1757208013231, diff 499046366769
2025-09-07 01:20:13.868 ERROR [addGpsLocation] Discarding point, time offset too different, got: 2256254380000, expected: 1757208013437, diff 499046366563
2025-09-07 01:20:14.069 ERROR [addGpsLocation] Discarding point, time offset too different, got: 2256254380000, expected: 1757208013638, diff 499046366362
2025-09-07 01:20:14.279 ERROR [addGpsLocation] Discarding point, time offset too different, got: 2256254380000, expected: 1757208013848, diff 499046366152
2025-09-07 01:20:14.473 ERROR [addGpsLocation] Discarding point, time offset too different, got: 2256254380000, expected: 1757208014041, diff 499046365959
2025-09-07 01:20:14.679 ERROR [addGpsLocation] Discarding point, time offset too different, got: 2256254380000, expected: 1757208014247, diff 499046365753
2025-09-07 01:20:14.886 ERROR [addGpsLocation] Discarding point, time offset too different, got: 2256254380000, expected: 1757208014455, diff 499046365545
2025-09-07 01:20:15.082 ERROR [addGpsLocation] Discarding point, time offset too different, got: 2256254380000, expected: 1757208014650, diff 499046365350
2025-09-07 01:20:15.287 ERROR [addGpsLocation] Discarding point, time offset too different, got: 2256254380000, expected: 1757208014856, diff 499046365144
2025-09-07 01:20:15.495 ERROR [addGpsLocation] Discarding point, time offset too different, got: 2256254380000, expected: 1757208015064, diff 499046364936
2025-09-07 01:20:15.705 ERROR [addGpsLocation] Discarding point, time offset too different, got: 2256254380000, expected: 1757208015274, diff 499046364726
2025-09-07 01:20:15.906 ERROR [addGpsLocation] Discarding point, time offset too different, got: 2256254380000, expected: 1757208015475, diff 499046364525
2025-09-07 01:20:16.142 ERROR [addGpsLocation] Discarding point, time offset too different, got: 2256254380000, expected: 1757208015710, diff 499046364290
2025-09-07 01:20:16.305 ERROR [addGpsLocation] Discarding point, time offset too different, got: 2256254380000, expected: 1757208015874, diff 499046364126
2025-09-07 01:20:16.515 ERROR [addGpsLocation] Discarding point, time offset too different, got: 2256254380000, expected: 1757208016084, diff 499046363916
2025-09-07 01:20:16.722 ERROR [addGpsLocation] Discarding point, time offset too different, got: 2256254380000, expected: 1757208016291, diff 499046363709
2025-09-07 01:20:16.912 ERROR [addGpsLocation] Discarding point, time offset too different, got: 2256254380000, expected: 1757208016480, diff 499046363520
2025-09-07 01:20:17.130 ERROR [addGpsLocation] Discarding point, time offset too different, got: 2256254380000, expected: 1757208016698, diff 499046363302
2025-09-07 01:20:17.339 ERROR [addGpsLocation] Discarding point, time offset too different, got: 2256254380000, expected: 1757208016908, diff 499046363092
2025-09-07 01:20:17.526 ERROR [addGpsLocation] Discarding point, time offset too different, got: 2256254380000, expected: 1757208017095, diff 499046362905
2025-09-07 01:20:17.743 ERROR [addGpsLocation] Discarding point, time offset too different, got: 2256254380000, expected: 1757208017312, diff 499046362688
2025-09-07 01:20:18.176 ERROR [addGpsLocation] Discarding point, time offset too different, got: 2256254380000, expected: 1757208017745, diff 499046362255
2025-09-07 01:20:18.178 ERROR [addGpsLocation] Discarding point, time offset too different, got: 2256254380000, expected: 1757208017747, diff 499046362253
2025-09-07 01:20:18.343 ERROR [addGpsLocation] Discarding point, time offset too different, got: 2256254380000, expected: 1757208017911, diff 499046362089
2025-09-07 01:20:18.554 ERROR [addGpsLocation] Discarding point, time offset too different, got: 2256254380000, expected: 1757208018123, diff 499046361877
2025-09-07 01:20:18.758 ERROR [addGpsLocation] Discarding point, time offset too different, got: 2256254380000, expected: 1757208018327, diff 499046361673
2025-09-07 01:20:18.958 ERROR [addGpsLocation] Discarding point, time offset too different, got: 2256254380000, expected: 1757208018527, diff 499046361473
2025-09-07 01:20:19.176 ERROR [addGpsLocation] Discarding point, time offset too different, got: 2256254380000, expected: 1757208018745, diff 499046361255
2025-09-07 01:20:19.363 ERROR [addGpsLocation] Discarding point, time offset too different, got: 2256254380000, expected: 1757208018932, diff 499046361068
2025-09-07 01:20:19.564 ERROR [addGpsLocation] Discarding point, time offset too different, got: 2256254380000, expected: 1757208019133, diff 499046360867
2025-09-07 01:20:19.779 ERROR [addGpsLocation] Discarding point, time offset too different, got: 2256254380000, expected: 1757208019347, diff 499046360653
2025-09-07 01:20:19.988 ERROR [addGpsLocation] Discarding point, time offset too different, got: 2256254380000, expected: 1757208019557, diff 499046360443
2025-09-07 01:20:20.193 ERROR [addGpsLocation] Discarding point, time offset too different, got: 2256254380000, expected: 1757208019762, diff 499046360238
2025-09-07 01:20:20.396 ERROR [addGpsLocation] Discarding point, time offset too different, got: 2256254380000, expected: 1757208019965, diff 499046360035
2025-09-07 01:20:20.585 ERROR [addGpsLocation] Discarding point, time offset too different, got: 2256254380000, expected: 1757208020153, diff 499046359847
2025-09-07 01:20:20.783 ERROR [addGpsLocation] Discarding point, time offset too different, got: 2256254380000, expected: 1757208020352, diff 499046359648
2025-09-07 01:20:20.988 ERROR [addGpsLocation] Discarding point, time offset too different, got: 2256254380000, expected: 1757208020557, diff 499046359443
2025-09-07 01:20:21.200 ERROR [addGpsLocation] Discarding point, time offset too different, got: 2256254380000, expected: 1757208020769, diff 499046359231
2025-09-07 01:20:21.413 ERROR [addGpsLocation] Discarding point, time offset too different, got: 2256254380000, expected: 1757208020982, diff 499046359018
2025-09-07 01:20:21.624 ERROR [addGpsLocation] Discarding point, time offset too different, got: 2256254380000, expected: 1757208021193, diff 499046358807
2025-09-07 01:20:21.803 ERROR [addGpsLocation] Discarding point, time offset too different, got: 2256254380000, expected: 1757208021372, diff 499046358628
2025-09-07 01:20:22.012 ERROR [addGpsLocation] Discarding point, time offset too different, got: 2256254380000, expected: 1757208021581, diff 499046358419
2025-09-07 01:20:22.211 ERROR [addGpsLocation] Discarding point, time offset too different, got: 2256254380000, expected: 1757208021780, diff 499046358220
2025-09-07 01:20:22.415 ERROR [addGpsLocation] Discarding point, time offset too different, got: 2256254380000, expected: 1757208021984, diff 499046358016
2025-09-07 01:20:22.630 ERROR [addGpsLocation] Discarding point, time offset too different, got: 2256254380000, expected: 1757208022199, diff 499046357801
2025-09-07 01:20:22.826 ERROR [addGpsLocation] Discarding point, time offset too different, got: 2256254380000, expected: 1757208022394, diff 499046357606
2025-09-07 01:20:23.032 ERROR [addGpsLocation] Discarding point, time offset too different, got: 2256254380000, expected: 1757208022600, diff 499046357400
2025-09-07 01:20:23.623 ERROR [addGpsLocation] Discarding point, time offset too different, got: 2256254380000, expected: 1757208023192, diff 499046356808
2025-09-07 01:20:23.626 ERROR [addGpsLocation] Discarding point, time offset too different, got: 2256254380000, expected: 1757208023195, diff 499046356805
2025-09-07 01:20:23.677 ERROR [addGpsLocation] Discarding point, time offset too different, got: 2256254380000, expected: 1757208023246, diff 499046356754
2025-09-07 01:20:23.873 ERROR [addGpsLocation] Discarding point, time offset too different, got: 2256254380000, expected: 1757208023441, diff 499046356559
2025-09-07 01:20:24.087 ERROR [addGpsLocation] Discarding point, time offset too different, got: 2256254380000, expected: 1757208023656, diff 499046356344
2025-09-07 01:20:24.288 ERROR [addGpsLocation] Discarding point, time offset too different, got: 2256254380000, expected: 1757208023857, diff 499046356143
2025-09-07 01:20:24.501 ERROR [addGpsLocation] Discarding point, time offset too different, got: 2256254380000, expected: 1757208024070, diff 499046355930
2025-09-07 01:20:24.691 ERROR [addGpsLocation] Discarding point, time offset too different, got: 2256254380000, expected: 1757208024260, diff 499046355740
2025-09-07 01:20:24.889 ERROR [addGpsLocation] Discarding point, time offset too different, got: 2256254380000, expected: 1757208024458, diff 499046355542
2025-09-07 01:20:25.104 ERROR [addGpsLocation] Discarding point, time offset too different, got: 2256254380000, expected: 1757208024673, diff 499046355327
2025-09-07 01:20:25.325 ERROR [addGpsLocation] Discarding point, time offset too different, got: 2256254380000, expected: 1757208024893, diff 499046355107
2025-09-07 01:20:25.523 ERROR [addGpsLocation] Discarding point, time offset too different, got: 2256254380000, expected: 1757208025092, diff 499046354908
2025-09-07 01:20:25.751 ERROR [addGpsLocation] Discarding point, time offset too different, got: 2256254380000, expected: 1757208025320, diff 499046354680
2025-09-07 01:20:25.941 ERROR [addGpsLocation] Discarding point, time offset too different, got: 2256254380000, expected: 1757208025510, diff 499046354490
2025-09-07 01:20:26.113 ERROR [addGpsLocation] Discarding point, time offset too different, got: 2256254380000, expected: 1757208025682, diff 499046354318
2025-09-07 01:20:26.341 ERROR [addGpsLocation] Discarding point, time offset too different, got: 2256254380000, expected: 1757208025910, diff 499046354090
2025-09-07 01:20:26.530 ERROR [addGpsLocation] Discarding point, time offset too different, got: 2256254380000, expected: 1757208026099, diff 499046353901
2025-09-07 01:20:26.748 ERROR [addGpsLocation] Discarding point, time offset too different, got: 2256254380000, expected: 1757208026316, diff 499046353684
2025-09-07 01:20:26.959 ERROR [addGpsLocation] Discarding point, time offset too different, got: 2256254380000, expected: 1757208026527, diff 499046353473
2025-09-07 01:20:27.170 ERROR [addGpsLocation] Discarding point, time offset too different, got: 2256254380000, expected: 1757208026739, diff 499046353261
2025-09-07 01:20:27.364 ERROR [addGpsLocation] Discarding point, time offset too different, got: 2256254380000, expected: 1757208026933, diff 499046353067
2025-09-07 01:20:27.566 ERROR [addGpsLocation] Discarding point, time offset too different, got: 2256254380000, expected: 1757208027135, diff 499046352865
2025-09-07 01:20:27.764 ERROR [addGpsLocation] Discarding point, time offset too different, got: 2256254380000, expected: 1757208027333, diff 499046352667
2025-09-07 01:20:27.982 ERROR [addGpsLocation] Discarding point, time offset too different, got: 2256254380000, expected: 1757208027551, diff 499046352449
2025-09-07 01:20:28.170 ERROR [addGpsLocation] Discarding point, time offset too different, got: 2256254380000, expected: 1757208027739, diff 499046352261
2025-09-07 01:20:28.388 ERROR [addGpsLocation] Discarding point, time offset too different, got: 2256254380000, expected: 1757208027957, diff 499046352043
2025-09-07 01:20:28.589 ERROR [addGpsLocation] Discarding point, time offset too different, got: 2256254380000, expected: 1757208028158, diff 499046351842
2025-09-07 01:20:29.067 ERROR [addGpsLocation] Discarding point, time offset too different, got: 2256254380000, expected: 1757208028635, diff 499046351365
2025-09-07 01:20:29.560 ERROR [addGpsLocation] Discarding point, time offset too different, got: 2256254380000, expected: 1757208029129, diff 499046350871
2025-09-07 01:20:29.569 ERROR [addGpsLocation] Discarding point, time offset too different, got: 2256254380000, expected: 1757208029137, diff 499046350863
2025-09-07 01:20:29.570 ERROR [addGpsLocation] Discarding point, time offset too different, got: 2256254380000, expected: 1757208029139, diff 499046350861
2025-09-07 01:20:29.606 ERROR [addGpsLocation] Discarding point, time offset too different, got: 2256254380000, expected: 1757208029174, diff 499046350826
2025-09-07 01:20:29.805 ERROR [addGpsLocation] Discarding point, time offset too different, got: 2256254380000, expected: 1757208029373, diff 499046350627
2025-09-07 01:20:29.999 ERROR [addGpsLocation] Discarding point, time offset too different, got: 2256254380000, expected: 1757208029568, diff 499046350432
2025-09-07 01:20:30.225 ERROR [addGpsLocation] Discarding point, time offset too different, got: 2256254380000, expected: 1757208029794, diff 499046350206
2025-09-07 01:20:30.416 ERROR [addGpsLocation] Discarding point, time offset too different, got: 2256254380000, expected: 1757208029984, diff 499046350016
2025-09-07 01:20:30.608 ERROR [addGpsLocation] Discarding point, time offset too different, got: 2256254380000, expected: 1757208030177, diff 499046349823
2025-09-07 01:20:30.815 ERROR [addGpsLocation] Discarding point, time offset too different, got: 2256254380000, expected: 1757208030384, diff 499046349616
2025-09-07 01:20:31.025 ERROR [addGpsLocation] Discarding point, time offset too different, got: 2256254380000, expected: 1757208030594, diff 499046349406
2025-09-07 01:20:31.231 ERROR [addGpsLocation] Discarding point, time offset too different, got: 2256254380000, expected: 1757208030800, diff 499046349200
2025-09-07 01:20:31.440 ERROR [addGpsLocation] Discarding point, time offset too different, got: 2256254380000, expected: 1757208031009, diff 499046348991
2025-09-07 01:20:31.633 ERROR [addGpsLocation] Discarding point, time offset too different, got: 2256254380000, expected: 1757208031202, diff 499046348798
2025-09-07 01:20:31.838 ERROR [addGpsLocation] Discarding point, time offset too different, got: 2256254380000, expected: 1757208031407, diff 499046348593
2025-09-07 01:20:32.032 ERROR [addGpsLocation] Discarding point, time offset too different, got: 2256254380000, expected: 1757208031601, diff 499046348399
2025-09-07 01:20:32.259 ERROR [addGpsLocation] Discarding point, time offset too different, got: 2256254380000, expected: 1757208031827, diff 499046348173
2025-09-07 01:20:32.462 ERROR [addGpsLocation] Discarding point, time offset too different, got: 2256254380000, expected: 1757208032031, diff 499046347969
2025-09-07 01:20:32.661 ERROR [addGpsLocation] Discarding point, time offset too different, got: 2256254380000, expected: 1757208032230, diff 499046347770
2025-09-07 01:20:32.878 ERROR [addGpsLocation] Discarding point, time offset too different, got: 2256254380000, expected: 1757208032447, diff 499046347553
2025-09-07 01:20:33.072 ERROR [addGpsLocation] Discarding point, time offset too different, got: 2256254380000, expected: 1757208032641, diff 499046347359
2025-09-07 01:20:33.265 ERROR [addGpsLocation] Discarding point, time offset too different, got: 2256254380000, expected: 1757208032834, diff 499046347166
2025-09-07 01:20:33.481 ERROR [addGpsLocation] Discarding point, time offset too different, got: 2256254380000, expected: 1757208033050, diff 499046346950
2025-09-07 01:20:33.672 ERROR [addGpsLocation] Discarding point, time offset too different, got: 2256254380000, expected: 1757208033240, diff 499046346760
2025-09-07 01:20:33.898 ERROR [addGpsLocation] Discarding point, time offset too different, got: 2256254380000, expected: 1757208033467, diff 499046346533
2025-09-07 01:20:34.082 ERROR [addGpsLocation] Discarding point, time offset too different, got: 2256254380000, expected: 1757208033650, diff 499046346350
2025-09-07 01:20:34.304 ERROR [addGpsLocation] Discarding point, time offset too different, got: 2256254380000, expected: 1757208033872, diff 499046346128
2025-09-07 01:20:34.497 ERROR [addGpsLocation] Discarding point, time offset too different, got: 2256254380000, expected: 1757208034066, diff 499046345934
2025-09-07 01:20:35.007 ERROR [addGpsLocation] Discarding point, time offset too different, got: 2256254380000, expected: 1757208034575, diff 499046345425
2025-09-07 01:20:35.010 ERROR [addGpsLocation] Discarding point, time offset too different, got: 2256254380000, expected: 1757208034579, diff 499046345421
2025-09-07 01:20:35.099 ERROR [addGpsLocation] Discarding point, time offset too different, got: 2256254380000, expected: 1757208034668, diff 499046345332
2025-09-07 01:20:35.354 ERROR [addGpsLocation] Discarding point, time offset too different, got: 2256254380000, expected: 1757208034923, diff 499046345077
2025-09-07 01:20:35.546 ERROR [addGpsLocation] Discarding point, time offset too different, got: 2256254380000, expected: 1757208035115, diff 499046344885
2025-09-07 01:20:35.706 ERROR [addGpsLocation] Discarding point, time offset too different, got: 2256254380000, expected: 1757208035275, diff 499046344725
2025-09-07 01:20:35.938 ERROR [addGpsLocation] Discarding point, time offset too different, got: 2256254380000, expected: 1757208035507, diff 499046344493
2025-09-07 01:20:36.156 ERROR [addGpsLocation] Discarding point, time offset too different, got: 2256254380000, expected: 1757208035724, diff 499046344276
2025-09-07 01:20:36.320 ERROR [addGpsLocation] Discarding point, time offset too different, got: 2256254380000, expected: 1757208035889, diff 499046344111
2025-09-07 01:20:36.532 ERROR [addGpsLocation] Discarding point, time offset too different, got: 2256254380000, expected: 1757208036100, diff 499046343900
2025-09-07 01:20:36.734 ERROR [addGpsLocation] Discarding point, time offset too different, got: 2256254380000, expected: 1757208036303, diff 499046343697
2025-09-07 01:20:36.948 ERROR [addGpsLocation] Discarding point, time offset too different, got: 2256254380000, expected: 1757208036516, diff 499046343484
2025-09-07 01:20:37.140 ERROR [addGpsLocation] Discarding point, time offset too different, got: 2256254380000, expected: 1757208036709, diff 499046343291
2025-09-07 01:20:37.355 ERROR [addGpsLocation] Discarding point, time offset too different, got: 2256254380000, expected: 1757208036924, diff 499046343076
2025-09-07 01:20:37.559 ERROR [addGpsLocation] Discarding point, time offset too different, got: 2256254380000, expected: 1757208037128, diff 499046342872
2025-09-07 01:20:37.753 ERROR [addGpsLocation] Discarding point, time offset too different, got: 2256254380000, expected: 1757208037322, diff 499046342678
2025-09-07 01:20:37.960 ERROR [addGpsLocation] Discarding point, time offset too different, got: 2256254380000, expected: 1757208037529, diff 499046342471
2025-09-07 01:20:38.152 ERROR [addGpsLocation] Discarding point, time offset too different, got: 2256254380000, expected: 1757208037721, diff 499046342279
2025-09-07 01:20:38.358 ERROR [addGpsLocation] Discarding point, time offset too different, got: 2256254380000, expected: 1757208037927, diff 499046342073
2025-09-07 01:20:38.559 ERROR [addGpsLocation] Discarding point, time offset too different, got: 2256254380000, expected: 1757208038127, diff 499046341873
2025-09-07 01:20:38.760 ERROR [addGpsLocation] Discarding point, time offset too different, got: 2256254380000, expected: 1757208038329, diff 499046341671
2025-09-07 01:20:38.971 ERROR [addGpsLocation] Discarding point, time offset too different, got: 2256254380000, expected: 1757208038540, diff 499046341460
2025-09-07 01:20:39.182 ERROR [addGpsLocation] Discarding point, time offset too different, got: 2256254380000, expected: 1757208038751, diff 499046341249
2025-09-07 01:20:39.381 ERROR [addGpsLocation] Discarding point, time offset too different, got: 2256254380000, expected: 1757208038950, diff 499046341050
2025-09-07 01:20:39.602 ERROR [addGpsLocation] Discarding point, time offset too different, got: 2256254380000, expected: 1757208039170, diff 499046340830
2025-09-07 01:20:39.800 ERROR [addGpsLocation] Discarding point, time offset too different, got: 2256254380000, expected: 1757208039369, diff 499046340631
2025-09-07 01:20:39.985 ERROR [addGpsLocation] Discarding point, time offset too different, got: 2256254380000, expected: 1757208039553, diff 499046340447
2025-09-07 01:20:40.452 ERROR [addGpsLocation] Discarding point, time offset too different, got: 2256254380000, expected: 1757208040021, diff 499046339979
2025-09-07 01:20:40.454 ERROR [addGpsLocation] Discarding point, time offset too different, got: 2256254380000, expected: 1757208040023, diff 499046339977
2025-09-07 01:20:40.595 ERROR [addGpsLocation] Discarding point, time offset too different, got: 2256254380000, expected: 1757208040163, diff 499046339837
2025-09-07 01:20:40.803 ERROR [addGpsLocation] Discarding point, time offset too different, got: 2256254380000, expected: 1757208040372, diff 499046339628
2025-09-07 01:20:41.015 ERROR [addGpsLocation] Discarding point, time offset too different, got: 2256254380000, expected: 1757208040584, diff 499046339416
2025-09-07 01:20:41.225 ERROR [addGpsLocation] Discarding point, time offset too different, got: 2256254380000, expected: 1757208040794, diff 499046339206
2025-09-07 01:20:41.410 ERROR [addGpsLocation] Discarding point, time offset too different, got: 2256254380000, expected: 1757208040978, diff 499046339022
2025-09-07 01:20:41.625 ERROR [addGpsLocation] Discarding point, time offset too different, got: 2256254380000, expected: 1757208041193, diff 499046338807
2025-09-07 01:20:41.833 ERROR [addGpsLocation] Discarding point, time offset too different, got: 2256254380000, expected: 1757208041402, diff 499046338598
2025-09-07 01:20:42.061 ERROR [addGpsLocation] Discarding point, time offset too different, got: 2256254380000, expected: 1757208041630, diff 499046338370
2025-09-07 01:20:42.233 ERROR [addGpsLocation] Discarding point, time offset too different, got: 2256254380000, expected: 1757208041801, diff 499046338199
2025-09-07 01:20:42.440 ERROR [addGpsLocation] Discarding point, time offset too different, got: 2256254380000, expected: 1757208042009, diff 499046337991
2025-09-07 01:20:42.648 ERROR [addGpsLocation] Discarding point, time offset too different, got: 2256254380000, expected: 1757208042216, diff 499046337784
2025-09-07 01:47:35.854 ERROR [BluetoothWorker] Bluetooth error while reading
	EXCEPTION: java.io.IOException: bt socket closed, read return: -1
java.io.IOException: bt socket closed, read return: -1
	at android.bluetooth.BluetoothSocket.read(BluetoothSocket.java:677)
	at android.bluetooth.BluetoothInputStream.read(BluetoothInputStream.java:91)
	at sun.nio.cs.StreamDecoder.readBytes(StreamDecoder.java:291)
	at sun.nio.cs.StreamDecoder.implRead(StreamDecoder.java:355)
	at sun.nio.cs.StreamDecoder.read(StreamDecoder.java:181)
	at java.io.InputStreamReader.read(InputStreamReader.java:177)
	at java.io.BufferedReader.fill(BufferedReader.java:172)
	at java.io.BufferedReader.readLine(BufferedReader.java:337)
	at java.io.BufferedReader.readLine(BufferedReader.java:403)
	at org.xcontest.XCTrack.sensors.r.run(SourceFile:42)
	at java.lang.Thread.run(Thread.java:1119)
2025-09-07 01:47:48.564 ERROR [BluetoothWorker] Bluetooth exception while connecting
	EXCEPTION: java.io.IOException: read failed, socket might closed or timeout, read ret: -1
java.io.IOException: read failed, socket might closed or timeout, read ret: -1
	at android.bluetooth.BluetoothSocket.readAll(BluetoothSocket.java:924)
	at android.bluetooth.BluetoothSocket.readInt(BluetoothSocket.java:938)
	at android.bluetooth.BluetoothSocket.connect(BluetoothSocket.java:502)
	at org.xcontest.XCTrack.sensors.r.e(SourceFile:70)
	at org.xcontest.XCTrack.sensors.r.run(SourceFile:23)
	at java.lang.Thread.run(Thread.java:1119)
2025-09-07 06:01:59.684 INFO [APP] STARTED XCTrack 0.9.12.3 [91230] on "TCL T803D 14" sdk=34, HW_acc=true, uid=C19rKpCNtuRci4J0gHDDRvxWRvuz
2025-09-07 06:14:34.960 INFO [MainActivity] Preferences changed (Testing.Log), reloading.
2025-09-07 06:14:35.159 DEBUG [SensorParser] GPGGA: no date from RMC line, bailing out
2025-09-07 06:14:35.847 INFO [MainActivity] Preferences changed (Testing.ExternalSensorLog), reloading.
2025-09-07 06:14:35.983 DEBUG [BluetoothWorker] BT: line:>$XCTRC,0,0,0,0,0,0,0,0.000000,0.000000,0.00,0.00,0.0,0.86,,,,1009.78,1*48<
2025-09-07 06:14:36.155 DEBUG [SensorParser] GPGGA: no date from RMC line, bailing out
2025-09-07 06:14:36.185 DEBUG [BluetoothWorker] BT: line:>$XCTRC,0,0,0,0,0,0,0,0.000000,0.000000,0.00,0.00,0.0,0.17,,,,1009.83,0*45<
2025-09-07 06:14:36.393 DEBUG [BluetoothWorker] BT: line:>$XCTRC,0,0,0,0,0,0,0,0.000000,0.000000,0.00,0.00,0.0,-1.03,,,,1009.93,0*6D<
2025-09-07 06:14:36.592 DEBUG [BluetoothWorker] BT: line:>$XCTRC,0,0,0,0,0,0,0,0.000000,0.000000,0.00,0.00,0.0,0.18,,,,1009.84,0*4D<
2025-09-07 06:14:36.798 DEBUG [BluetoothWorker] BT: line:>$XCTRC,0,0,0,0,0,0,0,0.000000,0.000000,0.00,0.00,0.0,1.05,,,,1009.76,0*4D<
2025-09-07 06:14:37.022 DEBUG [BluetoothWorker] BT: line:>$XCTRC,0,0,0,0,0,0,0,0.000000,0.000000,0.00,0.00,0.0,-0.38,,,,1009.87,0*61<
2025-09-07 06:14:37.157 DEBUG [SensorParser] GPGGA: no date from RMC line, bailing out
2025-09-07 06:14:37.222 DEBUG [BluetoothWorker] BT: line:>$XCTRC,0,0,0,0,0,0,0,0.000000,0.000000,0.00,0.00,0.0,0.26,,,,1009.81,0*45<
2025-09-07 06:14:37.420 DEBUG [BluetoothWorker] BT: line:>$XCTRC,0,0,0,0,0,0,0,0.000000,0.000000,0.00,0.00,0.0,-0.96,,,,1009.92,0*61<
2025-09-07 06:14:37.631 DEBUG [BluetoothWorker] BT: line:>$XCTRC,0,0,0,0,0,0,0,0.000000,0.000000,0.00,0.00,0.0,-0.83,,,,1009.93,0*64<
2025-09-07 06:14:37.834 DEBUG [BluetoothWorker] BT: line:>$XCTRC,0,0,0,0,0,0,0,0.000000,0.000000,0.00,0.00,0.0,-0.21,,,,1009.87,0*69<
2025-09-07 06:14:38.043 DEBUG [BluetoothWorker] BT: line:>$XCTRC,0,0,0,0,0,0,0,0.000000,0.000000,0.00,0.00,0.0,0.04,,,,1009.84,0*40<
2025-09-07 06:14:38.155 DEBUG [SensorParser] GPGGA: no date from RMC line, bailing out
2025-09-07 06:14:38.248 DEBUG [BluetoothWorker] BT: line:>$XCTRC,0,0,0,0,0,0,0,0.000000,0.000000,0.00,0.00,0.0,0.09,,,,1009.84,0*4D<
2025-09-07 06:14:38.441 DEBUG [BluetoothWorker] BT: line:>$XCTRC,0,0,0,0,0,0,0,0.000000,0.000000,0.00,0.00,0.0,-0.47,,,,1009.92,0*6D<
2025-09-07 06:14:38.658 DEBUG [BluetoothWorker] BT: line:>$XCTRC,0,0,0,0,0,0,0,0.000000,0.000000,0.00,0.00,0.0,-0.22,,,,1009.90,0*6C<
2025-09-07 06:14:38.850 DEBUG [BluetoothWorker] BT: line:>$XCTRC,0,0,0,0,0,0,0,0.000000,0.000000,0.00,0.00,0.0,-0.40,,,,1009.88,0*61<
2025-09-07 06:14:39.058 DEBUG [BluetoothWorker] BT: line:>$XCTRC,0,0,0,0,0,0,0,0.000000,0.000000,0.00,0.00,0.0,0.19,,,,1009.86,0*4E<
2025-09-07 06:14:39.157 DEBUG [SensorParser] GPGGA: no date from RMC line, bailing out
2025-09-07 06:14:39.272 DEBUG [BluetoothWorker] BT: line:>$XCTRC,0,0,0,0,0,0,0,0.000000,0.000000,0.00,0.00,0.0,0.44,,,,1009.87,1*46<
2025-09-07 06:14:39.454 DEBUG [BluetoothWorker] BT: line:>$XCTRC,0,0,0,0,0,0,0,0.000000,0.000000,0.00,0.00,0.0,0.20,,,,1009.85,1*46<
2025-09-07 06:14:39.680 DEBUG [BluetoothWorker] BT: line:>$XCTRC,0,0,0,0,0,0,0,0.000000,0.000000,0.00,0.00,0.0,-0.05,,,,1009.91,0*68<
2025-09-07 06:14:39.861 DEBUG [BluetoothWorker] BT: line:>$XCTRC,0,0,0,0,0,0,0,0.000000,0.000000,0.00,0.00,0.0,-0.22,,,,1009.94,0*68<
2025-09-07 06:14:40.157 DEBUG [SensorParser] GPGGA: no date from RMC line, bailing out
2025-09-07 06:14:40.399 DEBUG [BluetoothWorker] BT: line:>$XCTRC,0,0,0,0,0,0,0,0.000000,0.000000,0.00,0.00,0.0,-0.36,,,,1010.02,0*6A<
2025-09-07 06:14:40.405 DEBUG [BluetoothWorker] BT: line:>$XCTRC,0,0,0,0,0,0,0,0.000000,0.000000,0.00,0.00,0.0,-1.05,,,,1009.96,1*6F<
2025-09-07 06:14:40.480 DEBUG [BluetoothWorker] BT: line:>$XCTRC,0,0,0,0,0,0,0,0.000000,0.000000,0.00,0.00,0.0,0.63,,,,1009.79,0*43<
2025-09-07 06:14:40.717 DEBUG [BluetoothWorker] BT: line:>$XCTRC,0,0,0,0,0,0,0,0.000000,0.000000,0.00,0.00,0.0,-0.32,,,,1009.89,0*65<
2025-09-07 06:14:40.881 DEBUG [BluetoothWorker] BT: line:>$XCTRC,0,0,0,0,0,0,0,0.000000,0.000000,0.00,0.00,0.0,0.66,,,,1009.81,0*41<
2025-09-07 06:14:41.126 DEBUG [BluetoothWorker] BT: line:>$XCTRC,0,0,0,0,0,0,0,0.000000,0.000000,0.00,0.00,0.0,-0.21,,,,1009.87,1*68<
2025-09-07 06:14:41.158 DEBUG [SensorParser] GPGGA: no date from RMC line, bailing out
2025-09-07 06:14:41.300 DEBUG [BluetoothWorker] BT: line:>$XCTRC,0,0,0,0,0,0,0,0.000000,0.000000,0.00,0.00,0.0,1.09,,,,1009.74,0*43<
2025-09-07 06:14:41.509 DEBUG [BluetoothWorker] BT: line:>$XCTRC,0,0,0,0,0,0,0,0.000000,0.000000,0.00,0.00,0.0,-0.57,,,,1009.87,0*68<
2025-09-07 06:14:41.764 DEBUG [BluetoothWorker] BT: line:>$XCTRC,0,0,0,0,0,0,0,0.000000,0.000000,0.00,0.00,0.0,0.10,,,,1009.81,0*40<
2025-09-07 06:14:41.954 DEBUG [BluetoothWorker] BT: line:>$XCTRC,0,0,0,0,0,0,0,0.000000,0.000000,0.00,0.00,0.0,0.13,,,,1009.82,0*40<
2025-09-07 06:14:42.144 DEBUG [BluetoothWorker] BT: line:>$XCTRC,0,0,0,0,0,0,0,0.000000,0.000000,0.00,0.00,0.0,0.25,,,,1009.81,0*46<
2025-09-07 06:14:42.157 DEBUG [SensorParser] GPGGA: no date from RMC line, bailing out
2025-09-07 06:14:42.331 DEBUG [BluetoothWorker] BT: line:>$XCTRC,0,0,0,0,0,0,0,0.000000,0.000000,0.00,0.00,0.0,1.34,,,,1009.73,0*4A<
2025-09-07 06:14:42.555 DEBUG [BluetoothWorker] BT: line:>$XCTRC,0,0,0,0,0,0,0,0.000000,0.000000,0.00,0.00,0.0,0.57,,,,1009.78,0*45<
2025-09-07 06:14:42.758 DEBUG [BluetoothWorker] BT: line:>$XCTRC,0,0,0,0,0,0,0,0.000000,0.000000,0.00,0.00,0.0,0.17,,,,1009.81,0*47<
2025-09-07 06:14:42.943 DEBUG [BluetoothWorker] BT: line:>$XCTRC,0,0,0,0,0,0,0,0.000000,0.000000,0.00,0.00,0.0,-0.16,,,,1009.86,0*6C<
2025-09-07 06:14:43.156 DEBUG [BluetoothWorker] BT: line:>$XCTRC,0,0,0,0,0,0,0,0.000000,0.000000,0.00,0.00,0.0,0.50,,,,1009.78,0*42<
2025-09-07 06:14:43.158 DEBUG [SensorParser] GPGGA: no date from RMC line, bailing out
2025-09-07 06:14:43.371 DEBUG [BluetoothWorker] BT: line:>$XCTRC,0,0,0,0,0,0,0,0.000000,0.000000,0.00,0.00,0.0,0.64,,,,1009.77,0*4A<
2025-09-07 06:14:43.578 DEBUG [BluetoothWorker] BT: line:>$XCTRC,0,0,0,0,0,0,0,0.000000,0.000000,0.00,0.00,0.0,0.23,,,,1009.80,0*41<
2025-09-07 06:14:43.779 DEBUG [BluetoothWorker] BT: line:>$XCTRC,0,0,0,0,0,0,0,0.000000,0.000000,0.00,0.00,0.0,-0.12,,,,1009.82,0*6C<
2025-09-07 06:14:43.967 DEBUG [BluetoothWorker] BT: line:>$XCTRC,0,0,0,0,0,0,0,0.000000,0.000000,0.00,0.00,0.0,0.33,,,,1009.80,1*41<
2025-09-07 06:14:44.158 DEBUG [SensorParser] GPGGA: no date from RMC line, bailing out
2025-09-07 06:14:44.189 DEBUG [BluetoothWorker] BT: line:>$XCTRC,0,0,0,0,0,0,0,0.000000,0.000000,0.00,0.00,0.0,-1.07,,,,1009.92,0*68<
2025-09-07 06:14:44.402 DEBUG [BluetoothWorker] BT: line:>$XCTRC,0,0,0,0,0,0,0,0.000000,0.000000,0.00,0.00,0.0,0.81,,,,1009.78,0*4E<
2025-09-07 06:14:44.590 DEBUG [BluetoothWorker] BT: line:>$XCTRC,0,0,0,0,0,0,0,0.000000,0.000000,0.00,0.00,0.0,-0.35,,,,1009.86,0*6D<
2025-09-07 06:14:44.798 DEBUG [BluetoothWorker] BT: line:>$XCTRC,0,0,0,0,0,0,0,0.000000,0.000000,0.00,0.00,0.0,0.01,,,,1009.84,0*45<
2025-09-07 06:14:45.009 DEBUG [BluetoothWorker] BT: line:>$XCTRC,0,0,0,0,0,0,0,0.000000,0.000000,0.00,0.00,0.0,-1.21,,,,1009.96,0*68<
2025-09-07 06:14:45.158 DEBUG [SensorParser] GPGGA: no date from RMC line, bailing out
2025-09-07 06:14:45.221 DEBUG [BluetoothWorker] BT: line:>$XCTRC,0,0,0,0,0,0,0,0.000000,0.000000,0.00,0.00,0.0,0.68,,,,1009.82,0*4C<
2025-09-07 06:14:45.411 DEBUG [BluetoothWorker] BT: line:>$XCTRC,0,0,0,0,0,0,0,0.000000,0.000000,0.00,0.00,0.0,1.36,,,,1009.75,0*4E<
2025-09-07 06:14:45.845 DEBUG [BluetoothWorker] BT: line:>$XCTRC,0,0,0,0,0,0,0,0.000000,0.000000,0.00,0.00,0.0,0.21,,,,1009.80,0*43<
2025-09-07 06:14:45.849 DEBUG [BluetoothWorker] BT: line:>$XCTRC,0,0,0,0,0,0,0,0.000000,0.000000,0.00,0.00,0.0,0.09,,,,1009.82,0*4B<
2025-09-07 06:14:46.034 DEBUG [BluetoothWorker] BT: line:>$XCTRC,0,0,0,0,0,0,0,0.000000,0.000000,0.00,0.00,0.0,1.10,,,,1009.74,0*4B<
2025-09-07 06:14:46.157 DEBUG [SensorParser] GPGGA: no date from RMC line, bailing out
2025-09-07 06:14:46.239 DEBUG [BluetoothWorker] BT: line:>$XCTRC,0,0,0,0,0,0,0,0.000000,0.000000,0.00,0.00,0.0,-0.37,,,,1009.87,0*6E<
2025-09-07 06:14:46.445 DEBUG [BluetoothWorker] BT: line:>$XCTRC,0,0,0,0,0,0,0,0.000000,0.000000,0.00,0.00,0.0,0.88,,,,1009.81,0*41<
2025-09-07 06:14:46.647 DEBUG [BluetoothWorker] BT: line:>$XCTRC,0,0,0,0,0,0,0,0.000000,0.000000,0.00,0.00,0.0,-0.30,,,,1009.86,0*68<
2025-09-07 06:14:46.857 DEBUG [BluetoothWorker] BT: line:>$XCTRC,0,0,0,0,0,0,0,0.000000,0.000000,0.00,0.00,0.0,0.17,,,,1009.87,0*41<
2025-09-07 06:14:46.980 INFO [TrackService] Starting service onStartCommand, intent: Intent { act=restoreService cmp=org.xcontest.XCTrack/.TrackService }, startId: 13, current task: org.xcontest.XCTrack.navig.TaskTriangleClosing
2025-09-07 06:14:46.980 INFO [TrackService] (Re)starting GPS.
2025-09-07 06:14:46.981 INFO [internalGps] Stopping
2025-09-07 06:14:46.986 INFO [internalGps] Starting
2025-09-07 06:14:47.043 DEBUG [BluetoothWorker] BT: line:>$XCTRC,0,0,0,0,0,0,0,0.000000,0.000000,0.00,0.00,0.0,0.21,,,,1009.88,0*4B<
2025-09-07 06:14:47.143 DEBUG [SensorParser] GPGGA: no date from RMC line, bailing out
2025-09-07 06:14:47.260 DEBUG [BluetoothWorker] BT: line:>$XCTRC,0,0,0,0,0,0,0,0.000000,0.000000,0.00,0.00,0.0,-0.11,,,,1009.83,1*6F<
2025-09-07 06:14:47.449 DEBUG [BluetoothWorker] BT: line:>$XCTRC,0,0,0,0,0,0,0,0.000000,0.000000,0.00,0.00,0.0,-0.15,,,,1009.79,0*6F<
2025-09-07 06:14:47.641 DEBUG [SensorParser] GPGGA: no date from RMC line, bailing out
2025-09-07 06:14:47.656 DEBUG [BluetoothWorker] BT: line:>$XCTRC,0,0,0,0,0,0,0,0.000000,0.000000,0.00,0.00,0.0,0.99,,,,1009.78,0*47<
2025-09-07 06:14:47.847 DEBUG [BluetoothWorker] BT: line:>$XCTRC,0,0,0,0,0,0,0,0.000000,0.000000,0.00,0.00,0.0,-0.25,,,,1009.88,1*63<
2025-09-07 06:14:48.055 DEBUG [BluetoothWorker] BT: line:>$XCTRC,0,0,0,0,0,0,0,0.000000,0.000000,0.00,0.00,0.0,-0.02,,,,1009.73,0*63<
2025-09-07 06:14:48.147 DEBUG [SensorParser] GPGGA: no date from RMC line, bailing out
2025-09-07 06:14:48.266 DEBUG [BluetoothWorker] BT: line:>$XCTRC,0,0,0,0,0,0,0,0.000000,0.000000,0.00,0.00,0.0,-0.24,,,,1009.83,0*68<
2025-09-07 06:14:48.478 DEBUG [BluetoothWorker] BT: line:>$XCTRC,0,0,0,0,0,0,0,0.000000,0.000000,0.00,0.00,0.0,-1.08,,,,1009.93,0*66<
2025-09-07 06:14:48.647 DEBUG [SensorParser] GPGGA: no date from RMC line, bailing out
2025-09-07 06:14:48.676 DEBUG [BluetoothWorker] BT: line:>$XCTRC,0,0,0,0,0,0,0,0.000000,0.000000,0.00,0.00,0.0,-0.73,,,,1009.79,0*6F<
2025-09-07 06:14:48.860 DEBUG [BluetoothWorker] BT: line:>$XCTRC,0,0,0,0,0,0,0,0.000000,0.000000,0.00,0.00,0.0,-0.51,,,,1009.88,0*61<
2025-09-07 06:14:49.084 DEBUG [BluetoothWorker] BT: line:>$XCTRC,0,0,0,0,0,0,0,0.000000,0.000000,0.00,0.00,0.0,-0.24,,,,1009.92,0*68<
2025-09-07 06:14:49.145 DEBUG [SensorParser] GPGGA: no date from RMC line, bailing out
2025-09-07 06:14:49.269 DEBUG [BluetoothWorker] BT: line:>$XCTRC,0,0,0,0,0,0,0,0.000000,0.000000,0.00,0.00,0.0,-0.61,,,,1009.96,1*6C<
2025-09-07 06:14:49.464 DEBUG [BluetoothWorker] BT: line:>$XCTRC,0,0,0,0,0,0,0,0.000000,0.000000,0.00,0.00,0.0,0.61,,,,1009.82,0*45<
2025-09-07 06:14:49.646 DEBUG [SensorParser] GPGGA: no date from RMC line, bailing out
2025-09-07 06:14:49.669 DEBUG [BluetoothWorker] BT: line:>$XCTRC,0,0,0,0,0,0,0,0.000000,0.000000,0.00,0.00,0.0,0.53,,,,1009.81,0*47<
2025-09-07 06:14:49.866 DEBUG [BluetoothWorker] BT: line:>$XCTRC,0,0,0,0,0,0,0,0.000000,0.000000,0.00,0.00,0.0,0.11,,,,1009.77,0*48<
2025-09-07 06:14:50.116 DEBUG [BluetoothWorker] BT: line:>$XCTRC,0,0,0,0,0,0,0,0.000000,0.000000,0.00,0.00,0.0,0.53,,,,1010.01,1*46<
2025-09-07 06:14:50.144 DEBUG [SensorParser] GPGGA: no date from RMC line, bailing out
2025-09-07 06:14:50.280 DEBUG [BluetoothWorker] BT: line:>$XCTRC,0,0,0,0,0,0,0,0.000000,0.000000,0.00,0.00,0.0,-0.74,,,,1009.82,0*6C<
2025-09-07 06:14:50.352 INFO [MainActivity] MainActivity onResume
2025-09-07 06:14:50.464 DEBUG [BluetoothWorker] BT: line:>$XCTRC,0,0,0,0,0,0,0,0.000000,0.000000,0.00,0.00,0.0,-0.48,,,,1009.89,0*68<
2025-09-07 06:14:50.733 DEBUG [BluetoothWorker] BT: line:>$XCTRC,0,0,0,0,0,0,0,0.000000,0.000000,0.00,0.00,0.0,0.21,,,,1009.81,1*43<
2025-09-07 06:14:51.140 DEBUG [SensorParser] GPGGA: no date from RMC line, bailing out
2025-09-07 06:14:51.288 DEBUG [BluetoothWorker] BT: line:>$XCTRC,0,0,0,0,0,0,0,0.000000,0.000000,0.00,0.00,0.0,0.68,,,,1009.79,0*48<
2025-09-07 06:14:51.291 DEBUG [BluetoothWorker] BT: line:>$XCTRC,0,0,0,0,0,0,0,0.000000,0.000000,0.00,0.00,0.0,-0.60,,,,1009.89,1*63<
2025-09-07 06:14:51.297 DEBUG [BluetoothWorker] BT: line:>$XCTRC,0,0,0,0,0,0,0,0.000000,0.000000,0.00,0.00,0.0,-2.02,,,,1010.16,0*6A<
2025-09-07 06:14:51.501 DEBUG [BluetoothWorker] BT: line:>$XCTRC,0,0,0,0,0,0,0,0.000000,0.000000,0.00,0.00,0.0,1.07,,,,1009.79,0*40<
2025-09-07 06:14:51.702 DEBUG [BluetoothWorker] BT: line:>$XCTRC,0,0,0,0,0,0,0,0.000000,0.000000,0.00,0.00,0.0,-0.61,,,,1009.92,0*69<
2025-09-07 06:14:51.909 DEBUG [BluetoothWorker] BT: line:>$XCTRC,0,0,0,0,0,0,0,0.000000,0.000000,0.00,0.00,0.0,1.30,,,,1009.78,0*45<
2025-09-07 06:14:52.131 DEBUG [BluetoothWorker] BT: line:>$XCTRC,0,0,0,0,0,0,0,0.000000,0.000000,0.00,0.00,0.0,1.04,,,,1009.78,0*42<
2025-09-07 06:14:52.142 DEBUG [SensorParser] GPGGA: no date from RMC line, bailing out
2025-09-07 06:14:52.323 DEBUG [BluetoothWorker] BT: line:>$XCTRC,0,0,0,0,0,0,0,0.000000,0.000000,0.00,0.00,0.0,0.34,,,,1009.81,0*46<
2025-09-07 06:14:52.564 DEBUG [BluetoothWorker] BT: line:>$XCTRC,0,0,0,0,0,0,0,0.000000,0.000000,0.00,0.00,0.0,0.75,,,,1009.77,0*4A<
2025-09-07 06:14:52.778 DEBUG [BluetoothWorker] BT: line:>$XCTRC,0,0,0,0,0,0,0,0.000000,0.000000,0.00,0.00,0.0,-0.32,,,,1009.85,0*69<
2025-09-07 06:14:52.936 DEBUG [BluetoothWorker] BT: line:>$XCTRC,0,0,0,0,0,0,0,0.000000,0.000000,0.00,0.00,0.0,-0.12,,,,1009.84,0*6A<
2025-09-07 06:14:53.143 DEBUG [SensorParser] GPGGA: no date from RMC line, bailing out
2025-09-07 06:14:53.167 DEBUG [BluetoothWorker] BT: line:>$XCTRC,0,0,0,0,0,0,0,0.000000,0.000000,0.00,0.00,0.0,0.11,,,,1009.84,0*44<
2025-09-07 06:14:53.360 DEBUG [BluetoothWorker] BT: line:>$XCTRC,0,0,0,0,0,0,0,0.000000,0.000000,0.00,0.00,0.0,-0.54,,,,1009.84,0*68<
2025-09-07 06:14:53.557 DEBUG [BluetoothWorker] BT: line:>$XCTRC,0,0,0,0,0,0,0,0.000000,0.000000,0.00,0.00,0.0,-0.04,,,,1009.85,1*6D<
2025-09-07 06:14:53.746 DEBUG [BluetoothWorker] BT: line:>$XCTRC,0,0,0,0,0,0,0,0.000000,0.000000,0.00,0.00,0.0,0.46,,,,1009.77,0*4A<
2025-09-07 06:14:53.951 DEBUG [BluetoothWorker] BT: line:>$XCTRC,0,0,0,0,0,0,0,0.000000,0.000000,0.00,0.00,0.0,-0.15,,,,1009.85,1*6D<
2025-09-07 06:14:54.151 DEBUG [SensorParser] GPGGA: no date from RMC line, bailing out
2025-09-07 06:14:54.161 DEBUG [BluetoothWorker] BT: line:>$XCTRC,0,0,0,0,0,0,0,0.000000,0.000000,0.00,0.00,0.0,-0.68,,,,1009.85,0*66<
2025-09-07 06:14:54.363 DEBUG [BluetoothWorker] BT: line:>$XCTRC,0,0,0,0,0,0,0,0.000000,0.000000,0.00,0.00,0.0,1.86,,,,1009.68,0*49<
2025-09-07 06:14:54.583 DEBUG [BluetoothWorker] BT: line:>$XCTRC,0,0,0,0,0,0,0,0.000000,0.000000,0.00,0.00,0.0,-1.27,,,,1009.82,0*6B<
2025-09-07 06:14:54.777 DEBUG [BluetoothWorker] BT: line:>$XCTRC,0,0,0,0,0,0,0,0.000000,0.000000,0.00,0.00,0.0,-0.77,,,,1009.89,0*64<
2025-09-07 06:14:54.981 DEBUG [BluetoothWorker] BT: line:>$XCTRC,0,0,0,0,0,0,0,0.000000,0.000000,0.00,0.00,0.0,0.01,,,,1009.83,0*42<
2025-09-07 06:14:55.147 DEBUG [SensorParser] GPGGA: no date from RMC line, bailing out
2025-09-07 06:14:55.165 DEBUG [BluetoothWorker] BT: line:>$XCTRC,0,0,0,0,0,0,0,0.000000,0.000000,0.00,0.00,0.0,-0.06,,,,1009.87,1*6D<
2025-09-07 06:14:55.369 DEBUG [BluetoothWorker] BT: line:>$XCTRC,0,0,0,0,0,0,0,0.000000,0.000000,0.00,0.00,0.0,0.83,,,,1009.79,0*4D<
2025-09-07 06:14:55.567 DEBUG [BluetoothWorker] BT: line:>$XCTRC,0,0,0,0,0,0,0,0.000000,0.000000,0.00,0.00,0.0,0.37,,,,1009.88,0*4C<
2025-09-07 06:14:55.774 DEBUG [BluetoothWorker] BT: line:>$XCTRC,0,0,0,0,0,0,0,0.000000,0.000000,0.00,0.00,0.0,-0.11,,,,1009.85,0*68<
2025-09-07 06:14:55.990 DEBUG [BluetoothWorker] BT: line:>$XCTRC,0,0,0,0,0,0,0,0.000000,0.000000,0.00,0.00,0.0,0.22,,,,1009.85,0*45<
2025-09-07 06:14:56.145 DEBUG [SensorParser] GPGGA: no date from RMC line, bailing out
2025-09-07 06:14:56.181 DEBUG [BluetoothWorker] BT: line:>$XCTRC,0,0,0,0,0,0,0,0.000000,0.000000,0.00,0.00,0.0,-0.71,,,,1009.90,0*6A<
2025-09-07 06:14:56.734 DEBUG [BluetoothWorker] BT: line:>$XCTRC,0,0,0,0,0,0,0,0.000000,0.000000,0.00,0.00,0.0,0.48,,,,1009.77,0*44<
2025-09-07 06:14:56.735 DEBUG [BluetoothWorker] BT: line:>$XCTRC,0,0,0,0,0,0,0,0.000000,0.000000,0.00,0.00,0.0,0.32,,,,1010.04,2*47<
2025-09-07 06:14:56.771 DEBUG [BluetoothWorker] BT: line:>$XCTRC,0,0,0,0,0,0,0,0.000000,0.000000,0.00,0.00,0.0,1.75,,,,1010.10,0*42<
2025-09-07 06:14:56.981 DEBUG [BluetoothWorker] BT: line:>$XCTRC,0,0,0,0,0,0,0,0.000000,0.000000,0.00,0.00,0.0,-0.03,,,,1009.86,0*68<
2025-09-07 06:14:57.138 DEBUG [SensorParser] GPGGA: no date from RMC line, bailing out
2025-09-07 06:14:57.179 DEBUG [BluetoothWorker] BT: line:>$XCTRC,0,0,0,0,0,0,0,0.000000,0.000000,0.00,0.00,0.0,0.24,,,,1009.83,0*45<
2025-09-07 06:14:57.418 DEBUG [BluetoothWorker] BT: line:>$XCTRC,0,0,0,0,0,0,0,0.000000,0.000000,0.00,0.00,0.0,-0.72,,,,1009.91,0*68<
2025-09-07 06:14:57.602 DEBUG [BluetoothWorker] BT: line:>$XCTRC,0,0,0,0,0,0,0,0.000000,0.000000,0.00,0.00,0.0,0.52,,,,1009.81,0*46<
2025-09-07 06:14:57.801 DEBUG [BluetoothWorker] BT: line:>$XCTRC,0,0,0,0,0,0,0,0.000000,0.000000,0.00,0.00,0.0,-0.06,,,,1009.85,0*6E<
2025-09-07 06:14:58.019 DEBUG [BluetoothWorker] BT: line:>$XCTRC,0,0,0,0,0,0,0,0.000000,0.000000,0.00,0.00,0.0,-0.14,,,,1009.86,0*6E<
2025-09-07 06:14:58.138 DEBUG [SensorParser] GPGGA: no date from RMC line, bailing out
2025-09-07 06:14:58.212 DEBUG [BluetoothWorker] BT: line:>$XCTRC,0,0,0,0,0,0,0,0.000000,0.000000,0.00,0.00,0.0,1.42,,,,1009.73,0*4B<
2025-09-07 06:14:58.466 DEBUG [BluetoothWorker] BT: line:>$XCTRC,0,0,0,0,0,0,0,0.000000,0.000000,0.00,0.00,0.0,-0.61,,,,1009.90,0*6B<
2025-09-07 06:14:58.636 DEBUG [BluetoothWorker] BT: line:>$XCTRC,0,0,0,0,0,0,0,0.000000,0.000000,0.00,0.00,0.0,0.78,,,,1009.78,0*48<
2025-09-07 06:14:58.851 DEBUG [BluetoothWorker] BT: line:>$XCTRC,0,0,0,0,0,0,0,0.000000,0.000000,0.00,0.00,0.0,-0.19,,,,1009.85,0*60<
2025-09-07 06:14:59.036 DEBUG [BluetoothWorker] BT: line:>$XCTRC,0,0,0,0,0,0,0,0.000000,0.000000,0.00,0.00,0.0,0.36,,,,1009.81,0*44<
2025-09-07 06:14:59.137 DEBUG [SensorParser] GPGGA: no date from RMC line, bailing out
2025-09-07 06:14:59.240 DEBUG [BluetoothWorker] BT: line:>$XCTRC,0,0,0,0,0,0,0,0.000000,0.000000,0.00,0.00,0.0,-0.53,,,,1009.84,0*6F<
2025-09-07 06:14:59.286 INFO [TrackService] Starting service onStartCommand, intent: Intent { act=stopTracking cmp=org.xcontest.XCTrack/.TrackService }, startId: 14, current task: org.xcontest.XCTrack.navig.TaskTriangleClosing
2025-09-07 06:14:59.287 INFO [MainActivity] Preferences changed (Internal.TrackingRunning), reloading.
2025-09-07 06:14:59.287 INFO [TrackService] onStopTracking
2025-09-07 06:14:59.288 INFO [TrackService] Alarm canceled
2025-09-07 06:14:59.290 INFO [SensorManager] SensorManager is stopping
2025-09-07 06:14:59.290 INFO [BluetoothWorker] Stopping BT connection
2025-09-07 06:14:59.290 INFO [internalGps] Stopping
2025-09-07 06:14:59.301 DEBUG [qnh-fetcher] Stopping QNH updater
2025-09-07 06:14:59.308 INFO [org.xcontest.XCTrack.p:e()6] landed
2025-09-07 06:14:59.308 DEBUG [glassManager] Stopping glass manager
2025-09-07 06:14:59.309 INFO [maverick] Stopping glasses
2025-09-07 06:14:59.313 INFO [Safesky] Stopping
2025-09-07 06:14:59.313 INFO [Tasks] tasks saved, active org.xcontest.XCTrack.navig.TaskTriangleClosing, org.xcontest.XCTrack.info.r.n(SourceFile:216)
	org.xcontest.XCTrack.TrackService.f(SourceFile:183)
	org.xcontest.XCTrack.TrackService.onStartCommand(SourceFile:411)
	android.app.ActivityThread.handleServiceArgs(ActivityThread.java:4947)
	android.app.ActivityThread.-$$Nest$mhandleServiceArgs(Unknown Source:0)
	android.app.ActivityThread$H.handleMessage(ActivityThread.java:2388)
	android.os.Handler.dispatchMessage(Handler.java:106)
	android.os.Looper.loopOnce(Looper.java:240)
2025-09-07 06:14:59.314 INFO [TrackService] StopSelf.
2025-09-07 06:14:59.319 INFO [MainActivity] MainActivity onPause
2025-09-07 06:14:59.358 INFO [TrackService] FINISHED
2025-09-07 06:14:59.452 DEBUG [BluetoothWorker] BT: line:>$XCTRC,0,0,0,0,0,0,0,0.000000,0.000000,0.00,0.00,0.0,0.21,,,,1009.83,0*40<
2025-09-07 06:14:59.452 INFO [BluetoothLE] BluetoothSensorGeneric: close from: org.xcontest.XCTrack.sensors.r.run(SourceFile:156)
	java.lang.Thread.run(Thread.java:1119)
2025-09-07 06:14:59.778 INFO [airwebMsg] FCM topic 'airspace' unsubscribed
2025-09-07 06:14:59.955 INFO [MainActivity] MainActivity onDestroy
2025-09-07 06:14:59.957 DEBUG [media] Media session released
2025-09-07 06:15:01.594 INFO [org.xcontest.XCTrack.startup.StartupActivity:onCreate()3] StartupActivity: onCreate
2025-09-07 06:15:01.642 INFO [org.xcontest.XCTrack.startup.StartupActivity:onResume()3] StartupActivity: onResume
2025-09-07 06:15:03.776 INFO [MainActivity] Enabling HW acceleration
2025-09-07 06:15:03.785 DEBUG [vrk] loadNavigations for org.xcontest.XCTrack.widget.wp.WPXCAssistant
2025-09-07 06:15:03.788 DEBUG [vrk] loadNavigations for org.xcontest.XCTrack.widget.wp.WPCompetition
2025-09-07 06:15:03.792 DEBUG [vrk] loadNavigations for org.xcontest.XCTrack.widget.wp.WPThermalAssistant
2025-09-07 06:15:03.798 DEBUG [compass] Setting compass screen orientation: 0
2025-09-07 06:15:03.800 INFO [MainActivity] MainActivity onResume
2025-09-07 06:15:03.802 DEBUG [TrackService] Starting service through bind
2025-09-07 06:15:03.817 INFO [airwebMsg] FCM trying to subscribe topic airspace
2025-09-07 06:15:03.818 DEBUG [advert sync] Starting sync
2025-09-07 06:15:03.828 INFO [TrackService] Starting service onCreate
2025-09-07 06:15:03.877 DEBUG [TrackService] Service connection - service connected
2025-09-07 06:15:03.899 INFO [TrackService] Starting service onStartCommand, intent: Intent { act=startTracking cmp=org.xcontest.XCTrack/.TrackService }, startId: 1, current task: org.xcontest.XCTrack.navig.TaskTriangleClosing
2025-09-07 06:15:03.899 INFO [MainActivity] Preferences changed (Internal.TrackingRunning), reloading.
2025-09-07 06:15:03.901 INFO [TrackService] Alarm started
2025-09-07 06:15:03.902 INFO [TrackService] acquireWakeLock
2025-09-07 06:15:03.910 INFO [VarioSound] Vario Sound: latency: 0.042993 sec
2025-09-07 06:15:03.935 INFO [Safesky] Starting
2025-09-07 06:15:03.935 INFO [SensorManager] SensorManager is starting
2025-09-07 06:15:03.936 INFO [BluetoothWorker] Starting BT connection
2025-09-07 06:15:03.936 INFO [internalGps] Starting
2025-09-07 06:15:03.942 INFO [baro] Starting baro listener
2025-09-07 06:15:03.944 INFO [airweb] Nothing to refresh (no selected oaids), stopping
2025-09-07 06:15:03.948 INFO [compass] Starting compass/rotation listener.
2025-09-07 06:15:03.980 INFO [Tasks] Loading
2025-09-07 06:15:03.981 INFO [Tasks] tasks saved, active org.xcontest.XCTrack.navig.TaskTriangleClosing, org.xcontest.XCTrack.navig.TaskCompetition.C(SourceFile:62)
	org.xcontest.XCTrack.navig.TaskCompetition.d(SourceFile:355)
	org.xcontest.XCTrack.info.q.invokeSuspend(SourceFile:171)
	ge.a.resumeWith(SourceFile:9)
	kotlinx.coroutines.n0.run(SourceFile:113)
	android.os.Handler.handleCallback(Handler.java:958)
	android.os.Handler.dispatchMessage(Handler.java:99)
	android.os.Looper.loopOnce(Looper.java:240)
2025-09-07 06:15:03.981 INFO [Tasks] tasks loaded, active org.xcontest.XCTrack.navig.TaskTriangleClosing
2025-09-07 06:15:03.986 DEBUG [vrk] loadNavigations for org.xcontest.XCTrack.widget.wp.WPXCAssistant
2025-09-07 06:15:03.990 DEBUG [vrk] loadNavigations for org.xcontest.XCTrack.widget.wp.WPCompetition
2025-09-07 06:15:03.993 DEBUG [vrk] loadNavigations for org.xcontest.XCTrack.widget.wp.WPThermalAssistant
2025-09-07 06:15:04.018 INFO [TrackService] Activity recognition connected
2025-09-07 06:15:04.082 DEBUG [SensorParser] GPGGA: no date from RMC line, bailing out
2025-09-07 06:15:04.085 INFO [airwebMsg] FCM topic 'airspace' subscribed
2025-09-07 06:15:04.568 DEBUG [SensorParser] GPGGA: no date from RMC line, bailing out
2025-09-07 06:15:04.605 INFO [obstacleService] Updating obstacle file infos: 22 items
2025-09-07 06:15:05.071 DEBUG [SensorParser] GPGGA: no date from RMC line, bailing out
2025-09-07 06:15:05.362 INFO [obstacleManager] Loaded obstacles: 10708
2025-09-07 06:15:05.478 INFO [BluetoothWorker] bluetooth connect ok
2025-09-07 06:15:05.479 INFO [EventMapping] Event: BT_OK
2025-09-07 06:15:05.569 DEBUG [SensorParser] GPGGA: no date from RMC line, bailing out
2025-09-07 06:15:05.602 DEBUG [BluetoothWorker] BT: line:>$XCTRC,0,0,0,0,0,0,0,0.000000,0.000000,0.00,0.00,0.0,0.87,,,,1009.81,0*4E<
2025-09-07 06:15:05.602 INFO [BluetoothWorker] Detected generic bluetooth device
2025-09-07 06:15:05.812 DEBUG [BluetoothWorker] BT: line:>$XCTRC,0,0,0,0,0,0,0,0.000000,0.000000,0.00,0.00,0.0,-0.38,,,,1009.91,0*66<
2025-09-07 06:15:06.027 DEBUG [BluetoothWorker] BT: line:>$XCTRC,0,0,0,0,0,0,0,0.000000,0.000000,0.00,0.00,0.0,1.00,,,,1009.79,0*47<
2025-09-07 06:15:06.070 DEBUG [SensorParser] GPGGA: no date from RMC line, bailing out
2025-09-07 06:15:06.243 DEBUG [BluetoothWorker] BT: line:>$XCTRC,0,0,0,0,0,0,0,0.000000,0.000000,0.00,0.00,0.0,-0.20,,,,1009.87,0*68<
2025-09-07 06:15:06.436 DEBUG [BluetoothWorker] BT: line:>$XCTRC,0,0,0,0,0,0,0,0.000000,0.000000,0.00,0.00,0.0,-1.20,,,,1009.94,0*6B<
2025-09-07 06:15:06.570 DEBUG [SensorParser] GPGGA: no date from RMC line, bailing out
2025-09-07 06:15:06.638 DEBUG [BluetoothWorker] BT: line:>$XCTRC,0,0,0,0,0,0,0,0.000000,0.000000,0.00,0.00,0.0,0.28,,,,1009.85,0*4F<
2025-09-07 06:15:06.858 DEBUG [BluetoothWorker] BT: line:>$XCTRC,0,0,0,0,0,0,0,0.000000,0.000000,0.00,0.00,0.0,0.01,,,,1009.88,0*49<
2025-09-07 06:15:07.048 DEBUG [BluetoothWorker] BT: line:>$XCTRC,0,0,0,0,0,0,0,0.000000,0.000000,0.00,0.00,0.0,-0.23,,,,1009.88,0*64<
2025-09-07 06:15:07.070 DEBUG [SensorParser] GPGGA: no date from RMC line, bailing out
2025-09-07 06:15:07.260 DEBUG [BluetoothWorker] BT: line:>$XCTRC,0,0,0,0,0,0,0,0.000000,0.000000,0.00,0.00,0.0,0.19,,,,1009.85,0*4D<
2025-09-07 06:15:07.448 DEBUG [BluetoothWorker] BT: line:>$XCTRC,0,0,0,0,0,0,0,0.000000,0.000000,0.00,0.00,0.0,-0.06,,,,1009.86,0*6D<
2025-09-07 06:15:07.644 DEBUG [BluetoothWorker] BT: line:>$XCTRC,0,0,0,0,0,0,0,0.000000,0.000000,0.00,0.00,0.0,0.08,,,,1009.75,0*42<
2025-09-07 06:15:07.877 DEBUG [BluetoothWorker] BT: line:>$XCTRC,0,0,0,0,0,0,0,0.000000,0.000000,0.00,0.00,0.0,-0.07,,,,1009.86,1*6D<
2025-09-07 06:15:08.065 DEBUG [BluetoothWorker] BT: line:>$XCTRC,0,0,0,0,0,0,0,0.000000,0.000000,0.00,0.00,0.0,0.15,,,,1009.80,0*44<
2025-09-07 06:15:08.071 DEBUG [SensorParser] GPGGA: no date from RMC line, bailing out
2025-09-07 06:15:08.267 DEBUG [BluetoothWorker] BT: line:>$XCTRC,0,0,0,0,0,0,0,0.000000,0.000000,0.00,0.00,0.0,0.62,,,,1009.76,0*4D<
2025-09-07 06:15:08.470 DEBUG [BluetoothWorker] BT: line:>$XCTRC,0,0,0,0,0,0,0,0.000000,0.000000,0.00,0.00,0.0,-1.49,,,,1009.94,0*64<
2025-09-07 06:15:08.658 DEBUG [BluetoothWorker] BT: line:>$XCTRC,0,0,0,0,0,0,0,0.000000,0.000000,0.00,0.00,0.0,0.00,,,,1009.77,1*49<
2025-09-07 06:15:08.858 DEBUG [BluetoothWorker] BT: line:>$XCTRC,0,0,0,0,0,0,0,0.000000,0.000000,0.00,0.00,0.0,0.42,,,,1009.76,1*4E<
2025-09-07 06:15:09.067 DEBUG [SensorParser] GPGGA: no date from RMC line, bailing out
2025-09-07 06:15:09.068 DEBUG [BluetoothWorker] BT: line:>$XCTRC,0,0,0,0,0,0,0,0.000000,0.000000,0.00,0.00,0.0,-0.11,,,,1009.83,0*6E<
2025-09-07 06:15:09.282 DEBUG [BluetoothWorker] BT: line:>$XCTRC,0,0,0,0,0,0,0,0.000000,0.000000,0.00,0.00,0.0,-0.70,,,,1009.88,0*62<
2025-09-07 06:15:09.495 DEBUG [BluetoothWorker] BT: line:>$XCTRC,0,0,0,0,0,0,0,0.000000,0.000000,0.00,0.00,0.0,0.59,,,,1009.79,1*4B<
2025-09-07 06:15:09.701 DEBUG [BluetoothWorker] BT: line:>$XCTRC,0,0,0,0,0,0,0,0.000000,0.000000,0.00,0.00,0.0,0.21,,,,1009.82,0*41<
2025-09-07 06:15:09.896 DEBUG [BluetoothWorker] BT: line:>$XCTRC,0,0,0,0,0,0,0,0.000000,0.000000,0.00,0.00,0.0,0.32,,,,1009.81,0*40<
2025-09-07 06:15:10.076 DEBUG [SensorParser] GPGGA: no date from RMC line, bailing out
2025-09-07 06:15:10.116 DEBUG [BluetoothWorker] BT: line:>$XCTRC,0,0,0,0,0,0,0,0.000000,0.000000,0.00,0.00,0.0,0.66,,,,1009.78,0*47<
2025-09-07 06:15:10.313 DEBUG [BluetoothWorker] BT: line:>$XCTRC,0,0,0,0,0,0,0,0.000000,0.000000,0.00,0.00,0.0,0.75,,,,1009.77,0*4A<
2025-09-07 06:15:10.595 DEBUG [BluetoothWorker] BT: line:>$XCTRC,0,0,0,0,0,0,0,0.000000,0.000000,0.00,0.00,0.0,-0.14,,,,1009.84,0*6C<
2025-09-07 06:15:10.797 DEBUG [BluetoothWorker] BT: line:>$XCTRC,0,0,0,0,0,0,0,0.000000,0.000000,0.00,0.00,0.0,0.47,,,,1009.79,0*45<
2025-09-07 06:15:10.920 DEBUG [BluetoothWorker] BT: line:>$XCTRC,0,0,0,0,0,0,0,0.000000,0.000000,0.00,0.00,0.0,-0.45,,,,1009.86,0*6A<
2025-09-07 06:15:11.077 DEBUG [SensorParser] GPGGA: no date from RMC line, bailing out
2025-09-07 06:15:11.151 DEBUG [BluetoothWorker] BT: line:>$XCTRC,0,0,0,0,0,0,0,0.000000,0.000000,0.00,0.00,0.0,-0.32,,,,1009.84,0*68<
2025-09-07 06:15:11.339 DEBUG [BluetoothWorker] BT: line:>$XCTRC,0,0,0,0,0,0,0,0.000000,0.000000,0.00,0.00,0.0,-0.05,,,,1009.81,0*69<
2025-09-07 06:15:11.557 DEBUG [BluetoothWorker] BT: line:>$XCTRC,0,0,0,0,0,0,0,0.000000,0.000000,0.00,0.00,0.0,-0.48,,,,1009.87,0*66<
2025-09-07 06:15:11.738 DEBUG [BluetoothWorker] BT: line:>$XCTRC,0,0,0,0,0,0,0,0.000000,0.000000,0.00,0.00,0.0,-0.36,,,,1009.85,0*6D<
2025-09-07 06:15:11.969 DEBUG [BluetoothWorker] BT: line:>$XCTRC,0,0,0,0,0,0,0,0.000000,0.000000,0.00,0.00,0.0,-0.15,,,,1009.90,0*68<
2025-09-07 06:15:12.070 DEBUG [SensorParser] GPGGA: no date from RMC line, bailing out
2025-09-07 06:15:12.144 DEBUG [BluetoothWorker] BT: line:>$XCTRC,0,0,0,0,0,0,0,0.000000,0.000000,0.00,0.00,0.0,-0.61,,,,1009.80,1*6B<
2025-09-07 06:15:12.364 DEBUG [BluetoothWorker] BT: line:>$XCTRC,0,0,0,0,0,0,0,0.000000,0.000000,0.00,0.00,0.0,0.75,,,,1009.88,0*4A<
2025-09-07 06:15:12.554 DEBUG [BluetoothWorker] BT: line:>$XCTRC,0,0,0,0,0,0,0,0.000000,0.000000,0.00,0.00,0.0,1.44,,,,1009.73,0*4D<
2025-09-07 06:15:12.763 DEBUG [BluetoothWorker] BT: line:>$XCTRC,0,0,0,0,0,0,0,0.000000,0.000000,0.00,0.00,0.0,-0.18,,,,1009.85,0*61<
2025-09-07 06:15:12.961 DEBUG [BluetoothWorker] BT: line:>$XCTRC,0,0,0,0,0,0,0,0.000000,0.000000,0.00,0.00,0.0,0.08,,,,1009.82,0*4A<
2025-09-07 06:15:13.083 DEBUG [SensorParser] GPGGA: no date from RMC line, bailing out
2025-09-07 06:15:13.183 DEBUG [BluetoothWorker] BT: line:>$XCTRC,0,0,0,0,0,0,0,0.000000,0.000000,0.00,0.00,0.0,0.18,,,,1009.98,0*40<
2025-09-07 06:15:13.367 DEBUG [BluetoothWorker] BT: line:>$XCTRC,0,0,0,0,0,0,0,0.000000,0.000000,0.00,0.00,0.0,-0.95,,,,1009.85,1*65<
2025-09-07 06:15:13.614 DEBUG [BluetoothWorker] BT: line:>$XCTRC,0,0,0,0,0,0,0,0.000000,0.000000,0.00,0.00,0.0,-0.50,,,,1009.85,1*6C<
2025-09-07 06:15:13.758 DEBUG [BluetoothWorker] BT: line:>$XCTRC,0,0,0,0,0,0,0,0.000000,0.000000,0.00,0.00,0.0,-0.29,,,,1009.88,1*6F<
2025-09-07 06:15:13.819 INFO [airweb] Airweb failback finished, FCM works.
2025-09-07 06:15:13.997 DEBUG [BluetoothWorker] BT: line:>$XCTRC,0,0,0,0,0,0,0,0.000000,0.000000,0.00,0.00,0.0,0.32,,,,1009.84,1*44<
2025-09-07 06:15:14.069 DEBUG [SensorParser] GPGGA: no date from RMC line, bailing out
2025-09-07 06:15:14.170 DEBUG [BluetoothWorker] BT: line:>$XCTRC,0,0,0,0,0,0,0,0.000000,0.000000,0.00,0.00,0.0,-0.34,,,,1009.83,0*69<
2025-09-07 06:15:14.378 DEBUG [BluetoothWorker] BT: line:>$XCTRC,0,0,0,0,0,0,0,0.000000,0.000000,0.00,0.00,0.0,-0.22,,,,1009.86,0*6B<
2025-09-07 06:15:14.565 DEBUG [BluetoothWorker] BT: line:>$XCTRC,0,0,0,0,0,0,0,0.000000,0.000000,0.00,0.00,0.0,0.13,,,,1009.74,1*48<
2025-09-07 06:15:14.815 DEBUG [BluetoothWorker] BT: line:>$XCTRC,0,0,0,0,0,0,0,0.000000,0.000000,0.00,0.00,0.0,-0.11,,,,1009.87,0*6A<
2025-09-07 06:15:15.010 DEBUG [BluetoothWorker] BT: line:>$XCTRC,0,0,0,0,0,0,0,0.000000,0.000000,0.00,0.00,0.0,2.26,,,,1009.67,0*4F<
2025-09-07 06:15:15.076 DEBUG [SensorParser] GPGGA: no date from RMC line, bailing out
2025-09-07 06:15:15.207 DEBUG [BluetoothWorker] BT: line:>$XCTRC,0,0,0,0,0,0,0,0.000000,0.000000,0.00,0.00,0.0,-0.59,,,,1009.85,0*64<
2025-09-07 06:15:15.381 DEBUG [BluetoothWorker] BT: line:>$XCTRC,0,0,0,0,0,0,0,0.000000,0.000000,0.00,0.00,0.0,-0.55,,,,1009.92,0*6E<
2025-09-07 06:15:15.582 DEBUG [BluetoothWorker] BT: line:>$XCTRC,0,0,0,0,0,0,0,0.000000,0.000000,0.00,0.00,0.0,-0.33,,,,1009.85,1*69<
2025-09-07 06:15:16.039 DEBUG [BluetoothWorker] BT: line:>$XCTRC,0,0,0,0,0,0,0,0.000000,0.000000,0.00,0.00,0.0,-0.16,,,,1009.84,2*6C<
2025-09-07 06:15:16.042 DEBUG [BluetoothWorker] BT: line:>$XCTRC,0,0,0,0,0,0,0,0.000000,0.000000,0.00,0.00,0.0,0.38,,,,1009.77,0*43<
2025-09-07 06:15:16.076 DEBUG [SensorParser] GPGGA: no date from RMC line, bailing out
2025-09-07 06:15:16.205 DEBUG [BluetoothWorker] BT: line:>$XCTRC,0,0,0,0,0,0,0,0.000000,0.000000,0.00,0.00,0.0,-0.27,,,,1009.83,0*6B<
2025-09-07 06:15:16.410 DEBUG [BluetoothWorker] BT: line:>$XCTRC,0,0,0,0,0,0,0,0.000000,0.000000,0.00,0.00,0.0,-0.69,,,,1009.88,0*6A<
2025-09-07 06:15:16.610 DEBUG [BluetoothWorker] BT: line:>$XCTRC,0,0,0,0,0,0,0,0.000000,0.000000,0.00,0.00,0.0,-0.76,,,,1009.90,0*6D<
2025-09-07 06:15:16.816 DEBUG [BluetoothWorker] BT: line:>$XCTRC,0,0,0,0,0,0,0,0.000000,0.000000,0.00,0.00,0.0,0.04,,,,1009.85,0*41<
2025-09-07 06:15:17.029 DEBUG [BluetoothWorker] BT: line:>$XCTRC,0,0,0,0,0,0,0,0.000000,0.000000,0.00,0.00,0.0,-0.22,,,,1009.87,0*6A<
2025-09-07 06:15:17.075 DEBUG [SensorParser] GPGGA: no date from RMC line, bailing out
2025-09-07 06:15:17.226 DEBUG [BluetoothWorker] BT: line:>$XCTRC,0,0,0,0,0,0,0,0.000000,0.000000,0.00,0.00,0.0,0.00,,,,1009.85,0*45<
2025-09-07 06:15:17.443 DEBUG [BluetoothWorker] BT: line:>$XCTRC,0,0,0,0,0,0,0,0.000000,0.000000,0.00,0.00,0.0,-1.12,,,,1009.95,0*6B<
2025-09-07 06:15:17.476 INFO [MainActivity] MainActivity onPause
2025-09-07 06:15:17.632 DEBUG [BluetoothWorker] BT: line:>$XCTRC,0,0,0,0,0,0,0,0.000000,0.000000,0.00,0.00,0.0,0.76,,,,1009.80,0*41<
2025-09-07 06:15:17.867 DEBUG [BluetoothWorker] BT: line:>$XCTRC,0,0,0,0,0,0,0,0.000000,0.000000,0.00,0.00,0.0,0.56,,,,1009.80,0*43<
2025-09-07 06:15:18.067 DEBUG [SensorParser] GPGGA: no date from RMC line, bailing out
2025-09-07 06:15:18.072 DEBUG [BluetoothWorker] BT: line:>$XCTRC,0,0,0,0,0,0,0,0.000000,0.000000,0.00,0.00,0.0,1.32,,,,1009.98,0*49<
2025-09-07 06:15:18.256 DEBUG [BluetoothWorker] BT: line:>$XCTRC,0,0,0,0,0,0,0,0.000000,0.000000,0.00,0.00,0.0,-0.29,,,,1009.88,0*6E<
2025-09-07 06:15:18.465 DEBUG [BluetoothWorker] BT: line:>$XCTRC,0,0,0,0,0,0,0,0.000000,0.000000,0.00,0.00,0.0,0.37,,,,1009.84,1*41<
2025-09-07 06:15:18.663 DEBUG [BluetoothWorker] BT: line:>$XCTRC,0,0,0,0,0,0,0,0.000000,0.000000,0.00,0.00,0.0,0.36,,,,1009.84,1*40<
2025-09-07 06:15:18.856 DEBUG [BluetoothWorker] BT: line:>$XCTRC,0,0,0,0,0,0,0,0.000000,0.000000,0.00,0.00,0.0,-1.43,,,,1009.97,0*6D<
2025-09-07 06:15:19.069 DEBUG [BluetoothWorker] BT: line:>$XCTRC,0,0,0,0,0,0,0,0.000000,0.000000,0.00,0.00,0.0,0.48,,,,1009.84,0*48<
2025-09-07 06:15:19.078 DEBUG [SensorParser] GPGGA: no date from RMC line, bailing out
2025-09-07 06:15:19.224 INFO [MainActivity] MainActivity onResume
2025-09-07 06:15:19.266 DEBUG [BluetoothWorker] BT: line:>$XCTRC,0,0,0,0,0,0,0,0.000000,0.000000,0.00,0.00,0.0,0.55,,,,1009.91,0*40<
2025-09-07 06:15:19.464 DEBUG [BluetoothWorker] BT: line:>$XCTRC,0,0,0,0,0,0,0,0.000000,0.000000,0.00,0.00,0.0,-0.60,,,,1009.90,0*6A<
2025-09-07 06:15:19.666 DEBUG [BluetoothWorker] BT: line:>$XCTRC,0,0,0,0,0,0,0,0.000000,0.000000,0.00,0.00,0.0,-0.68,,,,1009.95,1*66<
2025-09-07 06:15:19.872 DEBUG [BluetoothWorker] BT: line:>$XCTRC,0,0,0,0,0,0,0,0.000000,0.000000,0.00,0.00,0.0,-0.20,,,,1009.80,0*6F<
2025-09-07 06:15:20.056 DEBUG [BluetoothWorker] BT: line:>$XCTRC,0,0,0,0,0,0,0,0.000000,0.000000,0.00,0.00,0.0,1.41,,,,1009.82,0*46<
2025-09-07 06:15:20.070 DEBUG [SensorParser] GPGGA: no date from RMC line, bailing out
2025-09-07 06:15:20.261 DEBUG [BluetoothWorker] BT: line:>$XCTRC,0,0,0,0,0,0,0,0.000000,0.000000,0.00,0.00,0.0,-0.17,,,,1009.85,0*6E<
2025-09-07 06:15:20.495 DEBUG [BluetoothWorker] BT: line:>$XCTRC,0,0,0,0,0,0,0,0.000000,0.000000,0.00,0.00,0.0,0.56,,,,1009.80,1*42<
2025-09-07 06:15:20.663 DEBUG [BluetoothWorker] BT: line:>$XCTRC,0,0,0,0,0,0,0,0.000000,0.000000,0.00,0.00,0.0,-0.65,,,,1009.98,0*67<
2025-09-07 06:15:20.886 DEBUG [BluetoothWorker] BT: line:>$XCTRC,0,0,0,0,0,0,0,0.000000,0.000000,0.00,0.00,0.0,0.55,,,,1009.81,1*40<
2025-09-07 06:15:21.069 DEBUG [SensorParser] GPGGA: no date from RMC line, bailing out
2025-09-07 06:15:21.484 DEBUG [BluetoothWorker] BT: line:>$XCTRC,0,0,0,0,0,0,0,0.000000,0.000000,0.00,0.00,0.0,0.56,,,,1009.81,0*42<
2025-09-07 06:15:21.489 DEBUG [BluetoothWorker] BT: line:>$XCTRC,0,0,0,0,0,0,0,0.000000,0.000000,0.00,0.00,0.0,-4.46,,,,1010.23,1*6B<
2025-09-07 06:15:21.490 DEBUG [BluetoothWorker] BT: line:>$XCTRC,0,0,0,0,0,0,0,0.000000,0.000000,0.00,0.00,0.0,0.44,,,,1009.88,0*48<
2025-09-07 06:15:21.690 DEBUG [BluetoothWorker] BT: line:>$XCTRC,0,0,0,0,0,0,0,0.000000,0.000000,0.00,0.00,0.0,1.65,,,,1009.80,0*42<
2025-09-07 06:15:21.895 DEBUG [BluetoothWorker] BT: line:>$XCTRC,0,0,0,0,0,0,0,0.000000,0.000000,0.00,0.00,0.0,0.78,,,,1009.84,0*4B<
2025-09-07 06:15:22.078 DEBUG [SensorParser] GPGGA: no date from RMC line, bailing out
2025-09-07 06:15:22.079 DEBUG [BluetoothWorker] BT: line:>$XCTRC,0,0,0,0,0,0,0,0.000000,0.000000,0.00,0.00,0.0,0.12,,,,1009.89,0*4A<
2025-09-07 06:15:22.295 DEBUG [BluetoothWorker] BT: line:>$XCTRC,0,0,0,0,0,0,0,0.000000,0.000000,0.00,0.00,0.0,0.03,,,,1009.97,0*45<
2025-09-07 06:15:22.500 DEBUG [BluetoothWorker] BT: line:>$XCTRC,0,0,0,0,0,0,0,0.000000,0.000000,0.00,0.00,0.0,0.59,,,,1009.84,0*48<
2025-09-07 06:15:22.712 DEBUG [BluetoothWorker] BT: line:>$XCTRC,0,0,0,0,0,0,0,0.000000,0.000000,0.00,0.00,0.0,0.11,,,,1009.87,0*47<
2025-09-07 06:15:22.911 DEBUG [BluetoothWorker] BT: line:>$XCTRC,0,0,0,0,0,0,0,0.000000,0.000000,0.00,0.00,0.0,0.72,,,,1009.82,0*47<
2025-09-07 06:15:23.076 DEBUG [SensorParser] GPGGA: no date from RMC line, bailing out
2025-09-07 06:15:23.157 DEBUG [BluetoothWorker] BT: line:>$XCTRC,0,0,0,0,0,0,0,0.000000,0.000000,0.00,0.00,0.0,-0.66,,,,1009.91,0*6D<
2025-09-07 06:15:23.337 DEBUG [BluetoothWorker] BT: line:>$XCTRC,0,0,0,0,0,0,0,0.000000,0.000000,0.00,0.00,0.0,-0.96,,,,1009.94,0*67<
2025-09-07 06:15:23.546 DEBUG [BluetoothWorker] BT: line:>$XCTRC,0,0,0,0,0,0,0,0.000000,0.000000,0.00,0.00,0.0,0.83,,,,1009.80,0*4B<
2025-09-07 06:15:23.749 DEBUG [BluetoothWorker] BT: line:>$XCTRC,0,0,0,0,0,0,0,0.000000,0.000000,0.00,0.00,0.0,-0.01,,,,1009.87,0*6B<
2025-09-07 06:15:23.949 DEBUG [BluetoothWorker] BT: line:>$XCTRC,0,0,0,0,0,0,0,0.000000,0.000000,0.00,0.00,0.0,1.06,,,,1009.88,0*4F<
2025-09-07 06:15:24.075 DEBUG [SensorParser] GPGGA: no date from RMC line, bailing out
2025-09-07 06:15:24.180 DEBUG [BluetoothWorker] BT: line:>$XCTRC,0,0,0,0,0,0,0,0.000000,0.000000,0.00,0.00,0.0,0.01,,,,1009.86,0*47<
2025-09-07 06:15:24.351 DEBUG [BluetoothWorker] BT: line:>$XCTRC,0,0,0,0,0,0,0,0.000000,0.000000,0.00,0.00,0.0,-0.22,,,,1009.83,1*6F<
2025-09-07 06:15:24.538 DEBUG [BluetoothWorker] BT: line:>$XCTRC,0,0,0,0,0,0,0,0.000000,0.000000,0.00,0.00,0.0,2.01,,,,1009.91,0*43<
2025-09-07 06:15:24.767 DEBUG [BluetoothWorker] BT: line:>$XCTRC,0,0,0,0,0,0,0,0.000000,0.000000,0.00,0.00,0.0,-0.77,,,,1009.75,0*67<
2025-09-07 06:15:24.963 DEBUG [BluetoothWorker] BT: line:>$XCTRC,0,0,0,0,0,0,0,0.000000,0.000000,0.00,0.00,0.0,0.87,,,,1009.82,0*4D<
2025-09-07 06:15:25.074 DEBUG [SensorParser] GPGGA: no date from RMC line, bailing out
2025-09-07 06:15:25.189 DEBUG [BluetoothWorker] BT: line:>$XCTRC,0,0,0,0,0,0,0,0.000000,0.000000,0.00,0.00,0.0,-0.21,,,,1009.85,0*6B<
2025-09-07 06:15:25.357 DEBUG [BluetoothWorker] BT: line:>$XCTRC,0,0,0,0,0,0,0,0.000000,0.000000,0.00,0.00,0.0,-0.75,,,,1009.92,0*6C<
2025-09-07 06:15:25.545 DEBUG [BluetoothWorker] BT: line:>$XCTRC,0,0,0,0,0,0,0,0.000000,0.000000,0.00,0.00,0.0,-0.08,,,,1009.86,0*63<
2025-09-07 06:15:25.789 DEBUG [BluetoothWorker] BT: line:>$XCTRC,0,0,0,0,0,0,0,0.000000,0.000000,0.00,0.00,0.0,0.00,,,,1009.79,0*46<
2025-09-07 06:15:25.956 DEBUG [BluetoothWorker] BT: line:>$XCTRC,0,0,0,0,0,0,0,0.000000,0.000000,0.00,0.00,0.0,-0.39,,,,1009.94,0*62<
2025-09-07 06:15:26.074 DEBUG [SensorParser] GPGGA: no date from RMC line, bailing out
2025-09-07 06:15:26.167 DEBUG [BluetoothWorker] BT: line:>$XCTRC,0,0,0,0,0,0,0,0.000000,0.000000,0.00,0.00,0.0,-1.60,,,,1009.93,0*68<
2025-09-07 06:15:26.371 DEBUG [BluetoothWorker] BT: line:>$XCTRC,0,0,0,0,0,0,0,0.000000,0.000000,0.00,0.00,0.0,-0.30,,,,1009.93,0*6C<
2025-09-07 06:15:26.930 DEBUG [BluetoothWorker] BT: line:>$XCTRC,0,0,0,0,0,0,0,0.000000,0.000000,0.00,0.00,0.0,0.64,,,,1009.82,1*41<
2025-09-07 06:15:26.932 DEBUG [BluetoothWorker] BT: line:>$XCTRC,0,0,0,0,0,0,0,0.000000,0.000000,0.00,0.00,0.0,-1.26,,,,1009.98,1*60<
2025-09-07 06:15:27.017 DEBUG [BluetoothWorker] BT: line:>$XCTRC,0,0,0,0,0,0,0,0.000000,0.000000,0.00,0.00,0.0,-0.29,,,,1009.89,0*6F<
2025-09-07 06:15:27.078 DEBUG [SensorParser] GPGGA: no date from RMC line, bailing out
2025-09-07 06:15:27.198 DEBUG [BluetoothWorker] BT: line:>$XCTRC,0,0,0,0,0,0,0,0.000000,0.000000,0.00,0.00,0.0,1.00,,,,1009.77,0*49<
2025-09-07 06:15:27.394 DEBUG [BluetoothWorker] BT: line:>$XCTRC,0,0,0,0,0,0,0,0.000000,0.000000,0.00,0.00,0.0,-0.59,,,,1009.89,0*68<
2025-09-07 06:15:27.643 DEBUG [BluetoothWorker] BT: line:>$XCTRC,0,0,0,0,0,0,0,0.000000,0.000000,0.00,0.00,0.0,-1.27,,,,1009.96,0*6E<
2025-09-07 06:15:27.811 DEBUG [BluetoothWorker] BT: line:>$XCTRC,0,0,0,0,0,0,0,0.000000,0.000000,0.00,0.00,0.0,-0.36,,,,1009.89,0*61<
2025-09-07 06:15:28.026 DEBUG [BluetoothWorker] BT: line:>$XCTRC,0,0,0,0,0,0,0,0.000000,0.000000,0.00,0.00,0.0,-0.30,,,,1009.88,0*66<
2025-09-07 06:15:28.072 DEBUG [SensorParser] GPGGA: no date from RMC line, bailing out
2025-09-07 06:15:28.230 DEBUG [BluetoothWorker] BT: line:>$XCTRC,0,0,0,0,0,0,0,0.000000,0.000000,0.00,0.00,0.0,-0.27,,,,1009.89,0*61<
2025-09-07 06:15:28.441 DEBUG [BluetoothWorker] BT: line:>$XCTRC,0,0,0,0,0,0,0,0.000000,0.000000,0.00,0.00,0.0,-0.26,,,,1009.89,0*60<
2025-09-07 06:15:28.653 DEBUG [BluetoothWorker] BT: line:>$XCTRC,0,0,0,0,0,0,0,0.000000,0.000000,0.00,0.00,0.0,0.43,,,,1009.83,0*44<
2025-09-07 06:15:28.876 DEBUG [BluetoothWorker] BT: line:>$XCTRC,0,0,0,0,0,0,0,0.000000,0.000000,0.00,0.00,0.0,0.03,,,,1009.90,0*42<
2025-09-07 06:15:29.043 DEBUG [BluetoothWorker] BT: line:>$XCTRC,0,0,0,0,0,0,0,0.000000,0.000000,0.00,0.00,0.0,-0.59,,,,1009.90,0*60<
2025-09-07 06:15:29.075 DEBUG [SensorParser] GPGGA: no date from RMC line, bailing out
2025-09-07 06:15:29.270 DEBUG [BluetoothWorker] BT: line:>$XCTRC,0,0,0,0,0,0,0,0.000000,0.000000,0.00,0.00,0.0,-0.06,,,,1009.88,0*63<
2025-09-07 06:15:29.453 DEBUG [BluetoothWorker] BT: line:>$XCTRC,0,0,0,0,0,0,0,0.000000,0.000000,0.00,0.00,0.0,0.11,,,,1009.86,0*46<
2025-09-07 06:15:29.658 DEBUG [BluetoothWorker] BT: line:>$XCTRC,0,0,0,0,0,0,0,0.000000,0.000000,0.00,0.00,0.0,-0.71,,,,1009.94,0*6E<
2025-09-07 06:15:29.863 DEBUG [BluetoothWorker] BT: line:>$XCTRC,0,0,0,0,0,0,0,0.000000,0.000000,0.00,0.00,0.0,0.93,,,,1009.77,0*42<
2025-09-07 06:15:30.058 DEBUG [BluetoothWorker] BT: line:>$XCTRC,0,0,0,0,0,0,0,0.000000,0.000000,0.00,0.00,0.0,-0.74,,,,1009.92,0*6D<
2025-09-07 06:15:30.074 DEBUG [SensorParser] GPGGA: no date from RMC line, bailing out
2025-09-07 06:15:30.268 DEBUG [BluetoothWorker] BT: line:>$XCTRC,0,0,0,0,0,0,0,0.000000,0.000000,0.00,0.00,0.0,0.37,,,,1009.83,0*47<
2025-09-07 06:15:30.478 DEBUG [BluetoothWorker] BT: line:>$XCTRC,0,0,0,0,0,0,0,0.000000,0.000000,0.00,0.00,0.0,-0.27,,,,1009.89,0*61<
2025-09-07 06:15:30.676 DEBUG [BluetoothWorker] BT: line:>$XCTRC,0,0,0,0,0,0,0,0.000000,0.000000,0.00,0.00,0.0,0.16,,,,1009.94,0*42<
2025-09-07 06:15:30.855 DEBUG [BluetoothWorker] BT: line:>$XCTRC,0,0,0,0,0,0,0,0.000000,0.000000,0.00,0.00,0.0,-0.83,,,,1009.94,0*63<
2025-09-07 06:15:31.060 DEBUG [BluetoothWorker] BT: line:>$XCTRC,0,0,0,0,0,0,0,0.000000,0.000000,0.00,0.00,0.0,0.53,,,,1009.84,0*42<
2025-09-07 06:15:31.076 DEBUG [SensorParser] GPGGA: no date from RMC line, bailing out
2025-09-07 06:15:31.281 DEBUG [BluetoothWorker] BT: line:>$XCTRC,0,0,0,0,0,0,0,0.000000,0.000000,0.00,0.00,0.0,0.60,,,,1009.84,0*42<
2025-09-07 06:15:31.488 DEBUG [BluetoothWorker] BT: line:>$XCTRC,0,0,0,0,0,0,0,0.000000,0.000000,0.00,0.00,0.0,0.05,,,,1009.93,0*47<
2025-09-07 06:15:31.678 DEBUG [BluetoothWorker] BT: line:>$XCTRC,0,0,0,0,0,0,0,0.000000,0.000000,0.00,0.00,0.0,-0.75,,,,1010.01,0*6E<
2025-09-07 06:15:31.901 DEBUG [BluetoothWorker] BT: line:>$XCTRC,0,0,0,0,0,0,0,0.000000,0.000000,0.00,0.00,0.0,0.18,,,,1009.88,0*41<
2025-09-07 06:15:32.079 DEBUG [SensorParser] GPGGA: no date from RMC line, bailing out
2025-09-07 06:15:32.081 INFO [MainActivity] MainActivity onPause
2025-09-07 06:15:32.112 DEBUG [vrk] loadNavigations for org.xcontest.XCTrack.widget.wp.WPXCAssistant
2025-09-07 06:15:32.114 DEBUG [vrk] loadNavigations for org.xcontest.XCTrack.widget.wp.WPCompetition
2025-09-07 06:15:32.118 DEBUG [vrk] loadNavigations for org.xcontest.XCTrack.widget.wp.WPThermalAssistant
2025-09-07 06:15:32.372 DEBUG [BluetoothWorker] BT: line:>$XCTRC,0,0,0,0,0,0,0,0.000000,0.000000,0.00,0.00,0.0,0.46,,,,1009.92,0*41<
2025-09-07 06:15:32.373 DEBUG [BluetoothWorker] BT: line:>$XCTRC,0,0,0,0,0,0,0,0.000000,0.000000,0.00,0.00,0.0,2.51,,,,1009.67,0*4F<
2025-09-07 06:15:32.507 DEBUG [BluetoothWorker] BT: line:>$XCTRC,0,0,0,0,0,0,0,0.000000,0.000000,0.00,0.00,0.0,-0.31,,,,1009.89,0*66<
2025-09-07 06:15:32.744 DEBUG [BluetoothWorker] BT: line:>$XCTRC,0,0,0,0,0,0,0,0.000000,0.000000,0.00,0.00,0.0,-0.33,,,,1009.89,0*64<
2025-09-07 06:15:32.907 DEBUG [BluetoothWorker] BT: line:>$XCTRC,0,0,0,0,0,0,0,0.000000,0.000000,0.00,0.00,0.0,0.37,,,,1009.84,0*40<
2025-09-07 06:15:33.073 DEBUG [SensorParser] GPGGA: no date from RMC line, bailing out
2025-09-07 06:15:33.118 DEBUG [BluetoothWorker] BT: line:>$XCTRC,0,0,0,0,0,0,0,0.000000,0.000000,0.00,0.00,0.0,0.27,,,,1009.85,0*40<
2025-09-07 06:15:33.371 DEBUG [BluetoothWorker] BT: line:>$XCTRC,0,0,0,0,0,0,0,0.000000,0.000000,0.00,0.00,0.0,0.98,,,,1009.78,0*46<
2025-09-07 06:15:33.531 DEBUG [BluetoothWorker] BT: line:>$XCTRC,0,0,0,0,0,0,0,0.000000,0.000000,0.00,0.00,0.0,0.60,,,,1009.81,0*47<
2025-09-07 06:15:33.738 DEBUG [BluetoothWorker] BT: line:>$XCTRC,0,0,0,0,0,0,0,0.000000,0.000000,0.00,0.00,0.0,0.28,,,,1009.84,0*4E<
2025-09-07 06:15:33.956 DEBUG [BluetoothWorker] BT: line:>$XCTRC,0,0,0,0,0,0,0,0.000000,0.000000,0.00,0.00,0.0,0.61,,,,1009.81,0*46<
2025-09-07 06:15:34.076 DEBUG [SensorParser] GPGGA: no date from RMC line, bailing out
2025-09-07 06:15:34.149 DEBUG [BluetoothWorker] BT: line:>$XCTRC,0,0,0,0,0,0,0,0.000000,0.000000,0.00,0.00,0.0,-1.07,,,,1009.94,0*6E<
2025-09-07 06:15:34.358 DEBUG [BluetoothWorker] BT: line:>$XCTRC,0,0,0,0,0,0,0,0.000000,0.000000,0.00,0.00,0.0,0.98,,,,1009.92,1*43<
2025-09-07 06:15:34.545 DEBUG [BluetoothWorker] BT: line:>$XCTRC,0,0,0,0,0,0,0,0.000000,0.000000,0.00,0.00,0.0,-0.90,,,,1009.90,0*65<
2025-09-07 06:15:34.747 DEBUG [org.xcontest.XCTrack.config.f1:h()137] Write done: file=/data/user/0/org.xcontest.XCTrack/files/portrait.layout size=10529
2025-09-07 06:15:34.765 DEBUG [BluetoothWorker] BT: line:>$XCTRC,0,0,0,0,0,0,0,0.000000,0.000000,0.00,0.00,0.0,1.61,,,,1009.75,1*4D<
2025-09-07 06:15:34.782 DEBUG [vrk] loadNavigations for org.xcontest.XCTrack.widget.wp.WPXCAssistant
2025-09-07 06:15:34.784 DEBUG [vrk] loadNavigations for org.xcontest.XCTrack.widget.wp.WPCompetition
2025-09-07 06:15:34.787 DEBUG [vrk] loadNavigations for org.xcontest.XCTrack.widget.wp.WPThermalAssistant
2025-09-07 06:15:34.787 INFO [MainActivity] MainActivity onResume
2025-09-07 06:15:34.944 DEBUG [BluetoothWorker] BT: line:>$XCTRC,0,0,0,0,0,0,0,0.000000,0.000000,0.00,0.00,0.0,0.89,,,,1009.78,0*46<
2025-09-07 06:15:35.067 DEBUG [SensorParser] GPGGA: no date from RMC line, bailing out
2025-09-07 06:15:35.159 DEBUG [BluetoothWorker] BT: line:>$XCTRC,0,0,0,0,0,0,0,0.000000,0.000000,0.00,0.00,0.0,-0.60,,,,1009.90,0*6A<
2025-09-07 06:15:35.367 DEBUG [BluetoothWorker] BT: line:>$XCTRC,0,0,0,0,0,0,0,0.000000,0.000000,0.00,0.00,0.0,0.79,,,,1009.83,1*4C<
2025-09-07 06:15:35.557 DEBUG [BluetoothWorker] BT: line:>$XCTRC,0,0,0,0,0,0,0,0.000000,0.000000,0.00,0.00,0.0,-0.04,,,,1009.87,0*6E<
2025-09-07 06:15:35.771 DEBUG [BluetoothWorker] BT: line:>$XCTRC,0,0,0,0,0,0,0,0.000000,0.000000,0.00,0.00,0.0,0.06,,,,1009.85,0*43<
2025-09-07 06:15:35.977 DEBUG [BluetoothWorker] BT: line:>$XCTRC,0,0,0,0,0,0,0,0.000000,0.000000,0.00,0.00,0.0,0.33,,,,1009.77,0*48<
2025-09-07 06:15:36.073 DEBUG [SensorParser] GPGGA: no date from RMC line, bailing out
2025-09-07 06:15:36.168 DEBUG [BluetoothWorker] BT: line:>$XCTRC,0,0,0,0,0,0,0,0.000000,0.000000,0.00,0.00,0.0,-0.65,,,,1009.86,0*68<
2025-09-07 06:15:36.376 DEBUG [BluetoothWorker] BT: line:>$XCTRC,0,0,0,0,0,0,0,0.000000,0.000000,0.00,0.00,0.0,-0.52,,,,1009.90,0*6B<
2025-09-07 06:15:36.590 DEBUG [BluetoothWorker] BT: line:>$XCTRC,0,0,0,0,0,0,0,0.000000,0.000000,0.00,0.00,0.0,-0.04,,,,1009.83,0*6A<
2025-09-07 06:15:36.780 DEBUG [BluetoothWorker] BT: line:>$XCTRC,0,0,0,0,0,0,0,0.000000,0.000000,0.00,0.00,0.0,0.64,,,,1009.87,0*45<
2025-09-07 06:15:36.982 DEBUG [BluetoothWorker] BT: line:>$XCTRC,0,0,0,0,0,0,0,0.000000,0.000000,0.00,0.00,0.0,0.23,,,,1009.85,0*44<
2025-09-07 06:15:37.075 DEBUG [SensorParser] GPGGA: no date from RMC line, bailing out
2025-09-07 06:15:37.167 DEBUG [BluetoothWorker] BT: line:>$XCTRC,0,0,0,0,0,0,0,0.000000,0.000000,0.00,0.00,0.0,0.18,,,,1009.91,0*49<
2025-09-07 06:15:37.378 DEBUG [BluetoothWorker] BT: line:>$XCTRC,0,0,0,0,0,0,0,0.000000,0.000000,0.00,0.00,0.0,0.26,,,,1009.91,0*44<
2025-09-07 06:15:37.820 DEBUG [BluetoothWorker] BT: line:>$XCTRC,0,0,0,0,0,0,0,0.000000,0.000000,0.00,0.00,0.0,0.52,,,,1009.77,0*4F<
2025-09-07 06:15:37.823 DEBUG [BluetoothWorker] BT: line:>$XCTRC,0,0,0,0,0,0,0,0.000000,0.000000,0.00,0.00,0.0,-0.66,,,,1010.02,1*6E<
2025-09-07 06:15:37.987 DEBUG [BluetoothWorker] BT: line:>$XCTRC,0,0,0,0,0,0,0,0.000000,0.000000,0.00,0.00,0.0,-0.87,,,,1009.86,0*64<
2025-09-07 06:15:38.075 DEBUG [SensorParser] GPGGA: no date from RMC line, bailing out
2025-09-07 06:15:38.171 DEBUG [BluetoothWorker] BT: line:>$XCTRC,0,0,0,0,0,0,0,0.000000,0.000000,0.00,0.00,0.0,0.63,,,,1009.85,0*40<
2025-09-07 06:15:38.396 DEBUG [BluetoothWorker] BT: line:>$XCTRC,0,0,0,0,0,0,0,0.000000,0.000000,0.00,0.00,0.0,0.08,,,,1009.95,0*4C<
2025-09-07 06:15:38.574 DEBUG [BluetoothWorker] BT: line:>$XCTRC,0,0,0,0,0,0,0,0.000000,0.000000,0.00,0.00,0.0,-0.40,,,,1009.82,1*6A<
2025-09-07 06:15:38.795 DEBUG [BluetoothWorker] BT: line:>$XCTRC,0,0,0,0,0,0,0,0.000000,0.000000,0.00,0.00,0.0,0.83,,,,1009.79,0*4D<
2025-09-07 06:15:38.983 DEBUG [BluetoothWorker] BT: line:>$XCTRC,0,0,0,0,0,0,0,0.000000,0.000000,0.00,0.00,0.0,1.43,,,,1009.71,0*48<
2025-09-07 06:15:39.074 DEBUG [SensorParser] GPGGA: no date from RMC line, bailing out
2025-09-07 06:15:39.193 DEBUG [BluetoothWorker] BT: line:>$XCTRC,0,0,0,0,0,0,0,0.000000,0.000000,0.00,0.00,0.0,-0.30,,,,1009.84,0*6A<
2025-09-07 06:15:39.418 DEBUG [BluetoothWorker] BT: line:>$XCTRC,0,0,0,0,0,0,0,0.000000,0.000000,0.00,0.00,0.0,0.86,,,,1009.74,0*45<
2025-09-07 06:15:39.599 DEBUG [BluetoothWorker] BT: line:>$XCTRC,0,0,0,0,0,0,0,0.000000,0.000000,0.00,0.00,0.0,0.64,,,,1009.74,0*49<
2025-09-07 06:15:39.812 DEBUG [BluetoothWorker] BT: line:>$XCTRC,0,0,0,0,0,0,0,0.000000,0.000000,0.00,0.00,0.0,-0.22,,,,1009.80,0*6D<
2025-09-07 06:15:40.027 DEBUG [BluetoothWorker] BT: line:>$XCTRC,0,0,0,0,0,0,0,0.000000,0.000000,0.00,0.00,0.0,0.41,,,,1009.74,0*4E<
2025-09-07 06:15:40.076 DEBUG [SensorParser] GPGGA: no date from RMC line, bailing out
2025-09-07 06:15:40.229 DEBUG [BluetoothWorker] BT: line:>$XCTRC,0,0,0,0,0,0,0,0.000000,0.000000,0.00,0.00,0.0,0.33,,,,1009.73,0*4C<
2025-09-07 06:15:40.427 DEBUG [BluetoothWorker] BT: line:>$XCTRC,0,0,0,0,0,0,0,0.000000,0.000000,0.00,0.00,0.0,-0.53,,,,1009.80,0*6B<
2025-09-07 06:15:40.644 DEBUG [BluetoothWorker] BT: line:>$XCTRC,0,0,0,0,0,0,0,0.000000,0.000000,0.00,0.00,0.0,-1.36,,,,1009.88,0*61<
2025-09-07 06:15:40.865 DEBUG [BluetoothWorker] BT: line:>$XCTRC,0,0,0,0,0,0,0,0.000000,0.000000,0.00,0.00,0.0,-1.48,,,,1009.92,0*63<
2025-09-07 06:15:41.056 DEBUG [BluetoothWorker] BT: line:>$XCTRC,0,0,0,0,0,0,0,0.000000,0.000000,0.00,0.00,0.0,-0.25,,,,1009.90,0*6B<
2025-09-07 06:15:41.076 DEBUG [SensorParser] GPGGA: no date from RMC line, bailing out
2025-09-07 06:15:41.250 DEBUG [BluetoothWorker] BT: line:>$XCTRC,0,0,0,0,0,0,0,0.000000,0.000000,0.00,0.00,0.0,-1.29,,,,1009.94,0*62<
2025-09-07 06:15:41.471 DEBUG [BluetoothWorker] BT: line:>$XCTRC,0,0,0,0,0,0,0,0.000000,0.000000,0.00,0.00,0.0,-0.51,,,,1009.92,0*6A<
2025-09-07 06:15:41.662 DEBUG [BluetoothWorker] BT: line:>$XCTRC,0,0,0,0,0,0,0,0.000000,0.000000,0.00,0.00,0.0,-1.07,,,,1009.94,1*6F<
2025-09-07 06:15:41.853 DEBUG [BluetoothWorker] BT: line:>$XCTRC,0,0,0,0,0,0,0,0.000000,0.000000,0.00,0.00,0.0,0.09,,,,1009.90,0*48<
2025-09-07 06:15:42.070 DEBUG [BluetoothWorker] BT: line:>$XCTRC,0,0,0,0,0,0,0,0.000000,0.000000,0.00,0.00,0.0,-1.07,,,,1009.96,0*6C<
2025-09-07 06:15:42.076 DEBUG [SensorParser] GPGGA: no date from RMC line, bailing out
2025-09-07 06:15:42.253 DEBUG [BluetoothWorker] BT: line:>$XCTRC,0,0,0,0,0,0,0,0.000000,0.000000,0.00,0.00,0.0,-0.20,,,,1009.92,0*6C<
2025-09-07 06:15:42.455 DEBUG [BluetoothWorker] BT: line:>$XCTRC,0,0,0,0,0,0,0,0.000000,0.000000,0.00,0.00,0.0,-0.39,,,,1009.96,0*60<
2025-09-07 06:15:42.659 DEBUG [BluetoothWorker] BT: line:>$XCTRC,0,0,0,0,0,0,0,0.000000,0.000000,0.00,0.00,0.0,0.48,,,,1009.86,0*4A<
2025-09-07 06:15:43.075 DEBUG [SensorParser] GPGGA: no date from RMC line, bailing out
2025-09-07 06:15:43.266 DEBUG [BluetoothWorker] BT: line:>$XCTRC,0,0,0,0,0,0,0,0.000000,0.000000,0.00,0.00,0.0,1.11,,,,1009.77,0*49<
2025-09-07 06:15:43.267 DEBUG [BluetoothWorker] BT: line:>$XCTRC,0,0,0,0,0,0,0,0.000000,0.000000,0.00,0.00,0.0,2.13,,,,1009.57,0*4A<
2025-09-07 06:15:43.272 DEBUG [BluetoothWorker] BT: line:>$XCTRC,0,0,0,0,0,0,0,0.000000,0.000000,0.00,0.00,0.0,-1.51,,,,1009.97,1*6F<
2025-09-07 06:15:43.487 DEBUG [BluetoothWorker] BT: line:>$XCTRC,0,0,0,0,0,0,0,0.000000,0.000000,0.00,0.00,0.0,0.17,,,,1009.77,1*4F<
2025-09-07 06:15:43.685 DEBUG [BluetoothWorker] BT: line:>$XCTRC,0,0,0,0,0,0,0,0.000000,0.000000,0.00,0.00,0.0,-0.74,,,,1009.89,0*67<
2025-09-07 06:15:43.877 DEBUG [BluetoothWorker] BT: line:>$XCTRC,0,0,0,0,0,0,0,0.000000,0.000000,0.00,0.00,0.0,-0.35,,,,1009.92,0*68<
2025-09-07 06:15:44.077 DEBUG [SensorParser] GPGGA: no date from RMC line, bailing out
2025-09-07 06:15:44.088 DEBUG [BluetoothWorker] BT: line:>$XCTRC,0,0,0,0,0,0,0,0.000000,0.000000,0.00,0.00,0.0,0.93,,,,1009.80,0*4A<
2025-09-07 06:15:44.287 DEBUG [BluetoothWorker] BT: line:>$XCTRC,0,0,0,0,0,0,0,0.000000,0.000000,0.00,0.00,0.0,0.02,,,,1009.85,1*46<
2025-09-07 06:15:44.499 DEBUG [BluetoothWorker] BT: line:>$XCTRC,0,0,0,0,0,0,0,0.000000,0.000000,0.00,0.00,0.0,1.27,,,,1009.74,0*4F<
2025-09-07 06:15:44.724 DEBUG [BluetoothWorker] BT: line:>$XCTRC,0,0,0,0,0,0,0,0.000000,0.000000,0.00,0.00,0.0,0.56,,,,1009.79,0*45<
2025-09-07 06:15:44.895 DEBUG [BluetoothWorker] BT: line:>$XCTRC,0,0,0,0,0,0,0,0.000000,0.000000,0.00,0.00,0.0,-1.62,,,,1009.97,0*6E<
2025-09-07 06:15:45.073 DEBUG [SensorParser] GPGGA: no date from RMC line, bailing out
2025-09-07 06:15:45.115 DEBUG [BluetoothWorker] BT: line:>$XCTRC,0,0,0,0,0,0,0,0.000000,0.000000,0.00,0.00,0.0,-0.81,,,,1009.92,0*67<
2025-09-07 06:15:45.310 DEBUG [BluetoothWorker] BT: line:>$XCTRC,0,0,0,0,0,0,0,0.000000,0.000000,0.00,0.00,0.0,0.67,,,,1009.80,0*41<
2025-09-07 06:15:45.511 DEBUG [BluetoothWorker] BT: line:>$XCTRC,0,0,0,0,0,0,0,0.000000,0.000000,0.00,0.00,0.0,0.41,,,,1009.83,0*46<
2025-09-07 06:15:45.726 DEBUG [BluetoothWorker] BT: line:>$XCTRC,0,0,0,0,0,0,0,0.000000,0.000000,0.00,0.00,0.0,0.55,,,,1009.81,0*41<
2025-09-07 06:15:45.934 DEBUG [BluetoothWorker] BT: line:>$XCTRC,0,0,0,0,0,0,0,0.000000,0.000000,0.00,0.00,0.0,0.25,,,,1009.82,0*45<
2025-09-07 06:15:46.074 DEBUG [SensorParser] GPGGA: no date from RMC line, bailing out
2025-09-07 06:15:46.144 DEBUG [BluetoothWorker] BT: line:>$XCTRC,0,0,0,0,0,0,0,0.000000,0.000000,0.00,0.00,0.0,-0.57,,,,1009.88,0*67<
2025-09-07 06:15:46.343 DEBUG [BluetoothWorker] BT: line:>$XCTRC,0,0,0,0,0,0,0,0.000000,0.000000,0.00,0.00,0.0,-1.00,,,,1009.93,0*6E<
2025-09-07 06:15:46.544 DEBUG [BluetoothWorker] BT: line:>$XCTRC,0,0,0,0,0,0,0,0.000000,0.000000,0.00,0.00,0.0,-0.79,,,,1009.91,0*63<
2025-09-07 06:15:46.767 DEBUG [BluetoothWorker] BT: line:>$XCTRC,0,0,0,0,0,0,0,0.000000,0.000000,0.00,0.00,0.0,0.28,,,,1009.85,0*4F<
2025-09-07 06:15:46.946 DEBUG [BluetoothWorker] BT: line:>$XCTRC,0,0,0,0,0,0,0,0.000000,0.000000,0.00,0.00,0.0,0.94,,,,1009.84,0*49<
2025-09-07 06:15:47.076 DEBUG [SensorParser] GPGGA: no date from RMC line, bailing out
2025-09-07 06:15:47.170 DEBUG [BluetoothWorker] BT: line:>$XCTRC,0,0,0,0,0,0,0,0.000000,0.000000,0.00,0.00,0.0,0.33,,,,1009.86,0*46<
2025-09-07 06:15:47.370 DEBUG [BluetoothWorker] BT: line:>$XCTRC,0,0,0,0,0,0,0,0.000000,0.000000,0.00,0.00,0.0,0.37,,,,1009.87,1*42<
2025-09-07 06:15:47.556 DEBUG [BluetoothWorker] BT: line:>$XCTRC,0,0,0,0,0,0,0,0.000000,0.000000,0.00,0.00,0.0,0.64,,,,1009.80,0*42<
2025-09-07 06:15:47.775 DEBUG [BluetoothWorker] BT: line:>$XCTRC,0,0,0,0,0,0,0,0.000000,0.000000,0.00,0.00,0.0,0.48,,,,1009.83,1*4E<
2025-09-07 06:15:47.978 DEBUG [BluetoothWorker] BT: line:>$XCTRC,0,0,0,0,0,0,0,0.000000,0.000000,0.00,0.00,0.0,0.25,,,,1009.87,0*40<
2025-09-07 06:15:48.072 DEBUG [SensorParser] GPGGA: no date from RMC line, bailing out
2025-09-07 06:15:48.181 DEBUG [BluetoothWorker] BT: line:>$XCTRC,0,0,0,0,0,0,0,0.000000,0.000000,0.00,0.00,0.0,0.35,,,,1009.92,0*45<
2025-09-07 06:15:48.711 DEBUG [BluetoothWorker] BT: line:>$XCTRC,0,0,0,0,0,0,0,0.000000,0.000000,0.00,0.00,0.0,-0.56,,,,1009.69,0*69<
2025-09-07 06:15:48.713 DEBUG [BluetoothWorker] BT: line:>$XCTRC,0,0,0,0,0,0,0,0.000000,0.000000,0.00,0.00,0.0,0.30,,,,1010.01,0*42<
2025-09-07 06:15:48.771 DEBUG [BluetoothWorker] BT: line:>$XCTRC,0,0,0,0,0,0,0,0.000000,0.000000,0.00,0.00,0.0,-1.63,,,,1009.82,0*6B<
2025-09-07 06:15:48.962 DEBUG [BluetoothWorker] BT: line:>$XCTRC,0,0,0,0,0,0,0,0.000000,0.000000,0.00,0.00,0.0,0.58,,,,1009.84,1*48<
2025-09-07 06:15:49.073 DEBUG [SensorParser] GPGGA: no date from RMC line, bailing out
2025-09-07 06:15:49.181 DEBUG [BluetoothWorker] BT: line:>$XCTRC,0,0,0,0,0,0,0,0.000000,0.000000,0.00,0.00,0.0,-0.10,,,,1009.89,1*64<
2025-09-07 06:15:49.388 DEBUG [BluetoothWorker] BT: line:>$XCTRC,0,0,0,0,0,0,0,0.000000,0.000000,0.00,0.00,0.0,-0.08,,,,1009.82,0*67<
2025-09-07 06:15:49.584 DEBUG [BluetoothWorker] BT: line:>$XCTRC,0,0,0,0,0,0,0,0.000000,0.000000,0.00,0.00,0.0,-0.50,,,,1009.93,0*6A<
2025-09-07 06:15:49.764 DEBUG [BluetoothWorker] BT: line:>$XCTRC,0,0,0,0,0,0,0,0.000000,0.000000,0.00,0.00,0.0,0.32,,,,1009.83,0*42<
2025-09-07 06:15:49.968 DEBUG [BluetoothWorker] BT: line:>$XCTRC,0,0,0,0,0,0,0,0.000000,0.000000,0.00,0.00,0.0,-0.03,,,,1009.91,0*6E<
2025-09-07 06:15:50.070 DEBUG [SensorParser] GPGGA: no date from RMC line, bailing out
2025-09-07 06:15:50.166 DEBUG [BluetoothWorker] BT: line:>$XCTRC,0,0,0,0,0,0,0,0.000000,0.000000,0.00,0.00,0.0,-0.01,,,,1009.87,0*6B<
2025-09-07 06:15:50.368 DEBUG [BluetoothWorker] BT: line:>$XCTRC,0,0,0,0,0,0,0,0.000000,0.000000,0.00,0.00,0.0,0.63,,,,1009.89,0*4C<
2025-09-07 06:15:50.586 DEBUG [BluetoothWorker] BT: line:>$XCTRC,0,0,0,0,0,0,0,0.000000,0.000000,0.00,0.00,0.0,-0.38,,,,1009.80,0*66<
2025-09-07 06:15:50.770 DEBUG [BluetoothWorker] BT: line:>$XCTRC,0,0,0,0,0,0,0,0.000000,0.000000,0.00,0.00,0.0,0.08,,,,1009.86,0*4E<
2025-09-07 06:15:50.973 DEBUG [BluetoothWorker] BT: line:>$XCTRC,0,0,0,0,0,0,0,0.000000,0.000000,0.00,0.00,0.0,-1.16,,,,1009.97,0*6D<
2025-09-07 06:15:51.076 DEBUG [SensorParser] GPGGA: no date from RMC line, bailing out
2025-09-07 06:15:51.186 DEBUG [BluetoothWorker] BT: line:>$XCTRC,0,0,0,0,0,0,0,0.000000,0.000000,0.00,0.00,0.0,-0.94,,,,1009.97,0*66<
2025-09-07 06:15:51.399 DEBUG [BluetoothWorker] BT: line:>$XCTRC,0,0,0,0,0,0,0,0.000000,0.000000,0.00,0.00,0.0,0.52,,,,1009.84,0*43<
2025-09-07 06:15:51.598 DEBUG [BluetoothWorker] BT: line:>$XCTRC,0,0,0,0,0,0,0,0.000000,0.000000,0.00,0.00,0.0,-1.30,,,,1009.99,0*67<
2025-09-07 06:15:51.816 DEBUG [BluetoothWorker] BT: line:>$XCTRC,0,0,0,0,0,0,0,0.000000,0.000000,0.00,0.00,0.0,0.58,,,,1009.84,0*49<
2025-09-07 06:15:52.025 DEBUG [BluetoothWorker] BT: line:>$XCTRC,0,0,0,0,0,0,0,0.000000,0.000000,0.00,0.00,0.0,0.32,,,,1009.85,0*44<
2025-09-07 06:15:52.075 DEBUG [SensorParser] GPGGA: no date from RMC line, bailing out
2025-09-07 06:15:52.228 DEBUG [BluetoothWorker] BT: line:>$XCTRC,0,0,0,0,0,0,0,0.000000,0.000000,0.00,0.00,0.0,0.30,,,,1009.84,0*47<
2025-09-07 06:15:52.432 DEBUG [BluetoothWorker] BT: line:>$XCTRC,0,0,0,0,0,0,0,0.000000,0.000000,0.00,0.00,0.0,0.10,,,,1009.85,0*44<
2025-09-07 06:15:52.636 DEBUG [BluetoothWorker] BT: line:>$XCTRC,0,0,0,0,0,0,0,0.000000,0.000000,0.00,0.00,0.0,0.13,,,,1009.85,0*47<
2025-09-07 06:15:52.839 DEBUG [BluetoothWorker] BT: line:>$XCTRC,0,0,0,0,0,0,0,0.000000,0.000000,0.00,0.00,0.0,0.23,,,,1009.84,0*45<
2025-09-07 06:15:53.057 DEBUG [BluetoothWorker] BT: line:>$XCTRC,0,0,0,0,0,0,0,0.000000,0.000000,0.00,0.00,0.0,-0.17,,,,1009.83,0*68<
2025-09-07 06:15:53.069 DEBUG [SensorParser] GPGGA: no date from RMC line, bailing out
2025-09-07 06:15:53.265 DEBUG [BluetoothWorker] BT: line:>$XCTRC,0,0,0,0,0,0,0,0.000000,0.000000,0.00,0.00,0.0,-0.47,,,,1009.84,0*6A<
2025-09-07 06:15:53.458 DEBUG [BluetoothWorker] BT: line:>$XCTRC,0,0,0,0,0,0,0,0.000000,0.000000,0.00,0.00,0.0,0.82,,,,1009.80,0*4A<
2025-09-07 06:15:53.661 DEBUG [BluetoothWorker] BT: line:>$XCTRC,0,0,0,0,0,0,0,0.000000,0.000000,0.00,0.00,0.0,0.18,,,,1009.87,0*4E<
2025-09-07 06:15:54.076 DEBUG [SensorParser] GPGGA: no date from RMC line, bailing out
2025-09-07 06:15:54.156 DEBUG [BluetoothWorker] BT: line:>$XCTRC,0,0,0,0,0,0,0,0.000000,0.000000,0.00,0.00,0.0,-0.07,,,,1009.74,0*61<
2025-09-07 06:15:54.161 DEBUG [BluetoothWorker] BT: line:>$XCTRC,0,0,0,0,0,0,0,0.000000,0.000000,0.00,0.00,0.0,-0.59,,,,1010.01,1*61<
2025-09-07 06:15:54.277 DEBUG [BluetoothWorker] BT: line:>$XCTRC,0,0,0,0,0,0,0,0.000000,0.000000,0.00,0.00,0.0,-1.05,,,,1009.83,0*6A<
2025-09-07 06:15:54.453 DEBUG [BluetoothWorker] BT: line:>$XCTRC,0,0,0,0,0,0,0,0.000000,0.000000,0.00,0.00,0.0,1.03,,,,1009.96,1*44<
2025-09-07 06:15:54.647 DEBUG [BluetoothWorker] BT: line:>$XCTRC,0,0,0,0,0,0,0,0.000000,0.000000,0.00,0.00,0.0,-0.15,,,,1009.89,0*60<
2025-09-07 06:15:54.911 DEBUG [BluetoothWorker] BT: line:>$XCTRC,0,0,0,0,0,0,0,0.000000,0.000000,0.00,0.00,0.0,-0.36,,,,1009.93,1*6B<
2025-09-07 06:15:55.049 DEBUG [BluetoothWorker] BT: line:>$XCTRC,0,0,0,0,0,0,0,0.000000,0.000000,0.00,0.00,0.0,0.46,,,,1009.79,0*44<
2025-09-07 06:15:55.072 DEBUG [SensorParser] GPGGA: no date from RMC line, bailing out
2025-09-07 06:15:55.257 DEBUG [BluetoothWorker] BT: line:>$XCTRC,0,0,0,0,0,0,0,0.000000,0.000000,0.00,0.00,0.0,-0.78,,,,1009.93,0*60<
2025-09-07 06:15:55.485 DEBUG [BluetoothWorker] BT: line:>$XCTRC,0,0,0,0,0,0,0,0.000000,0.000000,0.00,0.00,0.0,-1.18,,,,1009.89,0*6C<
2025-09-07 06:15:55.680 DEBUG [BluetoothWorker] BT: line:>$XCTRC,0,0,0,0,0,0,0,0.000000,0.000000,0.00,0.00,0.0,0.30,,,,1009.89,0*4A<
2025-09-07 06:15:55.870 DEBUG [BluetoothWorker] BT: line:>$XCTRC,0,0,0,0,0,0,0,0.000000,0.000000,0.00,0.00,0.0,0.77,,,,1009.88,0*48<
2025-09-07 06:15:56.073 DEBUG [SensorParser] GPGGA: no date from RMC line, bailing out
2025-09-07 06:15:56.132 DEBUG [BluetoothWorker] BT: line:>$XCTRC,0,0,0,0,0,0,0,0.000000,0.000000,0.00,0.00,0.0,0.00,,,,1009.93,0*42<
2025-09-07 06:15:56.272 DEBUG [BluetoothWorker] BT: line:>$XCTRC,0,0,0,0,0,0,0,0.000000,0.000000,0.00,0.00,0.0,-0.05,,,,1009.87,0*6F<
2025-09-07 06:15:56.475 DEBUG [BluetoothWorker] BT: line:>$XCTRC,0,0,0,0,0,0,0,0.000000,0.000000,0.00,0.00,0.0,0.53,,,,1009.81,0*47<
2025-09-07 06:15:56.706 DEBUG [BluetoothWorker] BT: line:>$XCTRC,0,0,0,0,0,0,0,0.000000,0.000000,0.00,0.00,0.0,0.42,,,,1009.83,0*45<
2025-09-07 06:15:56.876 DEBUG [BluetoothWorker] BT: line:>$XCTRC,0,0,0,0,0,0,0,0.000000,0.000000,0.00,0.00,0.0,-0.87,,,,1009.87,0*65<
2025-09-07 06:15:56.965 INFO [TrackService] Starting service onStartCommand, intent: Intent { act=stopTracking cmp=org.xcontest.XCTrack/.TrackService }, startId: 2, current task: org.xcontest.XCTrack.navig.TaskTriangleClosing
2025-09-07 06:15:56.965 INFO [MainActivity] Preferences changed (Internal.TrackingRunning), reloading.
2025-09-07 06:15:56.965 INFO [TrackService] onStopTracking
2025-09-07 06:15:56.967 INFO [TrackService] Alarm canceled
2025-09-07 06:15:56.968 INFO [SensorManager] SensorManager is stopping
2025-09-07 06:15:56.968 INFO [BluetoothWorker] Stopping BT connection
2025-09-07 06:15:56.968 INFO [internalGps] Stopping
2025-09-07 06:15:56.983 DEBUG [qnh-fetcher] Stopping QNH updater
2025-09-07 06:15:56.984 INFO [org.xcontest.XCTrack.p:e()6] landed
2025-09-07 06:15:56.984 DEBUG [glassManager] Stopping glass manager
2025-09-07 06:15:56.985 INFO [maverick] Stopping glasses
2025-09-07 06:15:56.986 INFO [Safesky] Stopping
2025-09-07 06:15:56.987 INFO [Tasks] tasks saved, active org.xcontest.XCTrack.navig.TaskTriangleClosing, org.xcontest.XCTrack.info.r.n(SourceFile:216)
	org.xcontest.XCTrack.TrackService.f(SourceFile:183)
	org.xcontest.XCTrack.TrackService.onStartCommand(SourceFile:411)
	android.app.ActivityThread.handleServiceArgs(ActivityThread.java:4947)
	android.app.ActivityThread.-$$Nest$mhandleServiceArgs(Unknown Source:0)
	android.app.ActivityThread$H.handleMessage(ActivityThread.java:2388)
	android.os.Handler.dispatchMessage(Handler.java:106)
	android.os.Looper.loopOnce(Looper.java:240)
2025-09-07 06:15:56.987 INFO [TrackService] StopSelf.
2025-09-07 06:15:57.006 INFO [MainActivity] MainActivity onPause
2025-09-07 06:15:57.033 INFO [TrackService] FINISHED
2025-09-07 06:15:57.105 DEBUG [BluetoothWorker] BT: line:>$XCTRC,0,0,0,0,0,0,0,0.000000,0.000000,0.00,0.00,0.0,-0.67,,,,1009.89,0*65<
2025-09-07 06:15:57.106 INFO [BluetoothLE] BluetoothSensorGeneric: close from: org.xcontest.XCTrack.sensors.r.run(SourceFile:156)
	java.lang.Thread.run(Thread.java:1119)
2025-09-07 06:15:57.627 INFO [MainActivity] MainActivity onDestroy
2025-09-07 06:15:57.628 DEBUG [media] Media session released
2025-09-07 06:15:57.784 INFO [airwebMsg] FCM topic 'airspace' unsubscribed
2025-09-07 06:15:59.812 INFO [org.xcontest.XCTrack.startup.StartupActivity:onCreate()3] StartupActivity: onCreate
2025-09-07 06:15:59.885 INFO [org.xcontest.XCTrack.startup.StartupActivity:onResume()3] StartupActivity: onResume
2025-09-07 06:16:00.716 INFO [MainActivity] Enabling HW acceleration
2025-09-07 06:16:00.725 DEBUG [vrk] loadNavigations for org.xcontest.XCTrack.widget.wp.WPXCAssistant
2025-09-07 06:16:00.727 DEBUG [vrk] loadNavigations for org.xcontest.XCTrack.widget.wp.WPCompetition
2025-09-07 06:16:00.731 DEBUG [vrk] loadNavigations for org.xcontest.XCTrack.widget.wp.WPThermalAssistant
2025-09-07 06:16:00.737 DEBUG [compass] Setting compass screen orientation: 0
2025-09-07 06:16:00.739 INFO [MainActivity] MainActivity onResume
2025-09-07 06:16:00.740 DEBUG [TrackService] Starting service through bind
2025-09-07 06:16:00.744 INFO [airwebMsg] FCM trying to subscribe topic airspace
2025-09-07 06:16:00.744 DEBUG [advert sync] Starting sync
2025-09-07 06:16:00.754 INFO [TrackService] Starting service onCreate
2025-09-07 06:16:00.793 DEBUG [TrackService] Service connection - service connected
2025-09-07 06:16:00.812 INFO [TrackService] Starting service onStartCommand, intent: Intent { act=startTracking cmp=org.xcontest.XCTrack/.TrackService }, startId: 1, current task: org.xcontest.XCTrack.navig.TaskTriangleClosing
2025-09-07 06:16:00.813 INFO [MainActivity] Preferences changed (Internal.TrackingRunning), reloading.
2025-09-07 06:16:00.815 INFO [TrackService] Alarm started
2025-09-07 06:16:00.815 INFO [TrackService] acquireWakeLock
2025-09-07 06:16:00.824 INFO [VarioSound] Vario Sound: latency: 0.042993 sec
2025-09-07 06:16:00.840 INFO [Safesky] Starting
2025-09-07 06:16:00.840 INFO [SensorManager] SensorManager is starting
2025-09-07 06:16:00.840 INFO [BluetoothWorker] Starting BT connection
2025-09-07 06:16:00.841 INFO [internalGps] Starting
2025-09-07 06:16:00.843 INFO [airweb] Nothing to refresh (no selected oaids), stopping
2025-09-07 06:16:00.845 INFO [baro] Starting baro listener
2025-09-07 06:16:00.849 INFO [compass] Starting compass/rotation listener.
2025-09-07 06:16:00.892 INFO [TrackService] Activity recognition connected
2025-09-07 06:16:00.892 INFO [Tasks] Loading
2025-09-07 06:16:00.893 INFO [Tasks] tasks saved, active org.xcontest.XCTrack.navig.TaskTriangleClosing, org.xcontest.XCTrack.navig.TaskCompetition.C(SourceFile:62)
	org.xcontest.XCTrack.navig.TaskCompetition.d(SourceFile:355)
	org.xcontest.XCTrack.info.q.invokeSuspend(SourceFile:171)
	ge.a.resumeWith(SourceFile:9)
	kotlinx.coroutines.n0.run(SourceFile:113)
	android.os.Handler.handleCallback(Handler.java:958)
	android.os.Handler.dispatchMessage(Handler.java:99)
	android.os.Looper.loopOnce(Looper.java:240)
2025-09-07 06:16:00.893 INFO [Tasks] tasks loaded, active org.xcontest.XCTrack.navig.TaskTriangleClosing
2025-09-07 06:16:00.896 DEBUG [vrk] loadNavigations for org.xcontest.XCTrack.widget.wp.WPXCAssistant
2025-09-07 06:16:00.900 DEBUG [vrk] loadNavigations for org.xcontest.XCTrack.widget.wp.WPCompetition
2025-09-07 06:16:00.905 DEBUG [vrk] loadNavigations for org.xcontest.XCTrack.widget.wp.WPThermalAssistant
2025-09-07 06:16:00.960 INFO [BluetoothWorker] bluetooth connect ok
2025-09-07 06:16:00.960 INFO [EventMapping] Event: BT_OK
2025-09-07 06:16:00.990 DEBUG [SensorParser] GPGGA: no date from RMC line, bailing out
2025-09-07 06:16:01.060 INFO [airwebMsg] FCM topic 'airspace' subscribed
2025-09-07 06:16:01.201 DEBUG [BluetoothWorker] BT: line:>$XCTRC,0,0,0,0,0,0,0,0.000000,0.000000,0.00,0.00,0.0,0.35,,,,1009.83,1*44<
2025-09-07 06:16:01.201 INFO [BluetoothWorker] Detected generic bluetooth device
2025-09-07 06:16:01.391 DEBUG [BluetoothWorker] BT: line:>$XCTRC,0,0,0,0,0,0,0,0.000000,0.000000,0.00,0.00,0.0,-0.63,,,,1009.91,0*68<
2025-09-07 06:16:01.463 DEBUG [SensorParser] GPGGA: no date from RMC line, bailing out
2025-09-07 06:16:01.590 INFO [obstacleService] Updating obstacle file infos: 22 items
2025-09-07 06:16:01.605 DEBUG [BluetoothWorker] BT: line:>$XCTRC,0,0,0,0,0,0,0,0.000000,0.000000,0.00,0.00,0.0,-0.28,,,,1009.88,0*6F<
2025-09-07 06:16:01.805 DEBUG [BluetoothWorker] BT: line:>$XCTRC,0,0,0,0,0,0,0,0.000000,0.000000,0.00,0.00,0.0,-0.77,,,,1009.93,0*6F<
2025-09-07 06:16:01.976 DEBUG [SensorParser] GPGGA: no date from RMC line, bailing out
2025-09-07 06:16:02.012 DEBUG [BluetoothWorker] BT: line:>$XCTRC,0,0,0,0,0,0,0,0.000000,0.000000,0.00,0.00,0.0,1.06,,,,1009.78,0*40<
2025-09-07 06:16:02.203 DEBUG [BluetoothWorker] BT: line:>$XCTRC,0,0,0,0,0,0,0,0.000000,0.000000,0.00,0.00,0.0,0.96,,,,1009.77,0*47<
2025-09-07 06:16:02.335 INFO [obstacleManager] Loaded obstacles: 10708
2025-09-07 06:16:02.422 DEBUG [BluetoothWorker] BT: line:>$XCTRC,0,0,0,0,0,0,0,0.000000,0.000000,0.00,0.00,0.0,-1.02,,,,1009.94,0*6B<
2025-09-07 06:16:02.463 DEBUG [SensorParser] GPGGA: no date from RMC line, bailing out
2025-09-07 06:16:02.610 DEBUG [BluetoothWorker] BT: line:>$XCTRC,0,0,0,0,0,0,0,0.000000,0.000000,0.00,0.00,0.0,0.39,,,,1009.83,0*49<
2025-09-07 06:16:02.824 DEBUG [BluetoothWorker] BT: line:>$XCTRC,0,0,0,0,0,0,0,0.000000,0.000000,0.00,0.00,0.0,-0.56,,,,1009.92,0*6D<
2025-09-07 06:16:02.966 DEBUG [SensorParser] GPGGA: no date from RMC line, bailing out
2025-09-07 06:16:03.025 DEBUG [BluetoothWorker] BT: line:>$XCTRC,0,0,0,0,0,0,0,0.000000,0.000000,0.00,0.00,0.0,0.40,,,,1009.84,0*40<
2025-09-07 06:16:03.236 DEBUG [BluetoothWorker] BT: line:>$XCTRC,0,0,0,0,0,0,0,0.000000,0.000000,0.00,0.00,0.0,0.19,,,,1009.85,0*4D<
2025-09-07 06:16:03.446 DEBUG [BluetoothWorker] BT: line:>$XCTRC,0,0,0,0,0,0,0,0.000000,0.000000,0.00,0.00,0.0,-0.38,,,,1009.90,0*67<
2025-09-07 06:16:03.466 DEBUG [SensorParser] GPGGA: no date from RMC line, bailing out
2025-09-07 06:16:03.655 DEBUG [BluetoothWorker] BT: line:>$XCTRC,0,0,0,0,0,0,0,0.000000,0.000000,0.00,0.00,0.0,-0.34,,,,1009.93,0*68<
2025-09-07 06:16:03.870 DEBUG [BluetoothWorker] BT: line:>$XCTRC,0,0,0,0,0,0,0,0.000000,0.000000,0.00,0.00,0.0,0.29,,,,1009.85,0*4E<
2025-09-07 06:16:03.964 DEBUG [SensorParser] GPGGA: no date from RMC line, bailing out
2025-09-07 06:16:04.043 DEBUG [BluetoothWorker] BT: line:>$XCTRC,0,0,0,0,0,0,0,0.000000,0.000000,0.00,0.00,0.0,-0.93,,,,1009.84,0*63<
2025-09-07 06:16:04.253 DEBUG [BluetoothWorker] BT: line:>$XCTRC,0,0,0,0,0,0,0,0.000000,0.000000,0.00,0.00,0.0,0.80,,,,1009.81,1*48<
2025-09-07 06:16:04.464 DEBUG [BluetoothWorker] BT: line:>$XCTRC,0,0,0,0,0,0,0,0.000000,0.000000,0.00,0.00,0.0,-0.59,,,,1009.90,0*60<
2025-09-07 06:16:04.666 DEBUG [BluetoothWorker] BT: line:>$XCTRC,0,0,0,0,0,0,0,0.000000,0.000000,0.00,0.00,0.0,0.32,,,,1009.89,0*48<
2025-09-07 06:16:04.854 DEBUG [BluetoothWorker] BT: line:>$XCTRC,0,0,0,0,0,0,0,0.000000,0.000000,0.00,0.00,0.0,0.92,,,,1009.80,0*4B<
2025-09-07 06:16:04.971 DEBUG [SensorParser] GPGGA: no date from RMC line, bailing out
2025-09-07 06:16:05.093 DEBUG [BluetoothWorker] BT: line:>$XCTRC,0,0,0,0,0,0,0,0.000000,0.000000,0.00,0.00,0.0,0.14,,,,1009.83,0*46<
2025-09-07 06:16:05.256 DEBUG [BluetoothWorker] BT: line:>$XCTRC,0,0,0,0,0,0,0,0.000000,0.000000,0.00,0.00,0.0,0.01,,,,1009.87,0*46<
2025-09-07 06:16:05.484 DEBUG [BluetoothWorker] BT: line:>$XCTRC,0,0,0,0,0,0,0,0.000000,0.000000,0.00,0.00,0.0,0.71,,,,1009.78,0*41<
2025-09-07 06:16:05.677 DEBUG [BluetoothWorker] BT: line:>$XCTRC,0,0,0,0,0,0,0,0.000000,0.000000,0.00,0.00,0.0,-0.41,,,,1009.83,0*6B<
2025-09-07 06:16:05.869 DEBUG [BluetoothWorker] BT: line:>$XCTRC,0,0,0,0,0,0,0,0.000000,0.000000,0.00,0.00,0.0,-0.08,,,,1009.85,0*60<
2025-09-07 06:16:05.968 DEBUG [SensorParser] GPGGA: no date from RMC line, bailing out
2025-09-07 06:16:06.530 DEBUG [BluetoothWorker] BT: line:>$XCTRC,0,0,0,0,0,0,0,0.000000,0.000000,0.00,0.00,0.0,-0.14,,,,1009.88,0*60<
2025-09-07 06:16:06.536 DEBUG [BluetoothWorker] BT: line:>$XCTRC,0,0,0,0,0,0,0,0.000000,0.000000,0.00,0.00,0.0,-0.88,,,,1009.93,4*6B<
2025-09-07 06:16:06.538 DEBUG [BluetoothWorker] BT: line:>$XCTRC,0,0,0,0,0,0,0,0.000000,0.000000,0.00,0.00,0.0,2.28,,,,1009.96,0*4F<
2025-09-07 06:16:06.674 DEBUG [BluetoothWorker] BT: line:>$XCTRC,0,0,0,0,0,0,0,0.000000,0.000000,0.00,0.00,0.0,-0.03,,,,1009.87,0*69<
2025-09-07 06:16:06.927 DEBUG [BluetoothWorker] BT: line:>$XCTRC,0,0,0,0,0,0,0,0.000000,0.000000,0.00,0.00,0.0,-0.05,,,,1009.84,0*6C<
2025-09-07 06:16:06.971 DEBUG [SensorParser] GPGGA: no date from RMC line, bailing out
2025-09-07 06:16:07.135 DEBUG [BluetoothWorker] BT: line:>$XCTRC,0,0,0,0,0,0,0,0.000000,0.000000,0.00,0.00,0.0,-0.59,,,,1009.91,0*61<
2025-09-07 06:16:07.295 DEBUG [BluetoothWorker] BT: line:>$XCTRC,0,0,0,0,0,0,0,0.000000,0.000000,0.00,0.00,0.0,0.04,,,,1009.86,0*42<
2025-09-07 06:16:07.499 DEBUG [BluetoothWorker] BT: line:>$XCTRC,0,0,0,0,0,0,0,0.000000,0.000000,0.00,0.00,0.0,0.05,,,,1009.85,0*40<
2025-09-07 06:16:07.701 DEBUG [BluetoothWorker] BT: line:>$XCTRC,0,0,0,0,0,0,0,0.000000,0.000000,0.00,0.00,0.0,-0.60,,,,1009.91,0*6B<
2025-09-07 06:16:07.915 DEBUG [BluetoothWorker] BT: line:>$XCTRC,0,0,0,0,0,0,0,0.000000,0.000000,0.00,0.00,0.0,0.11,,,,1009.85,0*45<
2025-09-07 06:16:07.974 DEBUG [SensorParser] GPGGA: no date from RMC line, bailing out
2025-09-07 06:16:08.125 DEBUG [BluetoothWorker] BT: line:>$XCTRC,0,0,0,0,0,0,0,0.000000,0.000000,0.00,0.00,0.0,-0.92,,,,1009.94,0*63<
2025-09-07 06:16:08.332 DEBUG [BluetoothWorker] BT: line:>$XCTRC,0,0,0,0,0,0,0,0.000000,0.000000,0.00,0.00,0.0,0.41,,,,1009.85,0*40<
2025-09-07 06:16:08.526 DEBUG [BluetoothWorker] BT: line:>$XCTRC,0,0,0,0,0,0,0,0.000000,0.000000,0.00,0.00,0.0,-0.91,,,,1009.95,0*61<
2025-09-07 06:16:08.733 DEBUG [BluetoothWorker] BT: line:>$XCTRC,0,0,0,0,0,0,0,0.000000,0.000000,0.00,0.00,0.0,1.34,,,,1009.77,0*4E<
2025-09-07 06:16:08.951 DEBUG [BluetoothWorker] BT: line:>$XCTRC,0,0,0,0,0,0,0,0.000000,0.000000,0.00,0.00,0.0,-1.17,,,,1009.97,0*6C<
2025-09-07 06:16:08.965 DEBUG [SensorParser] GPGGA: no date from RMC line, bailing out
2025-09-07 06:16:09.151 DEBUG [BluetoothWorker] BT: line:>$XCTRC,0,0,0,0,0,0,0,0.000000,0.000000,0.00,0.00,0.0,0.23,,,,1009.87,0*46<
2025-09-07 06:16:09.342 DEBUG [BluetoothWorker] BT: line:>$XCTRC,0,0,0,0,0,0,0,0.000000,0.000000,0.00,0.00,0.0,0.44,,,,1009.85,0*45<
2025-09-07 06:16:09.599 DEBUG [BluetoothWorker] BT: line:>$XCTRC,0,0,0,0,0,0,0,0.000000,0.000000,0.00,0.00,0.0,0.10,,,,1009.86,0*47<
2025-09-07 06:16:09.661 INFO [MainActivity] MainActivity onPause
2025-09-07 06:16:09.766 DEBUG [BluetoothWorker] BT: line:>$XCTRC,0,0,0,0,0,0,0,0.000000,0.000000,0.00,0.00,0.0,1.28,,,,1009.77,0*43<
2025-09-07 06:16:09.955 DEBUG [BluetoothWorker] BT: line:>$XCTRC,0,0,0,0,0,0,0,0.000000,0.000000,0.00,0.00,0.0,1.30,,,,1009.71,0*4C<
2025-09-07 06:16:09.964 DEBUG [SensorParser] GPGGA: no date from RMC line, bailing out
2025-09-07 06:16:10.152 DEBUG [BluetoothWorker] BT: line:>$XCTRC,0,0,0,0,0,0,0,0.000000,0.000000,0.00,0.00,0.0,-1.00,,,,1009.91,0*6C<
2025-09-07 06:16:10.368 DEBUG [BluetoothWorker] BT: line:>$XCTRC,0,0,0,0,0,0,0,0.000000,0.000000,0.00,0.00,0.0,-0.21,,,,1009.87,0*69<
2025-09-07 06:16:10.560 DEBUG [BluetoothWorker] BT: line:>$XCTRC,0,0,0,0,0,0,0,0.000000,0.000000,0.00,0.00,0.0,-0.16,,,,1009.90,1*6A<
2025-09-07 06:16:10.748 INFO [airweb] Airweb failback finished, FCM works.
2025-09-07 06:16:10.774 DEBUG [BluetoothWorker] BT: line:>$XCTRC,0,0,0,0,0,0,0,0.000000,0.000000,0.00,0.00,0.0,-0.27,,,,1009.84,0*6C<
2025-09-07 06:16:10.970 DEBUG [SensorParser] GPGGA: no date from RMC line, bailing out
2025-09-07 06:16:10.991 DEBUG [BluetoothWorker] BT: line:>$XCTRC,0,0,0,0,0,0,0,0.000000,0.000000,0.00,0.00,0.0,0.64,,,,1009.83,0*41<
2025-09-07 06:16:11.198 DEBUG [BluetoothWorker] BT: line:>$XCTRC,0,0,0,0,0,0,0,0.000000,0.000000,0.00,0.00,0.0,0.36,,,,1009.82,1*46<
2025-09-07 06:16:11.427 DEBUG [BluetoothWorker] BT: line:>$XCTRC,0,0,0,0,0,0,0,0.000000,0.000000,0.00,0.00,0.0,-0.25,,,,1009.86,0*6C<
2025-09-07 06:16:11.972 DEBUG [SensorParser] GPGGA: no date from RMC line, bailing out
2025-09-07 06:16:11.975 DEBUG [BluetoothWorker] BT: line:>$XCTRC,0,0,0,0,0,0,0,0.000000,0.000000,0.00,0.00,0.0,-1.11,,,,1009.96,0*6B<
2025-09-07 06:16:11.981 DEBUG [BluetoothWorker] BT: line:>$XCTRC,0,0,0,0,0,0,0,0.000000,0.000000,0.00,0.00,0.0,1.89,,,,1009.56,1*4A<
2025-09-07 06:16:12.007 DEBUG [BluetoothWorker] BT: line:>$XCTRC,0,0,0,0,0,0,0,0.000000,0.000000,0.00,0.00,0.0,2.03,,,,1009.66,3*4A<
2025-09-07 06:16:12.213 DEBUG [BluetoothWorker] BT: line:>$XCTRC,0,0,0,0,0,0,0,0.000000,0.000000,0.00,0.00,0.0,-1.25,,,,1009.92,0*68<
2025-09-07 06:16:12.412 DEBUG [BluetoothWorker] BT: line:>$XCTRC,0,0,0,0,0,0,0,0.000000,0.000000,0.00,0.00,0.0,-0.33,,,,1009.86,0*6B<
2025-09-07 06:16:12.620 DEBUG [BluetoothWorker] BT: line:>$XCTRC,0,0,0,0,0,0,0,0.000000,0.000000,0.00,0.00,0.0,-1.09,,,,1009.94,0*60<
2025-09-07 06:16:12.827 DEBUG [BluetoothWorker] BT: line:>$XCTRC,0,0,0,0,0,0,0,0.000000,0.000000,0.00,0.00,0.0,-0.13,,,,1009.87,0*68<
2025-09-07 06:16:12.963 DEBUG [SensorParser] GPGGA: no date from RMC line, bailing out
2025-09-07 06:16:13.040 DEBUG [BluetoothWorker] BT: line:>$XCTRC,0,0,0,0,0,0,0,0.000000,0.000000,0.00,0.00,0.0,0.51,,,,1009.81,0*45<
2025-09-07 06:16:13.231 DEBUG [BluetoothWorker] BT: line:>$XCTRC,0,0,0,0,0,0,0,0.000000,0.000000,0.00,0.00,0.0,-0.63,,,,1009.90,0*69<
2025-09-07 06:16:13.439 DEBUG [BluetoothWorker] BT: line:>$XCTRC,0,0,0,0,0,0,0,0.000000,0.000000,0.00,0.00,0.0,0.45,,,,1009.81,0*40<
2025-09-07 06:16:13.644 DEBUG [BluetoothWorker] BT: line:>$XCTRC,0,0,0,0,0,0,0,0.000000,0.000000,0.00,0.00,0.0,-0.97,,,,1009.94,0*66<
2025-09-07 06:16:13.874 DEBUG [BluetoothWorker] BT: line:>$XCTRC,0,0,0,0,0,0,0,0.000000,0.000000,0.00,0.00,0.0,0.01,,,,1009.86,0*47<
2025-09-07 06:16:13.970 DEBUG [SensorParser] GPGGA: no date from RMC line, bailing out
2025-09-07 06:16:14.070 DEBUG [BluetoothWorker] BT: line:>$XCTRC,0,0,0,0,0,0,0,0.000000,0.000000,0.00,0.00,0.0,-0.40,,,,1009.90,0*68<
2025-09-07 06:16:14.272 DEBUG [BluetoothWorker] BT: line:>$XCTRC,0,0,0,0,0,0,0,0.000000,0.000000,0.00,0.00,0.0,-0.91,,,,1009.95,0*61<
2025-09-07 06:16:14.457 DEBUG [BluetoothWorker] BT: line:>$XCTRC,0,0,0,0,0,0,0,0.000000,0.000000,0.00,0.00,0.0,0.53,,,,1009.87,0*41<
2025-09-07 06:16:14.664 DEBUG [BluetoothWorker] BT: line:>$XCTRC,0,0,0,0,0,0,0,0.000000,0.000000,0.00,0.00,0.0,-0.35,,,,1009.90,0*6A<
2025-09-07 06:16:14.862 DEBUG [BluetoothWorker] BT: line:>$XCTRC,0,0,0,0,0,0,0,0.000000,0.000000,0.00,0.00,0.0,0.32,,,,1009.87,0*46<
2025-09-07 06:19:03.072 ERROR [BluetoothWorker] Bluetooth error while reading
	EXCEPTION: java.io.IOException: bt socket closed, read return: -1
java.io.IOException: bt socket closed, read return: -1
	at android.bluetooth.BluetoothSocket.read(BluetoothSocket.java:677)
	at android.bluetooth.BluetoothInputStream.read(BluetoothInputStream.java:91)
	at sun.nio.cs.StreamDecoder.readBytes(StreamDecoder.java:291)
	at sun.nio.cs.StreamDecoder.implRead(StreamDecoder.java:355)
	at sun.nio.cs.StreamDecoder.read(StreamDecoder.java:181)
	at java.io.InputStreamReader.read(InputStreamReader.java:177)
	at java.io.BufferedReader.fill(BufferedReader.java:172)
	at java.io.BufferedReader.readLine(BufferedReader.java:337)
	at java.io.BufferedReader.readLine(BufferedReader.java:403)
	at org.xcontest.XCTrack.sensors.r.run(SourceFile:42)
	at java.lang.Thread.run(Thread.java:1119)
2025-09-07 06:19:15.789 ERROR [BluetoothWorker] Bluetooth exception while connecting
	EXCEPTION: java.io.IOException: read failed, socket might closed or timeout, read ret: -1
java.io.IOException: read failed, socket might closed or timeout, read ret: -1
	at android.bluetooth.BluetoothSocket.readAll(BluetoothSocket.java:924)
	at android.bluetooth.BluetoothSocket.readInt(BluetoothSocket.java:938)
	at android.bluetooth.BluetoothSocket.connect(BluetoothSocket.java:502)
	at org.xcontest.XCTrack.sensors.r.e(SourceFile:70)
	at org.xcontest.XCTrack.sensors.r.run(SourceFile:23)
	at java.lang.Thread.run(Thread.java:1119)
2025-09-07 06:19:23.503 ERROR [BluetoothWorker] Bluetooth connection failed: 
	EXCEPTION: java.io.IOException: read failed, socket might closed or timeout, read ret: -1
java.io.IOException: read failed, socket might closed or timeout, read ret: -1
	at android.bluetooth.BluetoothSocket.readAll(BluetoothSocket.java:924)
	at android.bluetooth.BluetoothSocket.waitSocketSignal(BluetoothSocket.java:877)
	at android.bluetooth.BluetoothSocket.connect(BluetoothSocket.java:517)
	at org.xcontest.XCTrack.sensors.r.e(SourceFile:152)
	at org.xcontest.XCTrack.sensors.r.run(SourceFile:23)
	at java.lang.Thread.run(Thread.java:1119)
2025-09-07 06:19:36.226 ERROR [BluetoothWorker] Bluetooth exception while connecting
	EXCEPTION: java.io.IOException: read failed, socket might closed or timeout, read ret: -1
java.io.IOException: read failed, socket might closed or timeout, read ret: -1
	at android.bluetooth.BluetoothSocket.readAll(BluetoothSocket.java:924)
	at android.bluetooth.BluetoothSocket.readInt(BluetoothSocket.java:938)
	at android.bluetooth.BluetoothSocket.connect(BluetoothSocket.java:502)
	at org.xcontest.XCTrack.sensors.r.e(SourceFile:70)
	at org.xcontest.XCTrack.sensors.r.run(SourceFile:23)
	at java.lang.Thread.run(Thread.java:1119)
2025-09-07 06:19:43.939 ERROR [BluetoothWorker] Bluetooth connection failed: 
	EXCEPTION: java.io.IOException: read failed, socket might closed or timeout, read ret: -1
java.io.IOException: read failed, socket might closed or timeout, read ret: -1
	at android.bluetooth.BluetoothSocket.readAll(BluetoothSocket.java:924)
	at android.bluetooth.BluetoothSocket.waitSocketSignal(BluetoothSocket.java:877)
	at android.bluetooth.BluetoothSocket.connect(BluetoothSocket.java:517)
	at org.xcontest.XCTrack.sensors.r.e(SourceFile:152)
	at org.xcontest.XCTrack.sensors.r.run(SourceFile:23)
	at java.lang.Thread.run(Thread.java:1119)
2025-09-07 06:19:56.655 ERROR [BluetoothWorker] Bluetooth exception while connecting
	EXCEPTION: java.io.IOException: read failed, socket might closed or timeout, read ret: -1
java.io.IOException: read failed, socket might closed or timeout, read ret: -1
	at android.bluetooth.BluetoothSocket.readAll(BluetoothSocket.java:924)
	at android.bluetooth.BluetoothSocket.readInt(BluetoothSocket.java:938)
	at android.bluetooth.BluetoothSocket.connect(BluetoothSocket.java:502)
	at org.xcontest.XCTrack.sensors.r.e(SourceFile:70)
	at org.xcontest.XCTrack.sensors.r.run(SourceFile:23)
	at java.lang.Thread.run(Thread.java:1119)
2025-09-07 06:20:04.366 ERROR [BluetoothWorker] Bluetooth connection failed: 
	EXCEPTION: java.io.IOException: read failed, socket might closed or timeout, read ret: -1
java.io.IOException: read failed, socket might closed or timeout, read ret: -1
	at android.bluetooth.BluetoothSocket.readAll(BluetoothSocket.java:924)
	at android.bluetooth.BluetoothSocket.waitSocketSignal(BluetoothSocket.java:877)
	at android.bluetooth.BluetoothSocket.connect(BluetoothSocket.java:517)
	at org.xcontest.XCTrack.sensors.r.e(SourceFile:152)
	at org.xcontest.XCTrack.sensors.r.run(SourceFile:23)
	at java.lang.Thread.run(Thread.java:1119)
2025-09-07 06:20:17.076 ERROR [BluetoothWorker] Bluetooth exception while connecting
	EXCEPTION: java.io.IOException: read failed, socket might closed or timeout, read ret: -1
java.io.IOException: read failed, socket might closed or timeout, read ret: -1
	at android.bluetooth.BluetoothSocket.readAll(BluetoothSocket.java:924)
	at android.bluetooth.BluetoothSocket.readInt(BluetoothSocket.java:938)
	at android.bluetooth.BluetoothSocket.connect(BluetoothSocket.java:502)
	at org.xcontest.XCTrack.sensors.r.e(SourceFile:70)
	at org.xcontest.XCTrack.sensors.r.run(SourceFile:23)
	at java.lang.Thread.run(Thread.java:1119)
2025-09-07 06:20:24.779 ERROR [BluetoothWorker] Bluetooth connection failed: 
	EXCEPTION: java.io.IOException: read failed, socket might closed or timeout, read ret: -1
java.io.IOException: read failed, socket might closed or timeout, read ret: -1
	at android.bluetooth.BluetoothSocket.readAll(BluetoothSocket.java:924)
	at android.bluetooth.BluetoothSocket.waitSocketSignal(BluetoothSocket.java:877)
	at android.bluetooth.BluetoothSocket.connect(BluetoothSocket.java:517)
	at org.xcontest.XCTrack.sensors.r.e(SourceFile:152)
	at org.xcontest.XCTrack.sensors.r.run(SourceFile:23)
	at java.lang.Thread.run(Thread.java:1119)
2025-09-07 06:20:37.492 ERROR [BluetoothWorker] Bluetooth exception while connecting
	EXCEPTION: java.io.IOException: read failed, socket might closed or timeout, read ret: -1
java.io.IOException: read failed, socket might closed or timeout, read ret: -1
	at android.bluetooth.BluetoothSocket.readAll(BluetoothSocket.java:924)
	at android.bluetooth.BluetoothSocket.readInt(BluetoothSocket.java:938)
	at android.bluetooth.BluetoothSocket.connect(BluetoothSocket.java:502)
	at org.xcontest.XCTrack.sensors.r.e(SourceFile:70)
	at org.xcontest.XCTrack.sensors.r.run(SourceFile:23)
	at java.lang.Thread.run(Thread.java:1119)
2025-09-07 06:20:45.203 ERROR [BluetoothWorker] Bluetooth connection failed: 
	EXCEPTION: java.io.IOException: read failed, socket might closed or timeout, read ret: -1
java.io.IOException: read failed, socket might closed or timeout, read ret: -1
	at android.bluetooth.BluetoothSocket.readAll(BluetoothSocket.java:924)
	at android.bluetooth.BluetoothSocket.waitSocketSignal(BluetoothSocket.java:877)
	at android.bluetooth.BluetoothSocket.connect(BluetoothSocket.java:517)
	at org.xcontest.XCTrack.sensors.r.e(SourceFile:152)
	at org.xcontest.XCTrack.sensors.r.run(SourceFile:23)
	at java.lang.Thread.run(Thread.java:1119)
2025-09-07 06:20:57.918 ERROR [BluetoothWorker] Bluetooth exception while connecting
	EXCEPTION: java.io.IOException: read failed, socket might closed or timeout, read ret: -1
java.io.IOException: read failed, socket might closed or timeout, read ret: -1
	at android.bluetooth.BluetoothSocket.readAll(BluetoothSocket.java:924)
	at android.bluetooth.BluetoothSocket.readInt(BluetoothSocket.java:938)
	at android.bluetooth.BluetoothSocket.connect(BluetoothSocket.java:502)
	at org.xcontest.XCTrack.sensors.r.e(SourceFile:70)
	at org.xcontest.XCTrack.sensors.r.run(SourceFile:23)
	at java.lang.Thread.run(Thread.java:1119)
2025-09-07 06:21:05.632 ERROR [BluetoothWorker] Bluetooth connection failed: 
	EXCEPTION: java.io.IOException: read failed, socket might closed or timeout, read ret: -1
java.io.IOException: read failed, socket might closed or timeout, read ret: -1
	at android.bluetooth.BluetoothSocket.readAll(BluetoothSocket.java:924)
	at android.bluetooth.BluetoothSocket.waitSocketSignal(BluetoothSocket.java:877)
	at android.bluetooth.BluetoothSocket.connect(BluetoothSocket.java:517)
	at org.xcontest.XCTrack.sensors.r.e(SourceFile:152)
	at org.xcontest.XCTrack.sensors.r.run(SourceFile:23)
	at java.lang.Thread.run(Thread.java:1119)
2025-09-07 06:21:18.344 ERROR [BluetoothWorker] Bluetooth exception while connecting
	EXCEPTION: java.io.IOException: read failed, socket might closed or timeout, read ret: -1
java.io.IOException: read failed, socket might closed or timeout, read ret: -1
	at android.bluetooth.BluetoothSocket.readAll(BluetoothSocket.java:924)
	at android.bluetooth.BluetoothSocket.readInt(BluetoothSocket.java:938)
	at android.bluetooth.BluetoothSocket.connect(BluetoothSocket.java:502)
	at org.xcontest.XCTrack.sensors.r.e(SourceFile:70)
	at org.xcontest.XCTrack.sensors.r.run(SourceFile:23)
	at java.lang.Thread.run(Thread.java:1119)
2025-09-07 06:21:26.056 ERROR [BluetoothWorker] Bluetooth connection failed: 
	EXCEPTION: java.io.IOException: read failed, socket might closed or timeout, read ret: -1
java.io.IOException: read failed, socket might closed or timeout, read ret: -1
	at android.bluetooth.BluetoothSocket.readAll(BluetoothSocket.java:924)
	at android.bluetooth.BluetoothSocket.waitSocketSignal(BluetoothSocket.java:877)
	at android.bluetooth.BluetoothSocket.connect(BluetoothSocket.java:517)
	at org.xcontest.XCTrack.sensors.r.e(SourceFile:152)
	at org.xcontest.XCTrack.sensors.r.run(SourceFile:23)
	at java.lang.Thread.run(Thread.java:1119)
2025-09-07 06:21:38.770 ERROR [BluetoothWorker] Bluetooth exception while connecting
	EXCEPTION: java.io.IOException: read failed, socket might closed or timeout, read ret: -1
java.io.IOException: read failed, socket might closed or timeout, read ret: -1
	at android.bluetooth.BluetoothSocket.readAll(BluetoothSocket.java:924)
	at android.bluetooth.BluetoothSocket.readInt(BluetoothSocket.java:938)
	at android.bluetooth.BluetoothSocket.connect(BluetoothSocket.java:502)
	at org.xcontest.XCTrack.sensors.r.e(SourceFile:70)
	at org.xcontest.XCTrack.sensors.r.run(SourceFile:23)
	at java.lang.Thread.run(Thread.java:1119)
2025-09-07 06:21:46.483 ERROR [BluetoothWorker] Bluetooth connection failed: 
	EXCEPTION: java.io.IOException: read failed, socket might closed or timeout, read ret: -1
java.io.IOException: read failed, socket might closed or timeout, read ret: -1
	at android.bluetooth.BluetoothSocket.readAll(BluetoothSocket.java:924)
	at android.bluetooth.BluetoothSocket.waitSocketSignal(BluetoothSocket.java:877)
	at android.bluetooth.BluetoothSocket.connect(BluetoothSocket.java:517)
	at org.xcontest.XCTrack.sensors.r.e(SourceFile:152)
	at org.xcontest.XCTrack.sensors.r.run(SourceFile:23)
	at java.lang.Thread.run(Thread.java:1119)
2025-09-07 06:21:59.197 ERROR [BluetoothWorker] Bluetooth exception while connecting
	EXCEPTION: java.io.IOException: read failed, socket might closed or timeout, read ret: -1
java.io.IOException: read failed, socket might closed or timeout, read ret: -1
	at android.bluetooth.BluetoothSocket.readAll(BluetoothSocket.java:924)
	at android.bluetooth.BluetoothSocket.readInt(BluetoothSocket.java:938)
	at android.bluetooth.BluetoothSocket.connect(BluetoothSocket.java:502)
	at org.xcontest.XCTrack.sensors.r.e(SourceFile:70)
	at org.xcontest.XCTrack.sensors.r.run(SourceFile:23)
	at java.lang.Thread.run(Thread.java:1119)
2025-09-07 06:22:06.910 ERROR [BluetoothWorker] Bluetooth connection failed: 
	EXCEPTION: java.io.IOException: read failed, socket might closed or timeout, read ret: -1
java.io.IOException: read failed, socket might closed or timeout, read ret: -1
	at android.bluetooth.BluetoothSocket.readAll(BluetoothSocket.java:924)
	at android.bluetooth.BluetoothSocket.waitSocketSignal(BluetoothSocket.java:877)
	at android.bluetooth.BluetoothSocket.connect(BluetoothSocket.java:517)
	at org.xcontest.XCTrack.sensors.r.e(SourceFile:152)
	at org.xcontest.XCTrack.sensors.r.run(SourceFile:23)
	at java.lang.Thread.run(Thread.java:1119)
2025-09-07 06:22:19.622 ERROR [BluetoothWorker] Bluetooth exception while connecting
	EXCEPTION: java.io.IOException: read failed, socket might closed or timeout, read ret: -1
java.io.IOException: read failed, socket might closed or timeout, read ret: -1
	at android.bluetooth.BluetoothSocket.readAll(BluetoothSocket.java:924)
	at android.bluetooth.BluetoothSocket.readInt(BluetoothSocket.java:938)
	at android.bluetooth.BluetoothSocket.connect(BluetoothSocket.java:502)
	at org.xcontest.XCTrack.sensors.r.e(SourceFile:70)
	at org.xcontest.XCTrack.sensors.r.run(SourceFile:23)
	at java.lang.Thread.run(Thread.java:1119)
2025-09-07 06:22:27.330 ERROR [BluetoothWorker] Bluetooth connection failed: 
	EXCEPTION: java.io.IOException: read failed, socket might closed or timeout, read ret: -1
java.io.IOException: read failed, socket might closed or timeout, read ret: -1
	at android.bluetooth.BluetoothSocket.readAll(BluetoothSocket.java:924)
	at android.bluetooth.BluetoothSocket.waitSocketSignal(BluetoothSocket.java:877)
	at android.bluetooth.BluetoothSocket.connect(BluetoothSocket.java:517)
	at org.xcontest.XCTrack.sensors.r.e(SourceFile:152)
	at org.xcontest.XCTrack.sensors.r.run(SourceFile:23)
	at java.lang.Thread.run(Thread.java:1119)
2025-09-07 06:22:40.038 ERROR [BluetoothWorker] Bluetooth exception while connecting
	EXCEPTION: java.io.IOException: read failed, socket might closed or timeout, read ret: -1
java.io.IOException: read failed, socket might closed or timeout, read ret: -1
	at android.bluetooth.BluetoothSocket.readAll(BluetoothSocket.java:924)
	at android.bluetooth.BluetoothSocket.readInt(BluetoothSocket.java:938)
	at android.bluetooth.BluetoothSocket.connect(BluetoothSocket.java:502)
	at org.xcontest.XCTrack.sensors.r.e(SourceFile:70)
	at org.xcontest.XCTrack.sensors.r.run(SourceFile:23)
	at java.lang.Thread.run(Thread.java:1119)
2025-09-07 06:22:47.753 ERROR [BluetoothWorker] Bluetooth connection failed: 
	EXCEPTION: java.io.IOException: read failed, socket might closed or timeout, read ret: -1
java.io.IOException: read failed, socket might closed or timeout, read ret: -1
	at android.bluetooth.BluetoothSocket.readAll(BluetoothSocket.java:924)
	at android.bluetooth.BluetoothSocket.waitSocketSignal(BluetoothSocket.java:877)
	at android.bluetooth.BluetoothSocket.connect(BluetoothSocket.java:517)
	at org.xcontest.XCTrack.sensors.r.e(SourceFile:152)
	at org.xcontest.XCTrack.sensors.r.run(SourceFile:23)
	at java.lang.Thread.run(Thread.java:1119)
2025-09-07 06:23:00.468 ERROR [BluetoothWorker] Bluetooth exception while connecting
	EXCEPTION: java.io.IOException: read failed, socket might closed or timeout, read ret: -1
java.io.IOException: read failed, socket might closed or timeout, read ret: -1
	at android.bluetooth.BluetoothSocket.readAll(BluetoothSocket.java:924)
	at android.bluetooth.BluetoothSocket.readInt(BluetoothSocket.java:938)
	at android.bluetooth.BluetoothSocket.connect(BluetoothSocket.java:502)
	at org.xcontest.XCTrack.sensors.r.e(SourceFile:70)
	at org.xcontest.XCTrack.sensors.r.run(SourceFile:23)
	at java.lang.Thread.run(Thread.java:1119)
2025-09-07 06:23:08.180 ERROR [BluetoothWorker] Bluetooth connection failed: 
	EXCEPTION: java.io.IOException: read failed, socket might closed or timeout, read ret: -1
java.io.IOException: read failed, socket might closed or timeout, read ret: -1
	at android.bluetooth.BluetoothSocket.readAll(BluetoothSocket.java:924)
	at android.bluetooth.BluetoothSocket.waitSocketSignal(BluetoothSocket.java:877)
	at android.bluetooth.BluetoothSocket.connect(BluetoothSocket.java:517)
	at org.xcontest.XCTrack.sensors.r.e(SourceFile:152)
	at org.xcontest.XCTrack.sensors.r.run(SourceFile:23)
	at java.lang.Thread.run(Thread.java:1119)
2025-09-07 06:23:20.894 ERROR [BluetoothWorker] Bluetooth exception while connecting
	EXCEPTION: java.io.IOException: read failed, socket might closed or timeout, read ret: -1
java.io.IOException: read failed, socket might closed or timeout, read ret: -1
	at android.bluetooth.BluetoothSocket.readAll(BluetoothSocket.java:924)
	at android.bluetooth.BluetoothSocket.readInt(BluetoothSocket.java:938)
	at android.bluetooth.BluetoothSocket.connect(BluetoothSocket.java:502)
	at org.xcontest.XCTrack.sensors.r.e(SourceFile:70)
	at org.xcontest.XCTrack.sensors.r.run(SourceFile:23)
	at java.lang.Thread.run(Thread.java:1119)
2025-09-07 06:23:28.605 ERROR [BluetoothWorker] Bluetooth connection failed: 
	EXCEPTION: java.io.IOException: read failed, socket might closed or timeout, read ret: -1
java.io.IOException: read failed, socket might closed or timeout, read ret: -1
	at android.bluetooth.BluetoothSocket.readAll(BluetoothSocket.java:924)
	at android.bluetooth.BluetoothSocket.waitSocketSignal(BluetoothSocket.java:877)
	at android.bluetooth.BluetoothSocket.connect(BluetoothSocket.java:517)
	at org.xcontest.XCTrack.sensors.r.e(SourceFile:152)
	at org.xcontest.XCTrack.sensors.r.run(SourceFile:23)
	at java.lang.Thread.run(Thread.java:1119)
2025-09-07 06:23:41.316 ERROR [BluetoothWorker] Bluetooth exception while connecting
	EXCEPTION: java.io.IOException: read failed, socket might closed or timeout, read ret: -1
java.io.IOException: read failed, socket might closed or timeout, read ret: -1
	at android.bluetooth.BluetoothSocket.readAll(BluetoothSocket.java:924)
	at android.bluetooth.BluetoothSocket.readInt(BluetoothSocket.java:938)
	at android.bluetooth.BluetoothSocket.connect(BluetoothSocket.java:502)
	at org.xcontest.XCTrack.sensors.r.e(SourceFile:70)
	at org.xcontest.XCTrack.sensors.r.run(SourceFile:23)
	at java.lang.Thread.run(Thread.java:1119)
2025-09-07 06:23:49.028 ERROR [BluetoothWorker] Bluetooth connection failed: 
	EXCEPTION: java.io.IOException: read failed, socket might closed or timeout, read ret: -1
java.io.IOException: read failed, socket might closed or timeout, read ret: -1
	at android.bluetooth.BluetoothSocket.readAll(BluetoothSocket.java:924)
	at android.bluetooth.BluetoothSocket.waitSocketSignal(BluetoothSocket.java:877)
	at android.bluetooth.BluetoothSocket.connect(BluetoothSocket.java:517)
	at org.xcontest.XCTrack.sensors.r.e(SourceFile:152)
	at org.xcontest.XCTrack.sensors.r.run(SourceFile:23)
	at java.lang.Thread.run(Thread.java:1119)
2025-09-07 06:24:01.739 ERROR [BluetoothWorker] Bluetooth exception while connecting
	EXCEPTION: java.io.IOException: read failed, socket might closed or timeout, read ret: -1
java.io.IOException: read failed, socket might closed or timeout, read ret: -1
	at android.bluetooth.BluetoothSocket.readAll(BluetoothSocket.java:924)
	at android.bluetooth.BluetoothSocket.readInt(BluetoothSocket.java:938)
	at android.bluetooth.BluetoothSocket.connect(BluetoothSocket.java:502)
	at org.xcontest.XCTrack.sensors.r.e(SourceFile:70)
	at org.xcontest.XCTrack.sensors.r.run(SourceFile:23)
	at java.lang.Thread.run(Thread.java:1119)
2025-09-07 06:24:09.452 ERROR [BluetoothWorker] Bluetooth connection failed: 
	EXCEPTION: java.io.IOException: read failed, socket might closed or timeout, read ret: -1
java.io.IOException: read failed, socket might closed or timeout, read ret: -1
	at android.bluetooth.BluetoothSocket.readAll(BluetoothSocket.java:924)
	at android.bluetooth.BluetoothSocket.waitSocketSignal(BluetoothSocket.java:877)
	at android.bluetooth.BluetoothSocket.connect(BluetoothSocket.java:517)
	at org.xcontest.XCTrack.sensors.r.e(SourceFile:152)
	at org.xcontest.XCTrack.sensors.r.run(SourceFile:23)
	at java.lang.Thread.run(Thread.java:1119)
2025-09-07 06:24:22.165 ERROR [BluetoothWorker] Bluetooth exception while connecting
	EXCEPTION: java.io.IOException: read failed, socket might closed or timeout, read ret: -1
java.io.IOException: read failed, socket might closed or timeout, read ret: -1
	at android.bluetooth.BluetoothSocket.readAll(BluetoothSocket.java:924)
	at android.bluetooth.BluetoothSocket.readInt(BluetoothSocket.java:938)
	at android.bluetooth.BluetoothSocket.connect(BluetoothSocket.java:502)
	at org.xcontest.XCTrack.sensors.r.e(SourceFile:70)
	at org.xcontest.XCTrack.sensors.r.run(SourceFile:23)
	at java.lang.Thread.run(Thread.java:1119)
2025-09-07 06:24:29.878 ERROR [BluetoothWorker] Bluetooth connection failed: 
	EXCEPTION: java.io.IOException: read failed, socket might closed or timeout, read ret: -1
java.io.IOException: read failed, socket might closed or timeout, read ret: -1
	at android.bluetooth.BluetoothSocket.readAll(BluetoothSocket.java:924)
	at android.bluetooth.BluetoothSocket.waitSocketSignal(BluetoothSocket.java:877)
	at android.bluetooth.BluetoothSocket.connect(BluetoothSocket.java:517)
	at org.xcontest.XCTrack.sensors.r.e(SourceFile:152)
	at org.xcontest.XCTrack.sensors.r.run(SourceFile:23)
	at java.lang.Thread.run(Thread.java:1119)
2025-09-07 06:24:42.594 ERROR [BluetoothWorker] Bluetooth exception while connecting
	EXCEPTION: java.io.IOException: read failed, socket might closed or timeout, read ret: -1
java.io.IOException: read failed, socket might closed or timeout, read ret: -1
	at android.bluetooth.BluetoothSocket.readAll(BluetoothSocket.java:924)
	at android.bluetooth.BluetoothSocket.readInt(BluetoothSocket.java:938)
	at android.bluetooth.BluetoothSocket.connect(BluetoothSocket.java:502)
	at org.xcontest.XCTrack.sensors.r.e(SourceFile:70)
	at org.xcontest.XCTrack.sensors.r.run(SourceFile:23)
	at java.lang.Thread.run(Thread.java:1119)
2025-09-07 06:24:50.304 ERROR [BluetoothWorker] Bluetooth connection failed: 
	EXCEPTION: java.io.IOException: read failed, socket might closed or timeout, read ret: -1
java.io.IOException: read failed, socket might closed or timeout, read ret: -1
	at android.bluetooth.BluetoothSocket.readAll(BluetoothSocket.java:924)
	at android.bluetooth.BluetoothSocket.waitSocketSignal(BluetoothSocket.java:877)
	at android.bluetooth.BluetoothSocket.connect(BluetoothSocket.java:517)
	at org.xcontest.XCTrack.sensors.r.e(SourceFile:152)
	at org.xcontest.XCTrack.sensors.r.run(SourceFile:23)
	at java.lang.Thread.run(Thread.java:1119)
2025-09-07 06:25:03.019 ERROR [BluetoothWorker] Bluetooth exception while connecting
	EXCEPTION: java.io.IOException: read failed, socket might closed or timeout, read ret: -1
java.io.IOException: read failed, socket might closed or timeout, read ret: -1
	at android.bluetooth.BluetoothSocket.readAll(BluetoothSocket.java:924)
	at android.bluetooth.BluetoothSocket.readInt(BluetoothSocket.java:938)
	at android.bluetooth.BluetoothSocket.connect(BluetoothSocket.java:502)
	at org.xcontest.XCTrack.sensors.r.e(SourceFile:70)
	at org.xcontest.XCTrack.sensors.r.run(SourceFile:23)
	at java.lang.Thread.run(Thread.java:1119)
2025-09-07 06:25:10.732 ERROR [BluetoothWorker] Bluetooth connection failed: 
	EXCEPTION: java.io.IOException: read failed, socket might closed or timeout, read ret: -1
java.io.IOException: read failed, socket might closed or timeout, read ret: -1
	at android.bluetooth.BluetoothSocket.readAll(BluetoothSocket.java:924)
	at android.bluetooth.BluetoothSocket.waitSocketSignal(BluetoothSocket.java:877)
	at android.bluetooth.BluetoothSocket.connect(BluetoothSocket.java:517)
	at org.xcontest.XCTrack.sensors.r.e(SourceFile:152)
	at org.xcontest.XCTrack.sensors.r.run(SourceFile:23)
	at java.lang.Thread.run(Thread.java:1119)
2025-09-07 06:25:23.444 ERROR [BluetoothWorker] Bluetooth exception while connecting
	EXCEPTION: java.io.IOException: read failed, socket might closed or timeout, read ret: -1
java.io.IOException: read failed, socket might closed or timeout, read ret: -1
	at android.bluetooth.BluetoothSocket.readAll(BluetoothSocket.java:924)
	at android.bluetooth.BluetoothSocket.readInt(BluetoothSocket.java:938)
	at android.bluetooth.BluetoothSocket.connect(BluetoothSocket.java:502)
	at org.xcontest.XCTrack.sensors.r.e(SourceFile:70)
	at org.xcontest.XCTrack.sensors.r.run(SourceFile:23)
	at java.lang.Thread.run(Thread.java:1119)
2025-09-07 06:25:31.158 ERROR [BluetoothWorker] Bluetooth connection failed: 
	EXCEPTION: java.io.IOException: read failed, socket might closed or timeout, read ret: -1
java.io.IOException: read failed, socket might closed or timeout, read ret: -1
	at android.bluetooth.BluetoothSocket.readAll(BluetoothSocket.java:924)
	at android.bluetooth.BluetoothSocket.waitSocketSignal(BluetoothSocket.java:877)
	at android.bluetooth.BluetoothSocket.connect(BluetoothSocket.java:517)
	at org.xcontest.XCTrack.sensors.r.e(SourceFile:152)
	at org.xcontest.XCTrack.sensors.r.run(SourceFile:23)
	at java.lang.Thread.run(Thread.java:1119)
2025-09-07 06:25:43.874 ERROR [BluetoothWorker] Bluetooth exception while connecting
	EXCEPTION: java.io.IOException: read failed, socket might closed or timeout, read ret: -1
java.io.IOException: read failed, socket might closed or timeout, read ret: -1
	at android.bluetooth.BluetoothSocket.readAll(BluetoothSocket.java:924)
	at android.bluetooth.BluetoothSocket.readInt(BluetoothSocket.java:938)
	at android.bluetooth.BluetoothSocket.connect(BluetoothSocket.java:502)
	at org.xcontest.XCTrack.sensors.r.e(SourceFile:70)
	at org.xcontest.XCTrack.sensors.r.run(SourceFile:23)
	at java.lang.Thread.run(Thread.java:1119)
2025-09-07 06:25:51.584 ERROR [BluetoothWorker] Bluetooth connection failed: 
	EXCEPTION: java.io.IOException: read failed, socket might closed or timeout, read ret: -1
java.io.IOException: read failed, socket might closed or timeout, read ret: -1
	at android.bluetooth.BluetoothSocket.readAll(BluetoothSocket.java:924)
	at android.bluetooth.BluetoothSocket.waitSocketSignal(BluetoothSocket.java:877)
	at android.bluetooth.BluetoothSocket.connect(BluetoothSocket.java:517)
	at org.xcontest.XCTrack.sensors.r.e(SourceFile:152)
	at org.xcontest.XCTrack.sensors.r.run(SourceFile:23)
	at java.lang.Thread.run(Thread.java:1119)
2025-09-07 06:26:04.295 ERROR [BluetoothWorker] Bluetooth exception while connecting
	EXCEPTION: java.io.IOException: read failed, socket might closed or timeout, read ret: -1
java.io.IOException: read failed, socket might closed or timeout, read ret: -1
	at android.bluetooth.BluetoothSocket.readAll(BluetoothSocket.java:924)
	at android.bluetooth.BluetoothSocket.readInt(BluetoothSocket.java:938)
	at android.bluetooth.BluetoothSocket.connect(BluetoothSocket.java:502)
	at org.xcontest.XCTrack.sensors.r.e(SourceFile:70)
	at org.xcontest.XCTrack.sensors.r.run(SourceFile:23)
	at java.lang.Thread.run(Thread.java:1119)
2025-09-07 06:26:12.006 ERROR [BluetoothWorker] Bluetooth connection failed: 
	EXCEPTION: java.io.IOException: read failed, socket might closed or timeout, read ret: -1
java.io.IOException: read failed, socket might closed or timeout, read ret: -1
	at android.bluetooth.BluetoothSocket.readAll(BluetoothSocket.java:924)
	at android.bluetooth.BluetoothSocket.waitSocketSignal(BluetoothSocket.java:877)
	at android.bluetooth.BluetoothSocket.connect(BluetoothSocket.java:517)
	at org.xcontest.XCTrack.sensors.r.e(SourceFile:152)
	at org.xcontest.XCTrack.sensors.r.run(SourceFile:23)
	at java.lang.Thread.run(Thread.java:1119)
2025-09-07 06:26:24.721 ERROR [BluetoothWorker] Bluetooth exception while connecting
	EXCEPTION: java.io.IOException: read failed, socket might closed or timeout, read ret: -1
java.io.IOException: read failed, socket might closed or timeout, read ret: -1
	at android.bluetooth.BluetoothSocket.readAll(BluetoothSocket.java:924)
	at android.bluetooth.BluetoothSocket.readInt(BluetoothSocket.java:938)
	at android.bluetooth.BluetoothSocket.connect(BluetoothSocket.java:502)
	at org.xcontest.XCTrack.sensors.r.e(SourceFile:70)
	at org.xcontest.XCTrack.sensors.r.run(SourceFile:23)
	at java.lang.Thread.run(Thread.java:1119)
2025-09-07 06:26:32.432 ERROR [BluetoothWorker] Bluetooth connection failed: 
	EXCEPTION: java.io.IOException: read failed, socket might closed or timeout, read ret: -1
java.io.IOException: read failed, socket might closed or timeout, read ret: -1
	at android.bluetooth.BluetoothSocket.readAll(BluetoothSocket.java:924)
	at android.bluetooth.BluetoothSocket.waitSocketSignal(BluetoothSocket.java:877)
	at android.bluetooth.BluetoothSocket.connect(BluetoothSocket.java:517)
	at org.xcontest.XCTrack.sensors.r.e(SourceFile:152)
	at org.xcontest.XCTrack.sensors.r.run(SourceFile:23)
	at java.lang.Thread.run(Thread.java:1119)
2025-09-07 06:26:45.147 ERROR [BluetoothWorker] Bluetooth exception while connecting
	EXCEPTION: java.io.IOException: read failed, socket might closed or timeout, read ret: -1
java.io.IOException: read failed, socket might closed or timeout, read ret: -1
	at android.bluetooth.BluetoothSocket.readAll(BluetoothSocket.java:924)
	at android.bluetooth.BluetoothSocket.readInt(BluetoothSocket.java:938)
	at android.bluetooth.BluetoothSocket.connect(BluetoothSocket.java:502)
	at org.xcontest.XCTrack.sensors.r.e(SourceFile:70)
	at org.xcontest.XCTrack.sensors.r.run(SourceFile:23)
	at java.lang.Thread.run(Thread.java:1119)
2025-09-07 06:26:52.863 ERROR [BluetoothWorker] Bluetooth connection failed: 
	EXCEPTION: java.io.IOException: read failed, socket might closed or timeout, read ret: -1
java.io.IOException: read failed, socket might closed or timeout, read ret: -1
	at android.bluetooth.BluetoothSocket.readAll(BluetoothSocket.java:924)
	at android.bluetooth.BluetoothSocket.waitSocketSignal(BluetoothSocket.java:877)
	at android.bluetooth.BluetoothSocket.connect(BluetoothSocket.java:517)
	at org.xcontest.XCTrack.sensors.r.e(SourceFile:152)
	at org.xcontest.XCTrack.sensors.r.run(SourceFile:23)
	at java.lang.Thread.run(Thread.java:1119)
2025-09-07 06:27:05.577 ERROR [BluetoothWorker] Bluetooth exception while connecting
	EXCEPTION: java.io.IOException: read failed, socket might closed or timeout, read ret: -1
java.io.IOException: read failed, socket might closed or timeout, read ret: -1
	at android.bluetooth.BluetoothSocket.readAll(BluetoothSocket.java:924)
	at android.bluetooth.BluetoothSocket.readInt(BluetoothSocket.java:938)
	at android.bluetooth.BluetoothSocket.connect(BluetoothSocket.java:502)
	at org.xcontest.XCTrack.sensors.r.e(SourceFile:70)
	at org.xcontest.XCTrack.sensors.r.run(SourceFile:23)
	at java.lang.Thread.run(Thread.java:1119)
2025-09-07 06:27:13.289 ERROR [BluetoothWorker] Bluetooth connection failed: 
	EXCEPTION: java.io.IOException: read failed, socket might closed or timeout, read ret: -1
java.io.IOException: read failed, socket might closed or timeout, read ret: -1
	at android.bluetooth.BluetoothSocket.readAll(BluetoothSocket.java:924)
	at android.bluetooth.BluetoothSocket.waitSocketSignal(BluetoothSocket.java:877)
	at android.bluetooth.BluetoothSocket.connect(BluetoothSocket.java:517)
	at org.xcontest.XCTrack.sensors.r.e(SourceFile:152)
	at org.xcontest.XCTrack.sensors.r.run(SourceFile:23)
	at java.lang.Thread.run(Thread.java:1119)
2025-09-07 06:27:26.007 ERROR [BluetoothWorker] Bluetooth exception while connecting
	EXCEPTION: java.io.IOException: read failed, socket might closed or timeout, read ret: -1
java.io.IOException: read failed, socket might closed or timeout, read ret: -1
	at android.bluetooth.BluetoothSocket.readAll(BluetoothSocket.java:924)
	at android.bluetooth.BluetoothSocket.readInt(BluetoothSocket.java:938)
	at android.bluetooth.BluetoothSocket.connect(BluetoothSocket.java:502)
	at org.xcontest.XCTrack.sensors.r.e(SourceFile:70)
	at org.xcontest.XCTrack.sensors.r.run(SourceFile:23)
	at java.lang.Thread.run(Thread.java:1119)
2025-09-07 06:27:33.720 ERROR [BluetoothWorker] Bluetooth connection failed: 
	EXCEPTION: java.io.IOException: read failed, socket might closed or timeout, read ret: -1
java.io.IOException: read failed, socket might closed or timeout, read ret: -1
	at android.bluetooth.BluetoothSocket.readAll(BluetoothSocket.java:924)
	at android.bluetooth.BluetoothSocket.waitSocketSignal(BluetoothSocket.java:877)
	at android.bluetooth.BluetoothSocket.connect(BluetoothSocket.java:517)
	at org.xcontest.XCTrack.sensors.r.e(SourceFile:152)
	at org.xcontest.XCTrack.sensors.r.run(SourceFile:23)
	at java.lang.Thread.run(Thread.java:1119)
2025-09-07 06:27:46.434 ERROR [BluetoothWorker] Bluetooth exception while connecting
	EXCEPTION: java.io.IOException: read failed, socket might closed or timeout, read ret: -1
java.io.IOException: read failed, socket might closed or timeout, read ret: -1
	at android.bluetooth.BluetoothSocket.readAll(BluetoothSocket.java:924)
	at android.bluetooth.BluetoothSocket.readInt(BluetoothSocket.java:938)
	at android.bluetooth.BluetoothSocket.connect(BluetoothSocket.java:502)
	at org.xcontest.XCTrack.sensors.r.e(SourceFile:70)
	at org.xcontest.XCTrack.sensors.r.run(SourceFile:23)
	at java.lang.Thread.run(Thread.java:1119)
2025-09-07 06:27:54.143 ERROR [BluetoothWorker] Bluetooth connection failed: 
	EXCEPTION: java.io.IOException: read failed, socket might closed or timeout, read ret: -1
java.io.IOException: read failed, socket might closed or timeout, read ret: -1
	at android.bluetooth.BluetoothSocket.readAll(BluetoothSocket.java:924)
	at android.bluetooth.BluetoothSocket.waitSocketSignal(BluetoothSocket.java:877)
	at android.bluetooth.BluetoothSocket.connect(BluetoothSocket.java:517)
	at org.xcontest.XCTrack.sensors.r.e(SourceFile:152)
	at org.xcontest.XCTrack.sensors.r.run(SourceFile:23)
	at java.lang.Thread.run(Thread.java:1119)
2025-09-07 06:28:06.859 ERROR [BluetoothWorker] Bluetooth exception while connecting
	EXCEPTION: java.io.IOException: read failed, socket might closed or timeout, read ret: -1
java.io.IOException: read failed, socket might closed or timeout, read ret: -1
	at android.bluetooth.BluetoothSocket.readAll(BluetoothSocket.java:924)
	at android.bluetooth.BluetoothSocket.readInt(BluetoothSocket.java:938)
	at android.bluetooth.BluetoothSocket.connect(BluetoothSocket.java:502)
	at org.xcontest.XCTrack.sensors.r.e(SourceFile:70)
	at org.xcontest.XCTrack.sensors.r.run(SourceFile:23)
	at java.lang.Thread.run(Thread.java:1119)
2025-09-07 06:28:14.571 ERROR [BluetoothWorker] Bluetooth connection failed: 
	EXCEPTION: java.io.IOException: read failed, socket might closed or timeout, read ret: -1
java.io.IOException: read failed, socket might closed or timeout, read ret: -1
	at android.bluetooth.BluetoothSocket.readAll(BluetoothSocket.java:924)
	at android.bluetooth.BluetoothSocket.waitSocketSignal(BluetoothSocket.java:877)
	at android.bluetooth.BluetoothSocket.connect(BluetoothSocket.java:517)
	at org.xcontest.XCTrack.sensors.r.e(SourceFile:152)
	at org.xcontest.XCTrack.sensors.r.run(SourceFile:23)
	at java.lang.Thread.run(Thread.java:1119)
2025-09-07 06:28:27.286 ERROR [BluetoothWorker] Bluetooth exception while connecting
	EXCEPTION: java.io.IOException: read failed, socket might closed or timeout, read ret: -1
java.io.IOException: read failed, socket might closed or timeout, read ret: -1
	at android.bluetooth.BluetoothSocket.readAll(BluetoothSocket.java:924)
	at android.bluetooth.BluetoothSocket.readInt(BluetoothSocket.java:938)
	at android.bluetooth.BluetoothSocket.connect(BluetoothSocket.java:502)
	at org.xcontest.XCTrack.sensors.r.e(SourceFile:70)
	at org.xcontest.XCTrack.sensors.r.run(SourceFile:23)
	at java.lang.Thread.run(Thread.java:1119)
2025-09-07 06:28:34.998 ERROR [BluetoothWorker] Bluetooth connection failed: 
	EXCEPTION: java.io.IOException: read failed, socket might closed or timeout, read ret: -1
java.io.IOException: read failed, socket might closed or timeout, read ret: -1
	at android.bluetooth.BluetoothSocket.readAll(BluetoothSocket.java:924)
	at android.bluetooth.BluetoothSocket.waitSocketSignal(BluetoothSocket.java:877)
	at android.bluetooth.BluetoothSocket.connect(BluetoothSocket.java:517)
	at org.xcontest.XCTrack.sensors.r.e(SourceFile:152)
	at org.xcontest.XCTrack.sensors.r.run(SourceFile:23)
	at java.lang.Thread.run(Thread.java:1119)
2025-09-07 06:28:47.710 ERROR [BluetoothWorker] Bluetooth exception while connecting
	EXCEPTION: java.io.IOException: read failed, socket might closed or timeout, read ret: -1
java.io.IOException: read failed, socket might closed or timeout, read ret: -1
	at android.bluetooth.BluetoothSocket.readAll(BluetoothSocket.java:924)
	at android.bluetooth.BluetoothSocket.readInt(BluetoothSocket.java:938)
	at android.bluetooth.BluetoothSocket.connect(BluetoothSocket.java:502)
	at org.xcontest.XCTrack.sensors.r.e(SourceFile:70)
	at org.xcontest.XCTrack.sensors.r.run(SourceFile:23)
	at java.lang.Thread.run(Thread.java:1119)
2025-09-07 06:28:55.421 ERROR [BluetoothWorker] Bluetooth connection failed: 
	EXCEPTION: java.io.IOException: read failed, socket might closed or timeout, read ret: -1
java.io.IOException: read failed, socket might closed or timeout, read ret: -1
	at android.bluetooth.BluetoothSocket.readAll(BluetoothSocket.java:924)
	at android.bluetooth.BluetoothSocket.waitSocketSignal(BluetoothSocket.java:877)
	at android.bluetooth.BluetoothSocket.connect(BluetoothSocket.java:517)
	at org.xcontest.XCTrack.sensors.r.e(SourceFile:152)
	at org.xcontest.XCTrack.sensors.r.run(SourceFile:23)
	at java.lang.Thread.run(Thread.java:1119)
2025-09-07 06:29:08.140 ERROR [BluetoothWorker] Bluetooth exception while connecting
	EXCEPTION: java.io.IOException: read failed, socket might closed or timeout, read ret: -1
java.io.IOException: read failed, socket might closed or timeout, read ret: -1
	at android.bluetooth.BluetoothSocket.readAll(BluetoothSocket.java:924)
	at android.bluetooth.BluetoothSocket.readInt(BluetoothSocket.java:938)
	at android.bluetooth.BluetoothSocket.connect(BluetoothSocket.java:502)
	at org.xcontest.XCTrack.sensors.r.e(SourceFile:70)
	at org.xcontest.XCTrack.sensors.r.run(SourceFile:23)
	at java.lang.Thread.run(Thread.java:1119)
2025-09-07 06:29:15.853 ERROR [BluetoothWorker] Bluetooth connection failed: 
	EXCEPTION: java.io.IOException: read failed, socket might closed or timeout, read ret: -1
java.io.IOException: read failed, socket might closed or timeout, read ret: -1
	at android.bluetooth.BluetoothSocket.readAll(BluetoothSocket.java:924)
	at android.bluetooth.BluetoothSocket.waitSocketSignal(BluetoothSocket.java:877)
	at android.bluetooth.BluetoothSocket.connect(BluetoothSocket.java:517)
	at org.xcontest.XCTrack.sensors.r.e(SourceFile:152)
	at org.xcontest.XCTrack.sensors.r.run(SourceFile:23)
	at java.lang.Thread.run(Thread.java:1119)
2025-09-07 06:29:28.567 ERROR [BluetoothWorker] Bluetooth exception while connecting
	EXCEPTION: java.io.IOException: read failed, socket might closed or timeout, read ret: -1
java.io.IOException: read failed, socket might closed or timeout, read ret: -1
	at android.bluetooth.BluetoothSocket.readAll(BluetoothSocket.java:924)
	at android.bluetooth.BluetoothSocket.readInt(BluetoothSocket.java:938)
	at android.bluetooth.BluetoothSocket.connect(BluetoothSocket.java:502)
	at org.xcontest.XCTrack.sensors.r.e(SourceFile:70)
	at org.xcontest.XCTrack.sensors.r.run(SourceFile:23)
	at java.lang.Thread.run(Thread.java:1119)
2025-09-07 06:29:36.280 ERROR [BluetoothWorker] Bluetooth connection failed: 
	EXCEPTION: java.io.IOException: read failed, socket might closed or timeout, read ret: -1
java.io.IOException: read failed, socket might closed or timeout, read ret: -1
	at android.bluetooth.BluetoothSocket.readAll(BluetoothSocket.java:924)
	at android.bluetooth.BluetoothSocket.waitSocketSignal(BluetoothSocket.java:877)
	at android.bluetooth.BluetoothSocket.connect(BluetoothSocket.java:517)
	at org.xcontest.XCTrack.sensors.r.e(SourceFile:152)
	at org.xcontest.XCTrack.sensors.r.run(SourceFile:23)
	at java.lang.Thread.run(Thread.java:1119)
2025-09-07 06:29:48.994 ERROR [BluetoothWorker] Bluetooth exception while connecting
	EXCEPTION: java.io.IOException: read failed, socket might closed or timeout, read ret: -1
java.io.IOException: read failed, socket might closed or timeout, read ret: -1
	at android.bluetooth.BluetoothSocket.readAll(BluetoothSocket.java:924)
	at android.bluetooth.BluetoothSocket.readInt(BluetoothSocket.java:938)
	at android.bluetooth.BluetoothSocket.connect(BluetoothSocket.java:502)
	at org.xcontest.XCTrack.sensors.r.e(SourceFile:70)
	at org.xcontest.XCTrack.sensors.r.run(SourceFile:23)
	at java.lang.Thread.run(Thread.java:1119)
2025-09-07 06:29:56.707 ERROR [BluetoothWorker] Bluetooth connection failed: 
	EXCEPTION: java.io.IOException: read failed, socket might closed or timeout, read ret: -1
java.io.IOException: read failed, socket might closed or timeout, read ret: -1
	at android.bluetooth.BluetoothSocket.readAll(BluetoothSocket.java:924)
	at android.bluetooth.BluetoothSocket.waitSocketSignal(BluetoothSocket.java:877)
	at android.bluetooth.BluetoothSocket.connect(BluetoothSocket.java:517)
	at org.xcontest.XCTrack.sensors.r.e(SourceFile:152)
	at org.xcontest.XCTrack.sensors.r.run(SourceFile:23)
	at java.lang.Thread.run(Thread.java:1119)
2025-09-07 06:30:09.423 ERROR [BluetoothWorker] Bluetooth exception while connecting
	EXCEPTION: java.io.IOException: read failed, socket might closed or timeout, read ret: -1
java.io.IOException: read failed, socket might closed or timeout, read ret: -1
	at android.bluetooth.BluetoothSocket.readAll(BluetoothSocket.java:924)
	at android.bluetooth.BluetoothSocket.readInt(BluetoothSocket.java:938)
	at android.bluetooth.BluetoothSocket.connect(BluetoothSocket.java:502)
	at org.xcontest.XCTrack.sensors.r.e(SourceFile:70)
	at org.xcontest.XCTrack.sensors.r.run(SourceFile:23)
	at java.lang.Thread.run(Thread.java:1119)
2025-09-07 06:30:17.134 ERROR [BluetoothWorker] Bluetooth connection failed: 
	EXCEPTION: java.io.IOException: read failed, socket might closed or timeout, read ret: -1
java.io.IOException: read failed, socket might closed or timeout, read ret: -1
	at android.bluetooth.BluetoothSocket.readAll(BluetoothSocket.java:924)
	at android.bluetooth.BluetoothSocket.waitSocketSignal(BluetoothSocket.java:877)
	at android.bluetooth.BluetoothSocket.connect(BluetoothSocket.java:517)
	at org.xcontest.XCTrack.sensors.r.e(SourceFile:152)
	at org.xcontest.XCTrack.sensors.r.run(SourceFile:23)
	at java.lang.Thread.run(Thread.java:1119)
2025-09-07 06:30:29.848 ERROR [BluetoothWorker] Bluetooth exception while connecting
	EXCEPTION: java.io.IOException: read failed, socket might closed or timeout, read ret: -1
java.io.IOException: read failed, socket might closed or timeout, read ret: -1
	at android.bluetooth.BluetoothSocket.readAll(BluetoothSocket.java:924)
	at android.bluetooth.BluetoothSocket.readInt(BluetoothSocket.java:938)
	at android.bluetooth.BluetoothSocket.connect(BluetoothSocket.java:502)
	at org.xcontest.XCTrack.sensors.r.e(SourceFile:70)
	at org.xcontest.XCTrack.sensors.r.run(SourceFile:23)
	at java.lang.Thread.run(Thread.java:1119)
2025-09-07 06:30:37.558 ERROR [BluetoothWorker] Bluetooth connection failed: 
	EXCEPTION: java.io.IOException: read failed, socket might closed or timeout, read ret: -1
java.io.IOException: read failed, socket might closed or timeout, read ret: -1
	at android.bluetooth.BluetoothSocket.readAll(BluetoothSocket.java:924)
	at android.bluetooth.BluetoothSocket.waitSocketSignal(BluetoothSocket.java:877)
	at android.bluetooth.BluetoothSocket.connect(BluetoothSocket.java:517)
	at org.xcontest.XCTrack.sensors.r.e(SourceFile:152)
	at org.xcontest.XCTrack.sensors.r.run(SourceFile:23)
	at java.lang.Thread.run(Thread.java:1119)
2025-09-07 06:30:50.274 ERROR [BluetoothWorker] Bluetooth exception while connecting
	EXCEPTION: java.io.IOException: read failed, socket might closed or timeout, read ret: -1
java.io.IOException: read failed, socket might closed or timeout, read ret: -1
	at android.bluetooth.BluetoothSocket.readAll(BluetoothSocket.java:924)
	at android.bluetooth.BluetoothSocket.readInt(BluetoothSocket.java:938)
	at android.bluetooth.BluetoothSocket.connect(BluetoothSocket.java:502)
	at org.xcontest.XCTrack.sensors.r.e(SourceFile:70)
	at org.xcontest.XCTrack.sensors.r.run(SourceFile:23)
	at java.lang.Thread.run(Thread.java:1119)
2025-09-07 06:30:57.986 ERROR [BluetoothWorker] Bluetooth connection failed: 
	EXCEPTION: java.io.IOException: read failed, socket might closed or timeout, read ret: -1
java.io.IOException: read failed, socket might closed or timeout, read ret: -1
	at android.bluetooth.BluetoothSocket.readAll(BluetoothSocket.java:924)
	at android.bluetooth.BluetoothSocket.waitSocketSignal(BluetoothSocket.java:877)
	at android.bluetooth.BluetoothSocket.connect(BluetoothSocket.java:517)
	at org.xcontest.XCTrack.sensors.r.e(SourceFile:152)
	at org.xcontest.XCTrack.sensors.r.run(SourceFile:23)
	at java.lang.Thread.run(Thread.java:1119)
2025-09-07 06:31:10.700 ERROR [BluetoothWorker] Bluetooth exception while connecting
	EXCEPTION: java.io.IOException: read failed, socket might closed or timeout, read ret: -1
java.io.IOException: read failed, socket might closed or timeout, read ret: -1
	at android.bluetooth.BluetoothSocket.readAll(BluetoothSocket.java:924)
	at android.bluetooth.BluetoothSocket.readInt(BluetoothSocket.java:938)
	at android.bluetooth.BluetoothSocket.connect(BluetoothSocket.java:502)
	at org.xcontest.XCTrack.sensors.r.e(SourceFile:70)
	at org.xcontest.XCTrack.sensors.r.run(SourceFile:23)
	at java.lang.Thread.run(Thread.java:1119)
2025-09-07 06:31:18.412 ERROR [BluetoothWorker] Bluetooth connection failed: 
	EXCEPTION: java.io.IOException: read failed, socket might closed or timeout, read ret: -1
java.io.IOException: read failed, socket might closed or timeout, read ret: -1
	at android.bluetooth.BluetoothSocket.readAll(BluetoothSocket.java:924)
	at android.bluetooth.BluetoothSocket.waitSocketSignal(BluetoothSocket.java:877)
	at android.bluetooth.BluetoothSocket.connect(BluetoothSocket.java:517)
	at org.xcontest.XCTrack.sensors.r.e(SourceFile:152)
	at org.xcontest.XCTrack.sensors.r.run(SourceFile:23)
	at java.lang.Thread.run(Thread.java:1119)
2025-09-07 06:31:31.130 ERROR [BluetoothWorker] Bluetooth exception while connecting
	EXCEPTION: java.io.IOException: read failed, socket might closed or timeout, read ret: -1
java.io.IOException: read failed, socket might closed or timeout, read ret: -1
	at android.bluetooth.BluetoothSocket.readAll(BluetoothSocket.java:924)
	at android.bluetooth.BluetoothSocket.readInt(BluetoothSocket.java:938)
	at android.bluetooth.BluetoothSocket.connect(BluetoothSocket.java:502)
	at org.xcontest.XCTrack.sensors.r.e(SourceFile:70)
	at org.xcontest.XCTrack.sensors.r.run(SourceFile:23)
	at java.lang.Thread.run(Thread.java:1119)
2025-09-07 06:31:38.843 ERROR [BluetoothWorker] Bluetooth connection failed: 
	EXCEPTION: java.io.IOException: read failed, socket might closed or timeout, read ret: -1
java.io.IOException: read failed, socket might closed or timeout, read ret: -1
	at android.bluetooth.BluetoothSocket.readAll(BluetoothSocket.java:924)
	at android.bluetooth.BluetoothSocket.waitSocketSignal(BluetoothSocket.java:877)
	at android.bluetooth.BluetoothSocket.connect(BluetoothSocket.java:517)
	at org.xcontest.XCTrack.sensors.r.e(SourceFile:152)
	at org.xcontest.XCTrack.sensors.r.run(SourceFile:23)
	at java.lang.Thread.run(Thread.java:1119)
2025-09-07 06:31:51.557 ERROR [BluetoothWorker] Bluetooth exception while connecting
	EXCEPTION: java.io.IOException: read failed, socket might closed or timeout, read ret: -1
java.io.IOException: read failed, socket might closed or timeout, read ret: -1
	at android.bluetooth.BluetoothSocket.readAll(BluetoothSocket.java:924)
	at android.bluetooth.BluetoothSocket.readInt(BluetoothSocket.java:938)
	at android.bluetooth.BluetoothSocket.connect(BluetoothSocket.java:502)
	at org.xcontest.XCTrack.sensors.r.e(SourceFile:70)
	at org.xcontest.XCTrack.sensors.r.run(SourceFile:23)
	at java.lang.Thread.run(Thread.java:1119)
2025-09-07 06:31:59.270 ERROR [BluetoothWorker] Bluetooth connection failed: 
	EXCEPTION: java.io.IOException: read failed, socket might closed or timeout, read ret: -1
java.io.IOException: read failed, socket might closed or timeout, read ret: -1
	at android.bluetooth.BluetoothSocket.readAll(BluetoothSocket.java:924)
	at android.bluetooth.BluetoothSocket.waitSocketSignal(BluetoothSocket.java:877)
	at android.bluetooth.BluetoothSocket.connect(BluetoothSocket.java:517)
	at org.xcontest.XCTrack.sensors.r.e(SourceFile:152)
	at org.xcontest.XCTrack.sensors.r.run(SourceFile:23)
	at java.lang.Thread.run(Thread.java:1119)
2025-09-07 06:32:11.980 ERROR [BluetoothWorker] Bluetooth exception while connecting
	EXCEPTION: java.io.IOException: read failed, socket might closed or timeout, read ret: -1
java.io.IOException: read failed, socket might closed or timeout, read ret: -1
	at android.bluetooth.BluetoothSocket.readAll(BluetoothSocket.java:924)
	at android.bluetooth.BluetoothSocket.readInt(BluetoothSocket.java:938)
	at android.bluetooth.BluetoothSocket.connect(BluetoothSocket.java:502)
	at org.xcontest.XCTrack.sensors.r.e(SourceFile:70)
	at org.xcontest.XCTrack.sensors.r.run(SourceFile:23)
	at java.lang.Thread.run(Thread.java:1119)
2025-09-07 06:32:19.690 ERROR [BluetoothWorker] Bluetooth connection failed: 
	EXCEPTION: java.io.IOException: read failed, socket might closed or timeout, read ret: -1
java.io.IOException: read failed, socket might closed or timeout, read ret: -1
	at android.bluetooth.BluetoothSocket.readAll(BluetoothSocket.java:924)
	at android.bluetooth.BluetoothSocket.waitSocketSignal(BluetoothSocket.java:877)
	at android.bluetooth.BluetoothSocket.connect(BluetoothSocket.java:517)
	at org.xcontest.XCTrack.sensors.r.e(SourceFile:152)
	at org.xcontest.XCTrack.sensors.r.run(SourceFile:23)
	at java.lang.Thread.run(Thread.java:1119)
2025-09-07 06:32:32.407 ERROR [BluetoothWorker] Bluetooth exception while connecting
	EXCEPTION: java.io.IOException: read failed, socket might closed or timeout, read ret: -1
java.io.IOException: read failed, socket might closed or timeout, read ret: -1
	at android.bluetooth.BluetoothSocket.readAll(BluetoothSocket.java:924)
	at android.bluetooth.BluetoothSocket.readInt(BluetoothSocket.java:938)
	at android.bluetooth.BluetoothSocket.connect(BluetoothSocket.java:502)
	at org.xcontest.XCTrack.sensors.r.e(SourceFile:70)
	at org.xcontest.XCTrack.sensors.r.run(SourceFile:23)
	at java.lang.Thread.run(Thread.java:1119)
2025-09-07 06:32:40.118 ERROR [BluetoothWorker] Bluetooth connection failed: 
	EXCEPTION: java.io.IOException: read failed, socket might closed or timeout, read ret: -1
java.io.IOException: read failed, socket might closed or timeout, read ret: -1
	at android.bluetooth.BluetoothSocket.readAll(BluetoothSocket.java:924)
	at android.bluetooth.BluetoothSocket.waitSocketSignal(BluetoothSocket.java:877)
	at android.bluetooth.BluetoothSocket.connect(BluetoothSocket.java:517)
	at org.xcontest.XCTrack.sensors.r.e(SourceFile:152)
	at org.xcontest.XCTrack.sensors.r.run(SourceFile:23)
	at java.lang.Thread.run(Thread.java:1119)
2025-09-07 06:32:52.834 ERROR [BluetoothWorker] Bluetooth exception while connecting
	EXCEPTION: java.io.IOException: read failed, socket might closed or timeout, read ret: -1
java.io.IOException: read failed, socket might closed or timeout, read ret: -1
	at android.bluetooth.BluetoothSocket.readAll(BluetoothSocket.java:924)
	at android.bluetooth.BluetoothSocket.readInt(BluetoothSocket.java:938)
	at android.bluetooth.BluetoothSocket.connect(BluetoothSocket.java:502)
	at org.xcontest.XCTrack.sensors.r.e(SourceFile:70)
	at org.xcontest.XCTrack.sensors.r.run(SourceFile:23)
	at java.lang.Thread.run(Thread.java:1119)
2025-09-07 06:33:00.553 ERROR [BluetoothWorker] Bluetooth connection failed: 
	EXCEPTION: java.io.IOException: read failed, socket might closed or timeout, read ret: -1
java.io.IOException: read failed, socket might closed or timeout, read ret: -1
	at android.bluetooth.BluetoothSocket.readAll(BluetoothSocket.java:924)
	at android.bluetooth.BluetoothSocket.waitSocketSignal(BluetoothSocket.java:877)
	at android.bluetooth.BluetoothSocket.connect(BluetoothSocket.java:517)
	at org.xcontest.XCTrack.sensors.r.e(SourceFile:152)
	at org.xcontest.XCTrack.sensors.r.run(SourceFile:23)
	at java.lang.Thread.run(Thread.java:1119)
2025-09-07 06:33:13.268 ERROR [BluetoothWorker] Bluetooth exception while connecting
	EXCEPTION: java.io.IOException: read failed, socket might closed or timeout, read ret: -1
java.io.IOException: read failed, socket might closed or timeout, read ret: -1
	at android.bluetooth.BluetoothSocket.readAll(BluetoothSocket.java:924)
	at android.bluetooth.BluetoothSocket.readInt(BluetoothSocket.java:938)
	at android.bluetooth.BluetoothSocket.connect(BluetoothSocket.java:502)
	at org.xcontest.XCTrack.sensors.r.e(SourceFile:70)
	at org.xcontest.XCTrack.sensors.r.run(SourceFile:23)
	at java.lang.Thread.run(Thread.java:1119)
2025-09-07 06:33:20.979 ERROR [BluetoothWorker] Bluetooth connection failed: 
	EXCEPTION: java.io.IOException: read failed, socket might closed or timeout, read ret: -1
java.io.IOException: read failed, socket might closed or timeout, read ret: -1
	at android.bluetooth.BluetoothSocket.readAll(BluetoothSocket.java:924)
	at android.bluetooth.BluetoothSocket.waitSocketSignal(BluetoothSocket.java:877)
	at android.bluetooth.BluetoothSocket.connect(BluetoothSocket.java:517)
	at org.xcontest.XCTrack.sensors.r.e(SourceFile:152)
	at org.xcontest.XCTrack.sensors.r.run(SourceFile:23)
	at java.lang.Thread.run(Thread.java:1119)
2025-09-07 06:33:33.693 ERROR [BluetoothWorker] Bluetooth exception while connecting
	EXCEPTION: java.io.IOException: read failed, socket might closed or timeout, read ret: -1
java.io.IOException: read failed, socket might closed or timeout, read ret: -1
	at android.bluetooth.BluetoothSocket.readAll(BluetoothSocket.java:924)
	at android.bluetooth.BluetoothSocket.readInt(BluetoothSocket.java:938)
	at android.bluetooth.BluetoothSocket.connect(BluetoothSocket.java:502)
	at org.xcontest.XCTrack.sensors.r.e(SourceFile:70)
	at org.xcontest.XCTrack.sensors.r.run(SourceFile:23)
	at java.lang.Thread.run(Thread.java:1119)
2025-09-07 06:33:41.404 ERROR [BluetoothWorker] Bluetooth connection failed: 
	EXCEPTION: java.io.IOException: read failed, socket might closed or timeout, read ret: -1
java.io.IOException: read failed, socket might closed or timeout, read ret: -1
	at android.bluetooth.BluetoothSocket.readAll(BluetoothSocket.java:924)
	at android.bluetooth.BluetoothSocket.waitSocketSignal(BluetoothSocket.java:877)
	at android.bluetooth.BluetoothSocket.connect(BluetoothSocket.java:517)
	at org.xcontest.XCTrack.sensors.r.e(SourceFile:152)
	at org.xcontest.XCTrack.sensors.r.run(SourceFile:23)
	at java.lang.Thread.run(Thread.java:1119)
2025-09-07 06:33:54.117 ERROR [BluetoothWorker] Bluetooth exception while connecting
	EXCEPTION: java.io.IOException: read failed, socket might closed or timeout, read ret: -1
java.io.IOException: read failed, socket might closed or timeout, read ret: -1
	at android.bluetooth.BluetoothSocket.readAll(BluetoothSocket.java:924)
	at android.bluetooth.BluetoothSocket.readInt(BluetoothSocket.java:938)
	at android.bluetooth.BluetoothSocket.connect(BluetoothSocket.java:502)
	at org.xcontest.XCTrack.sensors.r.e(SourceFile:70)
	at org.xcontest.XCTrack.sensors.r.run(SourceFile:23)
	at java.lang.Thread.run(Thread.java:1119)
2025-09-07 06:34:01.830 ERROR [BluetoothWorker] Bluetooth connection failed: 
	EXCEPTION: java.io.IOException: read failed, socket might closed or timeout, read ret: -1
java.io.IOException: read failed, socket might closed or timeout, read ret: -1
	at android.bluetooth.BluetoothSocket.readAll(BluetoothSocket.java:924)
	at android.bluetooth.BluetoothSocket.waitSocketSignal(BluetoothSocket.java:877)
	at android.bluetooth.BluetoothSocket.connect(BluetoothSocket.java:517)
	at org.xcontest.XCTrack.sensors.r.e(SourceFile:152)
	at org.xcontest.XCTrack.sensors.r.run(SourceFile:23)
	at java.lang.Thread.run(Thread.java:1119)
2025-09-07 06:34:14.540 ERROR [BluetoothWorker] Bluetooth exception while connecting
	EXCEPTION: java.io.IOException: read failed, socket might closed or timeout, read ret: -1
java.io.IOException: read failed, socket might closed or timeout, read ret: -1
	at android.bluetooth.BluetoothSocket.readAll(BluetoothSocket.java:924)
	at android.bluetooth.BluetoothSocket.readInt(BluetoothSocket.java:938)
	at android.bluetooth.BluetoothSocket.connect(BluetoothSocket.java:502)
	at org.xcontest.XCTrack.sensors.r.e(SourceFile:70)
	at org.xcontest.XCTrack.sensors.r.run(SourceFile:23)
	at java.lang.Thread.run(Thread.java:1119)
2025-09-07 06:34:22.253 ERROR [BluetoothWorker] Bluetooth connection failed: 
	EXCEPTION: java.io.IOException: read failed, socket might closed or timeout, read ret: -1
java.io.IOException: read failed, socket might closed or timeout, read ret: -1
	at android.bluetooth.BluetoothSocket.readAll(BluetoothSocket.java:924)
	at android.bluetooth.BluetoothSocket.waitSocketSignal(BluetoothSocket.java:877)
	at android.bluetooth.BluetoothSocket.connect(BluetoothSocket.java:517)
	at org.xcontest.XCTrack.sensors.r.e(SourceFile:152)
	at org.xcontest.XCTrack.sensors.r.run(SourceFile:23)
	at java.lang.Thread.run(Thread.java:1119)
2025-09-07 06:34:34.979 ERROR [BluetoothWorker] Bluetooth exception while connecting
	EXCEPTION: java.io.IOException: read failed, socket might closed or timeout, read ret: -1
java.io.IOException: read failed, socket might closed or timeout, read ret: -1
	at android.bluetooth.BluetoothSocket.readAll(BluetoothSocket.java:924)
	at android.bluetooth.BluetoothSocket.readInt(BluetoothSocket.java:938)
	at android.bluetooth.BluetoothSocket.connect(BluetoothSocket.java:502)
	at org.xcontest.XCTrack.sensors.r.e(SourceFile:70)
	at org.xcontest.XCTrack.sensors.r.run(SourceFile:23)
	at java.lang.Thread.run(Thread.java:1119)
2025-09-07 06:34:42.690 ERROR [BluetoothWorker] Bluetooth connection failed: 
	EXCEPTION: java.io.IOException: read failed, socket might closed or timeout, read ret: -1
java.io.IOException: read failed, socket might closed or timeout, read ret: -1
	at android.bluetooth.BluetoothSocket.readAll(BluetoothSocket.java:924)
	at android.bluetooth.BluetoothSocket.waitSocketSignal(BluetoothSocket.java:877)
	at android.bluetooth.BluetoothSocket.connect(BluetoothSocket.java:517)
	at org.xcontest.XCTrack.sensors.r.e(SourceFile:152)
	at org.xcontest.XCTrack.sensors.r.run(SourceFile:23)
	at java.lang.Thread.run(Thread.java:1119)
2025-09-07 06:34:55.404 ERROR [BluetoothWorker] Bluetooth exception while connecting
	EXCEPTION: java.io.IOException: read failed, socket might closed or timeout, read ret: -1
java.io.IOException: read failed, socket might closed or timeout, read ret: -1
	at android.bluetooth.BluetoothSocket.readAll(BluetoothSocket.java:924)
	at android.bluetooth.BluetoothSocket.readInt(BluetoothSocket.java:938)
	at android.bluetooth.BluetoothSocket.connect(BluetoothSocket.java:502)
	at org.xcontest.XCTrack.sensors.r.e(SourceFile:70)
	at org.xcontest.XCTrack.sensors.r.run(SourceFile:23)
	at java.lang.Thread.run(Thread.java:1119)
2025-09-07 06:35:03.119 ERROR [BluetoothWorker] Bluetooth connection failed: 
	EXCEPTION: java.io.IOException: read failed, socket might closed or timeout, read ret: -1
java.io.IOException: read failed, socket might closed or timeout, read ret: -1
	at android.bluetooth.BluetoothSocket.readAll(BluetoothSocket.java:924)
	at android.bluetooth.BluetoothSocket.waitSocketSignal(BluetoothSocket.java:877)
	at android.bluetooth.BluetoothSocket.connect(BluetoothSocket.java:517)
	at org.xcontest.XCTrack.sensors.r.e(SourceFile:152)
	at org.xcontest.XCTrack.sensors.r.run(SourceFile:23)
	at java.lang.Thread.run(Thread.java:1119)
2025-09-07 06:35:15.835 ERROR [BluetoothWorker] Bluetooth exception while connecting
	EXCEPTION: java.io.IOException: read failed, socket might closed or timeout, read ret: -1
java.io.IOException: read failed, socket might closed or timeout, read ret: -1
	at android.bluetooth.BluetoothSocket.readAll(BluetoothSocket.java:924)
	at android.bluetooth.BluetoothSocket.readInt(BluetoothSocket.java:938)
	at android.bluetooth.BluetoothSocket.connect(BluetoothSocket.java:502)
	at org.xcontest.XCTrack.sensors.r.e(SourceFile:70)
	at org.xcontest.XCTrack.sensors.r.run(SourceFile:23)
	at java.lang.Thread.run(Thread.java:1119)
2025-09-07 06:35:23.548 ERROR [BluetoothWorker] Bluetooth connection failed: 
	EXCEPTION: java.io.IOException: read failed, socket might closed or timeout, read ret: -1
java.io.IOException: read failed, socket might closed or timeout, read ret: -1
	at android.bluetooth.BluetoothSocket.readAll(BluetoothSocket.java:924)
	at android.bluetooth.BluetoothSocket.waitSocketSignal(BluetoothSocket.java:877)
	at android.bluetooth.BluetoothSocket.connect(BluetoothSocket.java:517)
	at org.xcontest.XCTrack.sensors.r.e(SourceFile:152)
	at org.xcontest.XCTrack.sensors.r.run(SourceFile:23)
	at java.lang.Thread.run(Thread.java:1119)
2025-09-07 06:35:36.265 ERROR [BluetoothWorker] Bluetooth exception while connecting
	EXCEPTION: java.io.IOException: read failed, socket might closed or timeout, read ret: -1
java.io.IOException: read failed, socket might closed or timeout, read ret: -1
	at android.bluetooth.BluetoothSocket.readAll(BluetoothSocket.java:924)
	at android.bluetooth.BluetoothSocket.readInt(BluetoothSocket.java:938)
	at android.bluetooth.BluetoothSocket.connect(BluetoothSocket.java:502)
	at org.xcontest.XCTrack.sensors.r.e(SourceFile:70)
	at org.xcontest.XCTrack.sensors.r.run(SourceFile:23)
	at java.lang.Thread.run(Thread.java:1119)
2025-09-07 06:35:43.977 ERROR [BluetoothWorker] Bluetooth connection failed: 
	EXCEPTION: java.io.IOException: read failed, socket might closed or timeout, read ret: -1
java.io.IOException: read failed, socket might closed or timeout, read ret: -1
	at android.bluetooth.BluetoothSocket.readAll(BluetoothSocket.java:924)
	at android.bluetooth.BluetoothSocket.waitSocketSignal(BluetoothSocket.java:877)
	at android.bluetooth.BluetoothSocket.connect(BluetoothSocket.java:517)
	at org.xcontest.XCTrack.sensors.r.e(SourceFile:152)
	at org.xcontest.XCTrack.sensors.r.run(SourceFile:23)
	at java.lang.Thread.run(Thread.java:1119)
2025-09-07 06:35:56.692 ERROR [BluetoothWorker] Bluetooth exception while connecting
	EXCEPTION: java.io.IOException: read failed, socket might closed or timeout, read ret: -1
java.io.IOException: read failed, socket might closed or timeout, read ret: -1
	at android.bluetooth.BluetoothSocket.readAll(BluetoothSocket.java:924)
	at android.bluetooth.BluetoothSocket.readInt(BluetoothSocket.java:938)
	at android.bluetooth.BluetoothSocket.connect(BluetoothSocket.java:502)
	at org.xcontest.XCTrack.sensors.r.e(SourceFile:70)
	at org.xcontest.XCTrack.sensors.r.run(SourceFile:23)
	at java.lang.Thread.run(Thread.java:1119)
2025-09-07 06:36:04.402 ERROR [BluetoothWorker] Bluetooth connection failed: 
	EXCEPTION: java.io.IOException: read failed, socket might closed or timeout, read ret: -1
java.io.IOException: read failed, socket might closed or timeout, read ret: -1
	at android.bluetooth.BluetoothSocket.readAll(BluetoothSocket.java:924)
	at android.bluetooth.BluetoothSocket.waitSocketSignal(BluetoothSocket.java:877)
	at android.bluetooth.BluetoothSocket.connect(BluetoothSocket.java:517)
	at org.xcontest.XCTrack.sensors.r.e(SourceFile:152)
	at org.xcontest.XCTrack.sensors.r.run(SourceFile:23)
	at java.lang.Thread.run(Thread.java:1119)
2025-09-07 06:36:17.114 ERROR [BluetoothWorker] Bluetooth exception while connecting
	EXCEPTION: java.io.IOException: read failed, socket might closed or timeout, read ret: -1
java.io.IOException: read failed, socket might closed or timeout, read ret: -1
	at android.bluetooth.BluetoothSocket.readAll(BluetoothSocket.java:924)
	at android.bluetooth.BluetoothSocket.readInt(BluetoothSocket.java:938)
	at android.bluetooth.BluetoothSocket.connect(BluetoothSocket.java:502)
	at org.xcontest.XCTrack.sensors.r.e(SourceFile:70)
	at org.xcontest.XCTrack.sensors.r.run(SourceFile:23)
	at java.lang.Thread.run(Thread.java:1119)
2025-09-07 06:36:24.829 ERROR [BluetoothWorker] Bluetooth connection failed: 
	EXCEPTION: java.io.IOException: read failed, socket might closed or timeout, read ret: -1
java.io.IOException: read failed, socket might closed or timeout, read ret: -1
	at android.bluetooth.BluetoothSocket.readAll(BluetoothSocket.java:924)
	at android.bluetooth.BluetoothSocket.waitSocketSignal(BluetoothSocket.java:877)
	at android.bluetooth.BluetoothSocket.connect(BluetoothSocket.java:517)
	at org.xcontest.XCTrack.sensors.r.e(SourceFile:152)
	at org.xcontest.XCTrack.sensors.r.run(SourceFile:23)
	at java.lang.Thread.run(Thread.java:1119)
2025-09-07 06:36:37.545 ERROR [BluetoothWorker] Bluetooth exception while connecting
	EXCEPTION: java.io.IOException: read failed, socket might closed or timeout, read ret: -1
java.io.IOException: read failed, socket might closed or timeout, read ret: -1
	at android.bluetooth.BluetoothSocket.readAll(BluetoothSocket.java:924)
	at android.bluetooth.BluetoothSocket.readInt(BluetoothSocket.java:938)
	at android.bluetooth.BluetoothSocket.connect(BluetoothSocket.java:502)
	at org.xcontest.XCTrack.sensors.r.e(SourceFile:70)
	at org.xcontest.XCTrack.sensors.r.run(SourceFile:23)
	at java.lang.Thread.run(Thread.java:1119)
2025-09-07 06:36:45.260 ERROR [BluetoothWorker] Bluetooth connection failed: 
	EXCEPTION: java.io.IOException: read failed, socket might closed or timeout, read ret: -1
java.io.IOException: read failed, socket might closed or timeout, read ret: -1
	at android.bluetooth.BluetoothSocket.readAll(BluetoothSocket.java:924)
	at android.bluetooth.BluetoothSocket.waitSocketSignal(BluetoothSocket.java:877)
	at android.bluetooth.BluetoothSocket.connect(BluetoothSocket.java:517)
	at org.xcontest.XCTrack.sensors.r.e(SourceFile:152)
	at org.xcontest.XCTrack.sensors.r.run(SourceFile:23)
	at java.lang.Thread.run(Thread.java:1119)
2025-09-07 06:36:57.976 ERROR [BluetoothWorker] Bluetooth exception while connecting
	EXCEPTION: java.io.IOException: read failed, socket might closed or timeout, read ret: -1
java.io.IOException: read failed, socket might closed or timeout, read ret: -1
	at android.bluetooth.BluetoothSocket.readAll(BluetoothSocket.java:924)
	at android.bluetooth.BluetoothSocket.readInt(BluetoothSocket.java:938)
	at android.bluetooth.BluetoothSocket.connect(BluetoothSocket.java:502)
	at org.xcontest.XCTrack.sensors.r.e(SourceFile:70)
	at org.xcontest.XCTrack.sensors.r.run(SourceFile:23)
	at java.lang.Thread.run(Thread.java:1119)
2025-09-07 06:37:05.687 ERROR [BluetoothWorker] Bluetooth connection failed: 
	EXCEPTION: java.io.IOException: read failed, socket might closed or timeout, read ret: -1
java.io.IOException: read failed, socket might closed or timeout, read ret: -1
	at android.bluetooth.BluetoothSocket.readAll(BluetoothSocket.java:924)
	at android.bluetooth.BluetoothSocket.waitSocketSignal(BluetoothSocket.java:877)
	at android.bluetooth.BluetoothSocket.connect(BluetoothSocket.java:517)
	at org.xcontest.XCTrack.sensors.r.e(SourceFile:152)
	at org.xcontest.XCTrack.sensors.r.run(SourceFile:23)
	at java.lang.Thread.run(Thread.java:1119)
2025-09-07 06:37:18.403 ERROR [BluetoothWorker] Bluetooth exception while connecting
	EXCEPTION: java.io.IOException: read failed, socket might closed or timeout, read ret: -1
java.io.IOException: read failed, socket might closed or timeout, read ret: -1
	at android.bluetooth.BluetoothSocket.readAll(BluetoothSocket.java:924)
	at android.bluetooth.BluetoothSocket.readInt(BluetoothSocket.java:938)
	at android.bluetooth.BluetoothSocket.connect(BluetoothSocket.java:502)
	at org.xcontest.XCTrack.sensors.r.e(SourceFile:70)
	at org.xcontest.XCTrack.sensors.r.run(SourceFile:23)
	at java.lang.Thread.run(Thread.java:1119)
2025-09-07 06:37:26.115 ERROR [BluetoothWorker] Bluetooth connection failed: 
	EXCEPTION: java.io.IOException: read failed, socket might closed or timeout, read ret: -1
java.io.IOException: read failed, socket might closed or timeout, read ret: -1
	at android.bluetooth.BluetoothSocket.readAll(BluetoothSocket.java:924)
	at android.bluetooth.BluetoothSocket.waitSocketSignal(BluetoothSocket.java:877)
	at android.bluetooth.BluetoothSocket.connect(BluetoothSocket.java:517)
	at org.xcontest.XCTrack.sensors.r.e(SourceFile:152)
	at org.xcontest.XCTrack.sensors.r.run(SourceFile:23)
	at java.lang.Thread.run(Thread.java:1119)
2025-09-07 06:37:38.834 ERROR [BluetoothWorker] Bluetooth exception while connecting
	EXCEPTION: java.io.IOException: read failed, socket might closed or timeout, read ret: -1
java.io.IOException: read failed, socket might closed or timeout, read ret: -1
	at android.bluetooth.BluetoothSocket.readAll(BluetoothSocket.java:924)
	at android.bluetooth.BluetoothSocket.readInt(BluetoothSocket.java:938)
	at android.bluetooth.BluetoothSocket.connect(BluetoothSocket.java:502)
	at org.xcontest.XCTrack.sensors.r.e(SourceFile:70)
	at org.xcontest.XCTrack.sensors.r.run(SourceFile:23)
	at java.lang.Thread.run(Thread.java:1119)
2025-09-07 06:37:46.545 ERROR [BluetoothWorker] Bluetooth connection failed: 
	EXCEPTION: java.io.IOException: read failed, socket might closed or timeout, read ret: -1
java.io.IOException: read failed, socket might closed or timeout, read ret: -1
	at android.bluetooth.BluetoothSocket.readAll(BluetoothSocket.java:924)
	at android.bluetooth.BluetoothSocket.waitSocketSignal(BluetoothSocket.java:877)
	at android.bluetooth.BluetoothSocket.connect(BluetoothSocket.java:517)
	at org.xcontest.XCTrack.sensors.r.e(SourceFile:152)
	at org.xcontest.XCTrack.sensors.r.run(SourceFile:23)
	at java.lang.Thread.run(Thread.java:1119)
2025-09-07 06:37:59.294 ERROR [BluetoothWorker] Bluetooth exception while connecting
	EXCEPTION: java.io.IOException: read failed, socket might closed or timeout, read ret: -1
java.io.IOException: read failed, socket might closed or timeout, read ret: -1
	at android.bluetooth.BluetoothSocket.readAll(BluetoothSocket.java:924)
	at android.bluetooth.BluetoothSocket.readInt(BluetoothSocket.java:938)
	at android.bluetooth.BluetoothSocket.connect(BluetoothSocket.java:502)
	at org.xcontest.XCTrack.sensors.r.e(SourceFile:70)
	at org.xcontest.XCTrack.sensors.r.run(SourceFile:23)
	at java.lang.Thread.run(Thread.java:1119)
2025-09-07 06:38:07.052 ERROR [BluetoothWorker] Bluetooth connection failed: 
	EXCEPTION: java.io.IOException: read failed, socket might closed or timeout, read ret: -1
java.io.IOException: read failed, socket might closed or timeout, read ret: -1
	at android.bluetooth.BluetoothSocket.readAll(BluetoothSocket.java:924)
	at android.bluetooth.BluetoothSocket.waitSocketSignal(BluetoothSocket.java:877)
	at android.bluetooth.BluetoothSocket.connect(BluetoothSocket.java:517)
	at org.xcontest.XCTrack.sensors.r.e(SourceFile:152)
	at org.xcontest.XCTrack.sensors.r.run(SourceFile:23)
	at java.lang.Thread.run(Thread.java:1119)
2025-09-07 06:38:19.767 ERROR [BluetoothWorker] Bluetooth exception while connecting
	EXCEPTION: java.io.IOException: read failed, socket might closed or timeout, read ret: -1
java.io.IOException: read failed, socket might closed or timeout, read ret: -1
	at android.bluetooth.BluetoothSocket.readAll(BluetoothSocket.java:924)
	at android.bluetooth.BluetoothSocket.readInt(BluetoothSocket.java:938)
	at android.bluetooth.BluetoothSocket.connect(BluetoothSocket.java:502)
	at org.xcontest.XCTrack.sensors.r.e(SourceFile:70)
	at org.xcontest.XCTrack.sensors.r.run(SourceFile:23)
	at java.lang.Thread.run(Thread.java:1119)
2025-09-07 06:38:27.488 ERROR [BluetoothWorker] Bluetooth connection failed: 
	EXCEPTION: java.io.IOException: read failed, socket might closed or timeout, read ret: -1
java.io.IOException: read failed, socket might closed or timeout, read ret: -1
	at android.bluetooth.BluetoothSocket.readAll(BluetoothSocket.java:924)
	at android.bluetooth.BluetoothSocket.waitSocketSignal(BluetoothSocket.java:877)
	at android.bluetooth.BluetoothSocket.connect(BluetoothSocket.java:517)
	at org.xcontest.XCTrack.sensors.r.e(SourceFile:152)
	at org.xcontest.XCTrack.sensors.r.run(SourceFile:23)
	at java.lang.Thread.run(Thread.java:1119)
2025-09-07 06:38:40.229 ERROR [BluetoothWorker] Bluetooth exception while connecting
	EXCEPTION: java.io.IOException: read failed, socket might closed or timeout, read ret: -1
java.io.IOException: read failed, socket might closed or timeout, read ret: -1
	at android.bluetooth.BluetoothSocket.readAll(BluetoothSocket.java:924)
	at android.bluetooth.BluetoothSocket.readInt(BluetoothSocket.java:938)
	at android.bluetooth.BluetoothSocket.connect(BluetoothSocket.java:502)
	at org.xcontest.XCTrack.sensors.r.e(SourceFile:70)
	at org.xcontest.XCTrack.sensors.r.run(SourceFile:23)
	at java.lang.Thread.run(Thread.java:1119)
2025-09-07 06:38:47.944 ERROR [BluetoothWorker] Bluetooth connection failed: 
	EXCEPTION: java.io.IOException: read failed, socket might closed or timeout, read ret: -1
java.io.IOException: read failed, socket might closed or timeout, read ret: -1
	at android.bluetooth.BluetoothSocket.readAll(BluetoothSocket.java:924)
	at android.bluetooth.BluetoothSocket.waitSocketSignal(BluetoothSocket.java:877)
	at android.bluetooth.BluetoothSocket.connect(BluetoothSocket.java:517)
	at org.xcontest.XCTrack.sensors.r.e(SourceFile:152)
	at org.xcontest.XCTrack.sensors.r.run(SourceFile:23)
	at java.lang.Thread.run(Thread.java:1119)
2025-09-07 06:39:00.657 ERROR [BluetoothWorker] Bluetooth exception while connecting
	EXCEPTION: java.io.IOException: read failed, socket might closed or timeout, read ret: -1
java.io.IOException: read failed, socket might closed or timeout, read ret: -1
	at android.bluetooth.BluetoothSocket.readAll(BluetoothSocket.java:924)
	at android.bluetooth.BluetoothSocket.readInt(BluetoothSocket.java:938)
	at android.bluetooth.BluetoothSocket.connect(BluetoothSocket.java:502)
	at org.xcontest.XCTrack.sensors.r.e(SourceFile:70)
	at org.xcontest.XCTrack.sensors.r.run(SourceFile:23)
	at java.lang.Thread.run(Thread.java:1119)
2025-09-07 06:39:08.370 ERROR [BluetoothWorker] Bluetooth connection failed: 
	EXCEPTION: java.io.IOException: read failed, socket might closed or timeout, read ret: -1
java.io.IOException: read failed, socket might closed or timeout, read ret: -1
	at android.bluetooth.BluetoothSocket.readAll(BluetoothSocket.java:924)
	at android.bluetooth.BluetoothSocket.waitSocketSignal(BluetoothSocket.java:877)
	at android.bluetooth.BluetoothSocket.connect(BluetoothSocket.java:517)
	at org.xcontest.XCTrack.sensors.r.e(SourceFile:152)
	at org.xcontest.XCTrack.sensors.r.run(SourceFile:23)
	at java.lang.Thread.run(Thread.java:1119)
2025-09-07 06:39:21.085 ERROR [BluetoothWorker] Bluetooth exception while connecting
	EXCEPTION: java.io.IOException: read failed, socket might closed or timeout, read ret: -1
java.io.IOException: read failed, socket might closed or timeout, read ret: -1
	at android.bluetooth.BluetoothSocket.readAll(BluetoothSocket.java:924)
	at android.bluetooth.BluetoothSocket.readInt(BluetoothSocket.java:938)
	at android.bluetooth.BluetoothSocket.connect(BluetoothSocket.java:502)
	at org.xcontest.XCTrack.sensors.r.e(SourceFile:70)
	at org.xcontest.XCTrack.sensors.r.run(SourceFile:23)
	at java.lang.Thread.run(Thread.java:1119)
2025-09-07 06:39:28.807 ERROR [BluetoothWorker] Bluetooth connection failed: 
	EXCEPTION: java.io.IOException: read failed, socket might closed or timeout, read ret: -1
java.io.IOException: read failed, socket might closed or timeout, read ret: -1
	at android.bluetooth.BluetoothSocket.readAll(BluetoothSocket.java:924)
	at android.bluetooth.BluetoothSocket.waitSocketSignal(BluetoothSocket.java:877)
	at android.bluetooth.BluetoothSocket.connect(BluetoothSocket.java:517)
	at org.xcontest.XCTrack.sensors.r.e(SourceFile:152)
	at org.xcontest.XCTrack.sensors.r.run(SourceFile:23)
	at java.lang.Thread.run(Thread.java:1119)
2025-09-07 06:39:41.519 ERROR [BluetoothWorker] Bluetooth exception while connecting
	EXCEPTION: java.io.IOException: read failed, socket might closed or timeout, read ret: -1
java.io.IOException: read failed, socket might closed or timeout, read ret: -1
	at android.bluetooth.BluetoothSocket.readAll(BluetoothSocket.java:924)
	at android.bluetooth.BluetoothSocket.readInt(BluetoothSocket.java:938)
	at android.bluetooth.BluetoothSocket.connect(BluetoothSocket.java:502)
	at org.xcontest.XCTrack.sensors.r.e(SourceFile:70)
	at org.xcontest.XCTrack.sensors.r.run(SourceFile:23)
	at java.lang.Thread.run(Thread.java:1119)
2025-09-07 06:39:49.232 ERROR [BluetoothWorker] Bluetooth connection failed: 
	EXCEPTION: java.io.IOException: read failed, socket might closed or timeout, read ret: -1
java.io.IOException: read failed, socket might closed or timeout, read ret: -1
	at android.bluetooth.BluetoothSocket.readAll(BluetoothSocket.java:924)
	at android.bluetooth.BluetoothSocket.waitSocketSignal(BluetoothSocket.java:877)
	at android.bluetooth.BluetoothSocket.connect(BluetoothSocket.java:517)
	at org.xcontest.XCTrack.sensors.r.e(SourceFile:152)
	at org.xcontest.XCTrack.sensors.r.run(SourceFile:23)
	at java.lang.Thread.run(Thread.java:1119)
2025-09-07 06:40:01.946 ERROR [BluetoothWorker] Bluetooth exception while connecting
	EXCEPTION: java.io.IOException: read failed, socket might closed or timeout, read ret: -1
java.io.IOException: read failed, socket might closed or timeout, read ret: -1
	at android.bluetooth.BluetoothSocket.readAll(BluetoothSocket.java:924)
	at android.bluetooth.BluetoothSocket.readInt(BluetoothSocket.java:938)
	at android.bluetooth.BluetoothSocket.connect(BluetoothSocket.java:502)
	at org.xcontest.XCTrack.sensors.r.e(SourceFile:70)
	at org.xcontest.XCTrack.sensors.r.run(SourceFile:23)
	at java.lang.Thread.run(Thread.java:1119)
2025-09-07 06:40:09.656 ERROR [BluetoothWorker] Bluetooth connection failed: 
	EXCEPTION: java.io.IOException: read failed, socket might closed or timeout, read ret: -1
java.io.IOException: read failed, socket might closed or timeout, read ret: -1
	at android.bluetooth.BluetoothSocket.readAll(BluetoothSocket.java:924)
	at android.bluetooth.BluetoothSocket.waitSocketSignal(BluetoothSocket.java:877)
	at android.bluetooth.BluetoothSocket.connect(BluetoothSocket.java:517)
	at org.xcontest.XCTrack.sensors.r.e(SourceFile:152)
	at org.xcontest.XCTrack.sensors.r.run(SourceFile:23)
	at java.lang.Thread.run(Thread.java:1119)
2025-09-07 06:40:22.374 ERROR [BluetoothWorker] Bluetooth exception while connecting
	EXCEPTION: java.io.IOException: read failed, socket might closed or timeout, read ret: -1
java.io.IOException: read failed, socket might closed or timeout, read ret: -1
	at android.bluetooth.BluetoothSocket.readAll(BluetoothSocket.java:924)
	at android.bluetooth.BluetoothSocket.readInt(BluetoothSocket.java:938)
	at android.bluetooth.BluetoothSocket.connect(BluetoothSocket.java:502)
	at org.xcontest.XCTrack.sensors.r.e(SourceFile:70)
	at org.xcontest.XCTrack.sensors.r.run(SourceFile:23)
	at java.lang.Thread.run(Thread.java:1119)
2025-09-07 06:40:30.090 ERROR [BluetoothWorker] Bluetooth connection failed: 
	EXCEPTION: java.io.IOException: read failed, socket might closed or timeout, read ret: -1
java.io.IOException: read failed, socket might closed or timeout, read ret: -1
	at android.bluetooth.BluetoothSocket.readAll(BluetoothSocket.java:924)
	at android.bluetooth.BluetoothSocket.waitSocketSignal(BluetoothSocket.java:877)
	at android.bluetooth.BluetoothSocket.connect(BluetoothSocket.java:517)
	at org.xcontest.XCTrack.sensors.r.e(SourceFile:152)
	at org.xcontest.XCTrack.sensors.r.run(SourceFile:23)
	at java.lang.Thread.run(Thread.java:1119)
2025-09-07 06:40:42.803 ERROR [BluetoothWorker] Bluetooth exception while connecting
	EXCEPTION: java.io.IOException: read failed, socket might closed or timeout, read ret: -1
java.io.IOException: read failed, socket might closed or timeout, read ret: -1
	at android.bluetooth.BluetoothSocket.readAll(BluetoothSocket.java:924)
	at android.bluetooth.BluetoothSocket.readInt(BluetoothSocket.java:938)
	at android.bluetooth.BluetoothSocket.connect(BluetoothSocket.java:502)
	at org.xcontest.XCTrack.sensors.r.e(SourceFile:70)
	at org.xcontest.XCTrack.sensors.r.run(SourceFile:23)
	at java.lang.Thread.run(Thread.java:1119)
2025-09-07 06:40:50.513 ERROR [BluetoothWorker] Bluetooth connection failed: 
	EXCEPTION: java.io.IOException: read failed, socket might closed or timeout, read ret: -1
java.io.IOException: read failed, socket might closed or timeout, read ret: -1
	at android.bluetooth.BluetoothSocket.readAll(BluetoothSocket.java:924)
	at android.bluetooth.BluetoothSocket.waitSocketSignal(BluetoothSocket.java:877)
	at android.bluetooth.BluetoothSocket.connect(BluetoothSocket.java:517)
	at org.xcontest.XCTrack.sensors.r.e(SourceFile:152)
	at org.xcontest.XCTrack.sensors.r.run(SourceFile:23)
	at java.lang.Thread.run(Thread.java:1119)
2025-09-07 06:41:03.228 ERROR [BluetoothWorker] Bluetooth exception while connecting
	EXCEPTION: java.io.IOException: read failed, socket might closed or timeout, read ret: -1
java.io.IOException: read failed, socket might closed or timeout, read ret: -1
	at android.bluetooth.BluetoothSocket.readAll(BluetoothSocket.java:924)
	at android.bluetooth.BluetoothSocket.readInt(BluetoothSocket.java:938)
	at android.bluetooth.BluetoothSocket.connect(BluetoothSocket.java:502)
	at org.xcontest.XCTrack.sensors.r.e(SourceFile:70)
	at org.xcontest.XCTrack.sensors.r.run(SourceFile:23)
	at java.lang.Thread.run(Thread.java:1119)
2025-09-07 06:41:10.940 ERROR [BluetoothWorker] Bluetooth connection failed: 
	EXCEPTION: java.io.IOException: read failed, socket might closed or timeout, read ret: -1
java.io.IOException: read failed, socket might closed or timeout, read ret: -1
	at android.bluetooth.BluetoothSocket.readAll(BluetoothSocket.java:924)
	at android.bluetooth.BluetoothSocket.waitSocketSignal(BluetoothSocket.java:877)
	at android.bluetooth.BluetoothSocket.connect(BluetoothSocket.java:517)
	at org.xcontest.XCTrack.sensors.r.e(SourceFile:152)
	at org.xcontest.XCTrack.sensors.r.run(SourceFile:23)
	at java.lang.Thread.run(Thread.java:1119)
2025-09-07 06:41:23.655 ERROR [BluetoothWorker] Bluetooth exception while connecting
	EXCEPTION: java.io.IOException: read failed, socket might closed or timeout, read ret: -1
java.io.IOException: read failed, socket might closed or timeout, read ret: -1
	at android.bluetooth.BluetoothSocket.readAll(BluetoothSocket.java:924)
	at android.bluetooth.BluetoothSocket.readInt(BluetoothSocket.java:938)
	at android.bluetooth.BluetoothSocket.connect(BluetoothSocket.java:502)
	at org.xcontest.XCTrack.sensors.r.e(SourceFile:70)
	at org.xcontest.XCTrack.sensors.r.run(SourceFile:23)
	at java.lang.Thread.run(Thread.java:1119)
2025-09-07 06:41:31.368 ERROR [BluetoothWorker] Bluetooth connection failed: 
	EXCEPTION: java.io.IOException: read failed, socket might closed or timeout, read ret: -1
java.io.IOException: read failed, socket might closed or timeout, read ret: -1
	at android.bluetooth.BluetoothSocket.readAll(BluetoothSocket.java:924)
	at android.bluetooth.BluetoothSocket.waitSocketSignal(BluetoothSocket.java:877)
	at android.bluetooth.BluetoothSocket.connect(BluetoothSocket.java:517)
	at org.xcontest.XCTrack.sensors.r.e(SourceFile:152)
	at org.xcontest.XCTrack.sensors.r.run(SourceFile:23)
	at java.lang.Thread.run(Thread.java:1119)
2025-09-07 06:41:44.081 ERROR [BluetoothWorker] Bluetooth exception while connecting
	EXCEPTION: java.io.IOException: read failed, socket might closed or timeout, read ret: -1
java.io.IOException: read failed, socket might closed or timeout, read ret: -1
	at android.bluetooth.BluetoothSocket.readAll(BluetoothSocket.java:924)
	at android.bluetooth.BluetoothSocket.readInt(BluetoothSocket.java:938)
	at android.bluetooth.BluetoothSocket.connect(BluetoothSocket.java:502)
	at org.xcontest.XCTrack.sensors.r.e(SourceFile:70)
	at org.xcontest.XCTrack.sensors.r.run(SourceFile:23)
	at java.lang.Thread.run(Thread.java:1119)
2025-09-07 06:41:51.793 ERROR [BluetoothWorker] Bluetooth connection failed: 
	EXCEPTION: java.io.IOException: read failed, socket might closed or timeout, read ret: -1
java.io.IOException: read failed, socket might closed or timeout, read ret: -1
	at android.bluetooth.BluetoothSocket.readAll(BluetoothSocket.java:924)
	at android.bluetooth.BluetoothSocket.waitSocketSignal(BluetoothSocket.java:877)
	at android.bluetooth.BluetoothSocket.connect(BluetoothSocket.java:517)
	at org.xcontest.XCTrack.sensors.r.e(SourceFile:152)
	at org.xcontest.XCTrack.sensors.r.run(SourceFile:23)
	at java.lang.Thread.run(Thread.java:1119)
2025-09-07 06:42:04.506 ERROR [BluetoothWorker] Bluetooth exception while connecting
	EXCEPTION: java.io.IOException: read failed, socket might closed or timeout, read ret: -1
java.io.IOException: read failed, socket might closed or timeout, read ret: -1
	at android.bluetooth.BluetoothSocket.readAll(BluetoothSocket.java:924)
	at android.bluetooth.BluetoothSocket.readInt(BluetoothSocket.java:938)
	at android.bluetooth.BluetoothSocket.connect(BluetoothSocket.java:502)
	at org.xcontest.XCTrack.sensors.r.e(SourceFile:70)
	at org.xcontest.XCTrack.sensors.r.run(SourceFile:23)
	at java.lang.Thread.run(Thread.java:1119)
2025-09-07 06:42:12.218 ERROR [BluetoothWorker] Bluetooth connection failed: 
	EXCEPTION: java.io.IOException: read failed, socket might closed or timeout, read ret: -1
java.io.IOException: read failed, socket might closed or timeout, read ret: -1
	at android.bluetooth.BluetoothSocket.readAll(BluetoothSocket.java:924)
	at android.bluetooth.BluetoothSocket.waitSocketSignal(BluetoothSocket.java:877)
	at android.bluetooth.BluetoothSocket.connect(BluetoothSocket.java:517)
	at org.xcontest.XCTrack.sensors.r.e(SourceFile:152)
	at org.xcontest.XCTrack.sensors.r.run(SourceFile:23)
	at java.lang.Thread.run(Thread.java:1119)
2025-09-07 06:42:24.930 ERROR [BluetoothWorker] Bluetooth exception while connecting
	EXCEPTION: java.io.IOException: read failed, socket might closed or timeout, read ret: -1
java.io.IOException: read failed, socket might closed or timeout, read ret: -1
	at android.bluetooth.BluetoothSocket.readAll(BluetoothSocket.java:924)
	at android.bluetooth.BluetoothSocket.readInt(BluetoothSocket.java:938)
	at android.bluetooth.BluetoothSocket.connect(BluetoothSocket.java:502)
	at org.xcontest.XCTrack.sensors.r.e(SourceFile:70)
	at org.xcontest.XCTrack.sensors.r.run(SourceFile:23)
	at java.lang.Thread.run(Thread.java:1119)
2025-09-07 06:42:32.641 ERROR [BluetoothWorker] Bluetooth connection failed: 
	EXCEPTION: java.io.IOException: read failed, socket might closed or timeout, read ret: -1
java.io.IOException: read failed, socket might closed or timeout, read ret: -1
	at android.bluetooth.BluetoothSocket.readAll(BluetoothSocket.java:924)
	at android.bluetooth.BluetoothSocket.waitSocketSignal(BluetoothSocket.java:877)
	at android.bluetooth.BluetoothSocket.connect(BluetoothSocket.java:517)
	at org.xcontest.XCTrack.sensors.r.e(SourceFile:152)
	at org.xcontest.XCTrack.sensors.r.run(SourceFile:23)
	at java.lang.Thread.run(Thread.java:1119)
2025-09-07 06:42:45.354 ERROR [BluetoothWorker] Bluetooth exception while connecting
	EXCEPTION: java.io.IOException: read failed, socket might closed or timeout, read ret: -1
java.io.IOException: read failed, socket might closed or timeout, read ret: -1
	at android.bluetooth.BluetoothSocket.readAll(BluetoothSocket.java:924)
	at android.bluetooth.BluetoothSocket.readInt(BluetoothSocket.java:938)
	at android.bluetooth.BluetoothSocket.connect(BluetoothSocket.java:502)
	at org.xcontest.XCTrack.sensors.r.e(SourceFile:70)
	at org.xcontest.XCTrack.sensors.r.run(SourceFile:23)
	at java.lang.Thread.run(Thread.java:1119)
2025-09-07 06:42:53.067 ERROR [BluetoothWorker] Bluetooth connection failed: 
	EXCEPTION: java.io.IOException: read failed, socket might closed or timeout, read ret: -1
java.io.IOException: read failed, socket might closed or timeout, read ret: -1
	at android.bluetooth.BluetoothSocket.readAll(BluetoothSocket.java:924)
	at android.bluetooth.BluetoothSocket.waitSocketSignal(BluetoothSocket.java:877)
	at android.bluetooth.BluetoothSocket.connect(BluetoothSocket.java:517)
	at org.xcontest.XCTrack.sensors.r.e(SourceFile:152)
	at org.xcontest.XCTrack.sensors.r.run(SourceFile:23)
	at java.lang.Thread.run(Thread.java:1119)
2025-09-07 06:43:05.778 ERROR [BluetoothWorker] Bluetooth exception while connecting
	EXCEPTION: java.io.IOException: read failed, socket might closed or timeout, read ret: -1
java.io.IOException: read failed, socket might closed or timeout, read ret: -1
	at android.bluetooth.BluetoothSocket.readAll(BluetoothSocket.java:924)
	at android.bluetooth.BluetoothSocket.readInt(BluetoothSocket.java:938)
	at android.bluetooth.BluetoothSocket.connect(BluetoothSocket.java:502)
	at org.xcontest.XCTrack.sensors.r.e(SourceFile:70)
	at org.xcontest.XCTrack.sensors.r.run(SourceFile:23)
	at java.lang.Thread.run(Thread.java:1119)
2025-09-07 06:43:13.488 ERROR [BluetoothWorker] Bluetooth connection failed: 
	EXCEPTION: java.io.IOException: read failed, socket might closed or timeout, read ret: -1
java.io.IOException: read failed, socket might closed or timeout, read ret: -1
	at android.bluetooth.BluetoothSocket.readAll(BluetoothSocket.java:924)
	at android.bluetooth.BluetoothSocket.waitSocketSignal(BluetoothSocket.java:877)
	at android.bluetooth.BluetoothSocket.connect(BluetoothSocket.java:517)
	at org.xcontest.XCTrack.sensors.r.e(SourceFile:152)
	at org.xcontest.XCTrack.sensors.r.run(SourceFile:23)
	at java.lang.Thread.run(Thread.java:1119)
2025-09-07 06:43:26.203 ERROR [BluetoothWorker] Bluetooth exception while connecting
	EXCEPTION: java.io.IOException: read failed, socket might closed or timeout, read ret: -1
java.io.IOException: read failed, socket might closed or timeout, read ret: -1
	at android.bluetooth.BluetoothSocket.readAll(BluetoothSocket.java:924)
	at android.bluetooth.BluetoothSocket.readInt(BluetoothSocket.java:938)
	at android.bluetooth.BluetoothSocket.connect(BluetoothSocket.java:502)
	at org.xcontest.XCTrack.sensors.r.e(SourceFile:70)
	at org.xcontest.XCTrack.sensors.r.run(SourceFile:23)
	at java.lang.Thread.run(Thread.java:1119)
2025-09-07 06:43:33.916 ERROR [BluetoothWorker] Bluetooth connection failed: 
	EXCEPTION: java.io.IOException: read failed, socket might closed or timeout, read ret: -1
java.io.IOException: read failed, socket might closed or timeout, read ret: -1
	at android.bluetooth.BluetoothSocket.readAll(BluetoothSocket.java:924)
	at android.bluetooth.BluetoothSocket.waitSocketSignal(BluetoothSocket.java:877)
	at android.bluetooth.BluetoothSocket.connect(BluetoothSocket.java:517)
	at org.xcontest.XCTrack.sensors.r.e(SourceFile:152)
	at org.xcontest.XCTrack.sensors.r.run(SourceFile:23)
	at java.lang.Thread.run(Thread.java:1119)
2025-09-07 06:43:46.630 ERROR [BluetoothWorker] Bluetooth exception while connecting
	EXCEPTION: java.io.IOException: read failed, socket might closed or timeout, read ret: -1
java.io.IOException: read failed, socket might closed or timeout, read ret: -1
	at android.bluetooth.BluetoothSocket.readAll(BluetoothSocket.java:924)
	at android.bluetooth.BluetoothSocket.readInt(BluetoothSocket.java:938)
	at android.bluetooth.BluetoothSocket.connect(BluetoothSocket.java:502)
	at org.xcontest.XCTrack.sensors.r.e(SourceFile:70)
	at org.xcontest.XCTrack.sensors.r.run(SourceFile:23)
	at java.lang.Thread.run(Thread.java:1119)
2025-09-07 06:43:54.340 ERROR [BluetoothWorker] Bluetooth connection failed: 
	EXCEPTION: java.io.IOException: read failed, socket might closed or timeout, read ret: -1
java.io.IOException: read failed, socket might closed or timeout, read ret: -1
	at android.bluetooth.BluetoothSocket.readAll(BluetoothSocket.java:924)
	at android.bluetooth.BluetoothSocket.waitSocketSignal(BluetoothSocket.java:877)
	at android.bluetooth.BluetoothSocket.connect(BluetoothSocket.java:517)
	at org.xcontest.XCTrack.sensors.r.e(SourceFile:152)
	at org.xcontest.XCTrack.sensors.r.run(SourceFile:23)
	at java.lang.Thread.run(Thread.java:1119)
2025-09-07 06:44:07.054 ERROR [BluetoothWorker] Bluetooth exception while connecting
	EXCEPTION: java.io.IOException: read failed, socket might closed or timeout, read ret: -1
java.io.IOException: read failed, socket might closed or timeout, read ret: -1
	at android.bluetooth.BluetoothSocket.readAll(BluetoothSocket.java:924)
	at android.bluetooth.BluetoothSocket.readInt(BluetoothSocket.java:938)
	at android.bluetooth.BluetoothSocket.connect(BluetoothSocket.java:502)
	at org.xcontest.XCTrack.sensors.r.e(SourceFile:70)
	at org.xcontest.XCTrack.sensors.r.run(SourceFile:23)
	at java.lang.Thread.run(Thread.java:1119)
2025-09-07 06:44:14.767 ERROR [BluetoothWorker] Bluetooth connection failed: 
	EXCEPTION: java.io.IOException: read failed, socket might closed or timeout, read ret: -1
java.io.IOException: read failed, socket might closed or timeout, read ret: -1
	at android.bluetooth.BluetoothSocket.readAll(BluetoothSocket.java:924)
	at android.bluetooth.BluetoothSocket.waitSocketSignal(BluetoothSocket.java:877)
	at android.bluetooth.BluetoothSocket.connect(BluetoothSocket.java:517)
	at org.xcontest.XCTrack.sensors.r.e(SourceFile:152)
	at org.xcontest.XCTrack.sensors.r.run(SourceFile:23)
	at java.lang.Thread.run(Thread.java:1119)
2025-09-07 06:44:27.484 ERROR [BluetoothWorker] Bluetooth exception while connecting
	EXCEPTION: java.io.IOException: read failed, socket might closed or timeout, read ret: -1
java.io.IOException: read failed, socket might closed or timeout, read ret: -1
	at android.bluetooth.BluetoothSocket.readAll(BluetoothSocket.java:924)
	at android.bluetooth.BluetoothSocket.readInt(BluetoothSocket.java:938)
	at android.bluetooth.BluetoothSocket.connect(BluetoothSocket.java:502)
	at org.xcontest.XCTrack.sensors.r.e(SourceFile:70)
	at org.xcontest.XCTrack.sensors.r.run(SourceFile:23)
	at java.lang.Thread.run(Thread.java:1119)
2025-09-07 06:44:35.197 ERROR [BluetoothWorker] Bluetooth connection failed: 
	EXCEPTION: java.io.IOException: read failed, socket might closed or timeout, read ret: -1
java.io.IOException: read failed, socket might closed or timeout, read ret: -1
	at android.bluetooth.BluetoothSocket.readAll(BluetoothSocket.java:924)
	at android.bluetooth.BluetoothSocket.waitSocketSignal(BluetoothSocket.java:877)
	at android.bluetooth.BluetoothSocket.connect(BluetoothSocket.java:517)
	at org.xcontest.XCTrack.sensors.r.e(SourceFile:152)
	at org.xcontest.XCTrack.sensors.r.run(SourceFile:23)
	at java.lang.Thread.run(Thread.java:1119)
2025-09-07 06:44:47.912 ERROR [BluetoothWorker] Bluetooth exception while connecting
	EXCEPTION: java.io.IOException: read failed, socket might closed or timeout, read ret: -1
java.io.IOException: read failed, socket might closed or timeout, read ret: -1
	at android.bluetooth.BluetoothSocket.readAll(BluetoothSocket.java:924)
	at android.bluetooth.BluetoothSocket.readInt(BluetoothSocket.java:938)
	at android.bluetooth.BluetoothSocket.connect(BluetoothSocket.java:502)
	at org.xcontest.XCTrack.sensors.r.e(SourceFile:70)
	at org.xcontest.XCTrack.sensors.r.run(SourceFile:23)
	at java.lang.Thread.run(Thread.java:1119)
2025-09-07 06:44:55.623 ERROR [BluetoothWorker] Bluetooth connection failed: 
	EXCEPTION: java.io.IOException: read failed, socket might closed or timeout, read ret: -1
java.io.IOException: read failed, socket might closed or timeout, read ret: -1
	at android.bluetooth.BluetoothSocket.readAll(BluetoothSocket.java:924)
	at android.bluetooth.BluetoothSocket.waitSocketSignal(BluetoothSocket.java:877)
	at android.bluetooth.BluetoothSocket.connect(BluetoothSocket.java:517)
	at org.xcontest.XCTrack.sensors.r.e(SourceFile:152)
	at org.xcontest.XCTrack.sensors.r.run(SourceFile:23)
	at java.lang.Thread.run(Thread.java:1119)
2025-09-07 06:45:08.335 ERROR [BluetoothWorker] Bluetooth exception while connecting
	EXCEPTION: java.io.IOException: read failed, socket might closed or timeout, read ret: -1
java.io.IOException: read failed, socket might closed or timeout, read ret: -1
	at android.bluetooth.BluetoothSocket.readAll(BluetoothSocket.java:924)
	at android.bluetooth.BluetoothSocket.readInt(BluetoothSocket.java:938)
	at android.bluetooth.BluetoothSocket.connect(BluetoothSocket.java:502)
	at org.xcontest.XCTrack.sensors.r.e(SourceFile:70)
	at org.xcontest.XCTrack.sensors.r.run(SourceFile:23)
	at java.lang.Thread.run(Thread.java:1119)
2025-09-07 06:45:16.044 ERROR [BluetoothWorker] Bluetooth connection failed: 
	EXCEPTION: java.io.IOException: read failed, socket might closed or timeout, read ret: -1
java.io.IOException: read failed, socket might closed or timeout, read ret: -1
	at android.bluetooth.BluetoothSocket.readAll(BluetoothSocket.java:924)
	at android.bluetooth.BluetoothSocket.waitSocketSignal(BluetoothSocket.java:877)
	at android.bluetooth.BluetoothSocket.connect(BluetoothSocket.java:517)
	at org.xcontest.XCTrack.sensors.r.e(SourceFile:152)
	at org.xcontest.XCTrack.sensors.r.run(SourceFile:23)
	at java.lang.Thread.run(Thread.java:1119)
2025-09-07 06:45:28.759 ERROR [BluetoothWorker] Bluetooth exception while connecting
	EXCEPTION: java.io.IOException: read failed, socket might closed or timeout, read ret: -1
java.io.IOException: read failed, socket might closed or timeout, read ret: -1
	at android.bluetooth.BluetoothSocket.readAll(BluetoothSocket.java:924)
	at android.bluetooth.BluetoothSocket.readInt(BluetoothSocket.java:938)
	at android.bluetooth.BluetoothSocket.connect(BluetoothSocket.java:502)
	at org.xcontest.XCTrack.sensors.r.e(SourceFile:70)
	at org.xcontest.XCTrack.sensors.r.run(SourceFile:23)
	at java.lang.Thread.run(Thread.java:1119)
2025-09-07 06:45:36.472 ERROR [BluetoothWorker] Bluetooth connection failed: 
	EXCEPTION: java.io.IOException: read failed, socket might closed or timeout, read ret: -1
java.io.IOException: read failed, socket might closed or timeout, read ret: -1
	at android.bluetooth.BluetoothSocket.readAll(BluetoothSocket.java:924)
	at android.bluetooth.BluetoothSocket.waitSocketSignal(BluetoothSocket.java:877)
	at android.bluetooth.BluetoothSocket.connect(BluetoothSocket.java:517)
	at org.xcontest.XCTrack.sensors.r.e(SourceFile:152)
	at org.xcontest.XCTrack.sensors.r.run(SourceFile:23)
	at java.lang.Thread.run(Thread.java:1119)
2025-09-07 06:45:49.187 ERROR [BluetoothWorker] Bluetooth exception while connecting
	EXCEPTION: java.io.IOException: read failed, socket might closed or timeout, read ret: -1
java.io.IOException: read failed, socket might closed or timeout, read ret: -1
	at android.bluetooth.BluetoothSocket.readAll(BluetoothSocket.java:924)
	at android.bluetooth.BluetoothSocket.readInt(BluetoothSocket.java:938)
	at android.bluetooth.BluetoothSocket.connect(BluetoothSocket.java:502)
	at org.xcontest.XCTrack.sensors.r.e(SourceFile:70)
	at org.xcontest.XCTrack.sensors.r.run(SourceFile:23)
	at java.lang.Thread.run(Thread.java:1119)
2025-09-07 06:45:56.900 ERROR [BluetoothWorker] Bluetooth connection failed: 
	EXCEPTION: java.io.IOException: read failed, socket might closed or timeout, read ret: -1
java.io.IOException: read failed, socket might closed or timeout, read ret: -1
	at android.bluetooth.BluetoothSocket.readAll(BluetoothSocket.java:924)
	at android.bluetooth.BluetoothSocket.waitSocketSignal(BluetoothSocket.java:877)
	at android.bluetooth.BluetoothSocket.connect(BluetoothSocket.java:517)
	at org.xcontest.XCTrack.sensors.r.e(SourceFile:152)
	at org.xcontest.XCTrack.sensors.r.run(SourceFile:23)
	at java.lang.Thread.run(Thread.java:1119)
2025-09-07 06:46:09.614 ERROR [BluetoothWorker] Bluetooth exception while connecting
	EXCEPTION: java.io.IOException: read failed, socket might closed or timeout, read ret: -1
java.io.IOException: read failed, socket might closed or timeout, read ret: -1
	at android.bluetooth.BluetoothSocket.readAll(BluetoothSocket.java:924)
	at android.bluetooth.BluetoothSocket.readInt(BluetoothSocket.java:938)
	at android.bluetooth.BluetoothSocket.connect(BluetoothSocket.java:502)
	at org.xcontest.XCTrack.sensors.r.e(SourceFile:70)
	at org.xcontest.XCTrack.sensors.r.run(SourceFile:23)
	at java.lang.Thread.run(Thread.java:1119)
2025-09-07 06:46:17.324 ERROR [BluetoothWorker] Bluetooth connection failed: 
	EXCEPTION: java.io.IOException: read failed, socket might closed or timeout, read ret: -1
java.io.IOException: read failed, socket might closed or timeout, read ret: -1
	at android.bluetooth.BluetoothSocket.readAll(BluetoothSocket.java:924)
	at android.bluetooth.BluetoothSocket.waitSocketSignal(BluetoothSocket.java:877)
	at android.bluetooth.BluetoothSocket.connect(BluetoothSocket.java:517)
	at org.xcontest.XCTrack.sensors.r.e(SourceFile:152)
	at org.xcontest.XCTrack.sensors.r.run(SourceFile:23)
	at java.lang.Thread.run(Thread.java:1119)
2025-09-07 06:46:30.035 ERROR [BluetoothWorker] Bluetooth exception while connecting
	EXCEPTION: java.io.IOException: read failed, socket might closed or timeout, read ret: -1
java.io.IOException: read failed, socket might closed or timeout, read ret: -1
	at android.bluetooth.BluetoothSocket.readAll(BluetoothSocket.java:924)
	at android.bluetooth.BluetoothSocket.readInt(BluetoothSocket.java:938)
	at android.bluetooth.BluetoothSocket.connect(BluetoothSocket.java:502)
	at org.xcontest.XCTrack.sensors.r.e(SourceFile:70)
	at org.xcontest.XCTrack.sensors.r.run(SourceFile:23)
	at java.lang.Thread.run(Thread.java:1119)
2025-09-07 06:46:37.748 ERROR [BluetoothWorker] Bluetooth connection failed: 
	EXCEPTION: java.io.IOException: read failed, socket might closed or timeout, read ret: -1
java.io.IOException: read failed, socket might closed or timeout, read ret: -1
	at android.bluetooth.BluetoothSocket.readAll(BluetoothSocket.java:924)
	at android.bluetooth.BluetoothSocket.waitSocketSignal(BluetoothSocket.java:877)
	at android.bluetooth.BluetoothSocket.connect(BluetoothSocket.java:517)
	at org.xcontest.XCTrack.sensors.r.e(SourceFile:152)
	at org.xcontest.XCTrack.sensors.r.run(SourceFile:23)
	at java.lang.Thread.run(Thread.java:1119)
2025-09-07 06:46:50.455 ERROR [BluetoothWorker] Bluetooth exception while connecting
	EXCEPTION: java.io.IOException: read failed, socket might closed or timeout, read ret: -1
java.io.IOException: read failed, socket might closed or timeout, read ret: -1
	at android.bluetooth.BluetoothSocket.readAll(BluetoothSocket.java:924)
	at android.bluetooth.BluetoothSocket.readInt(BluetoothSocket.java:938)
	at android.bluetooth.BluetoothSocket.connect(BluetoothSocket.java:502)
	at org.xcontest.XCTrack.sensors.r.e(SourceFile:70)
	at org.xcontest.XCTrack.sensors.r.run(SourceFile:23)
	at java.lang.Thread.run(Thread.java:1119)
2025-09-07 06:46:58.166 ERROR [BluetoothWorker] Bluetooth connection failed: 
	EXCEPTION: java.io.IOException: read failed, socket might closed or timeout, read ret: -1
java.io.IOException: read failed, socket might closed or timeout, read ret: -1
	at android.bluetooth.BluetoothSocket.readAll(BluetoothSocket.java:924)
	at android.bluetooth.BluetoothSocket.waitSocketSignal(BluetoothSocket.java:877)
	at android.bluetooth.BluetoothSocket.connect(BluetoothSocket.java:517)
	at org.xcontest.XCTrack.sensors.r.e(SourceFile:152)
	at org.xcontest.XCTrack.sensors.r.run(SourceFile:23)
	at java.lang.Thread.run(Thread.java:1119)
2025-09-07 06:47:10.879 ERROR [BluetoothWorker] Bluetooth exception while connecting
	EXCEPTION: java.io.IOException: read failed, socket might closed or timeout, read ret: -1
java.io.IOException: read failed, socket might closed or timeout, read ret: -1
	at android.bluetooth.BluetoothSocket.readAll(BluetoothSocket.java:924)
	at android.bluetooth.BluetoothSocket.readInt(BluetoothSocket.java:938)
	at android.bluetooth.BluetoothSocket.connect(BluetoothSocket.java:502)
	at org.xcontest.XCTrack.sensors.r.e(SourceFile:70)
	at org.xcontest.XCTrack.sensors.r.run(SourceFile:23)
	at java.lang.Thread.run(Thread.java:1119)
2025-09-07 06:47:18.591 ERROR [BluetoothWorker] Bluetooth connection failed: 
	EXCEPTION: java.io.IOException: read failed, socket might closed or timeout, read ret: -1
java.io.IOException: read failed, socket might closed or timeout, read ret: -1
	at android.bluetooth.BluetoothSocket.readAll(BluetoothSocket.java:924)
	at android.bluetooth.BluetoothSocket.waitSocketSignal(BluetoothSocket.java:877)
	at android.bluetooth.BluetoothSocket.connect(BluetoothSocket.java:517)
	at org.xcontest.XCTrack.sensors.r.e(SourceFile:152)
	at org.xcontest.XCTrack.sensors.r.run(SourceFile:23)
	at java.lang.Thread.run(Thread.java:1119)
2025-09-07 06:47:31.302 ERROR [BluetoothWorker] Bluetooth exception while connecting
	EXCEPTION: java.io.IOException: read failed, socket might closed or timeout, read ret: -1
java.io.IOException: read failed, socket might closed or timeout, read ret: -1
	at android.bluetooth.BluetoothSocket.readAll(BluetoothSocket.java:924)
	at android.bluetooth.BluetoothSocket.readInt(BluetoothSocket.java:938)
	at android.bluetooth.BluetoothSocket.connect(BluetoothSocket.java:502)
	at org.xcontest.XCTrack.sensors.r.e(SourceFile:70)
	at org.xcontest.XCTrack.sensors.r.run(SourceFile:23)
	at java.lang.Thread.run(Thread.java:1119)
2025-09-07 06:47:39.015 ERROR [BluetoothWorker] Bluetooth connection failed: 
	EXCEPTION: java.io.IOException: read failed, socket might closed or timeout, read ret: -1
java.io.IOException: read failed, socket might closed or timeout, read ret: -1
	at android.bluetooth.BluetoothSocket.readAll(BluetoothSocket.java:924)
	at android.bluetooth.BluetoothSocket.waitSocketSignal(BluetoothSocket.java:877)
	at android.bluetooth.BluetoothSocket.connect(BluetoothSocket.java:517)
	at org.xcontest.XCTrack.sensors.r.e(SourceFile:152)
	at org.xcontest.XCTrack.sensors.r.run(SourceFile:23)
	at java.lang.Thread.run(Thread.java:1119)
2025-09-07 06:47:51.728 ERROR [BluetoothWorker] Bluetooth exception while connecting
	EXCEPTION: java.io.IOException: read failed, socket might closed or timeout, read ret: -1
java.io.IOException: read failed, socket might closed or timeout, read ret: -1
	at android.bluetooth.BluetoothSocket.readAll(BluetoothSocket.java:924)
	at android.bluetooth.BluetoothSocket.readInt(BluetoothSocket.java:938)
	at android.bluetooth.BluetoothSocket.connect(BluetoothSocket.java:502)
	at org.xcontest.XCTrack.sensors.r.e(SourceFile:70)
	at org.xcontest.XCTrack.sensors.r.run(SourceFile:23)
	at java.lang.Thread.run(Thread.java:1119)
2025-09-07 06:47:59.442 ERROR [BluetoothWorker] Bluetooth connection failed: 
	EXCEPTION: java.io.IOException: read failed, socket might closed or timeout, read ret: -1
java.io.IOException: read failed, socket might closed or timeout, read ret: -1
	at android.bluetooth.BluetoothSocket.readAll(BluetoothSocket.java:924)
	at android.bluetooth.BluetoothSocket.waitSocketSignal(BluetoothSocket.java:877)
	at android.bluetooth.BluetoothSocket.connect(BluetoothSocket.java:517)
	at org.xcontest.XCTrack.sensors.r.e(SourceFile:152)
	at org.xcontest.XCTrack.sensors.r.run(SourceFile:23)
	at java.lang.Thread.run(Thread.java:1119)
2025-09-07 06:48:12.155 ERROR [BluetoothWorker] Bluetooth exception while connecting
	EXCEPTION: java.io.IOException: read failed, socket might closed or timeout, read ret: -1
java.io.IOException: read failed, socket might closed or timeout, read ret: -1
	at android.bluetooth.BluetoothSocket.readAll(BluetoothSocket.java:924)
	at android.bluetooth.BluetoothSocket.readInt(BluetoothSocket.java:938)
	at android.bluetooth.BluetoothSocket.connect(BluetoothSocket.java:502)
	at org.xcontest.XCTrack.sensors.r.e(SourceFile:70)
	at org.xcontest.XCTrack.sensors.r.run(SourceFile:23)
	at java.lang.Thread.run(Thread.java:1119)
2025-09-07 06:48:19.869 ERROR [BluetoothWorker] Bluetooth connection failed: 
	EXCEPTION: java.io.IOException: read failed, socket might closed or timeout, read ret: -1
java.io.IOException: read failed, socket might closed or timeout, read ret: -1
	at android.bluetooth.BluetoothSocket.readAll(BluetoothSocket.java:924)
	at android.bluetooth.BluetoothSocket.waitSocketSignal(BluetoothSocket.java:877)
	at android.bluetooth.BluetoothSocket.connect(BluetoothSocket.java:517)
	at org.xcontest.XCTrack.sensors.r.e(SourceFile:152)
	at org.xcontest.XCTrack.sensors.r.run(SourceFile:23)
	at java.lang.Thread.run(Thread.java:1119)
2025-09-07 06:48:32.583 ERROR [BluetoothWorker] Bluetooth exception while connecting
	EXCEPTION: java.io.IOException: read failed, socket might closed or timeout, read ret: -1
java.io.IOException: read failed, socket might closed or timeout, read ret: -1
	at android.bluetooth.BluetoothSocket.readAll(BluetoothSocket.java:924)
	at android.bluetooth.BluetoothSocket.readInt(BluetoothSocket.java:938)
	at android.bluetooth.BluetoothSocket.connect(BluetoothSocket.java:502)
	at org.xcontest.XCTrack.sensors.r.e(SourceFile:70)
	at org.xcontest.XCTrack.sensors.r.run(SourceFile:23)
	at java.lang.Thread.run(Thread.java:1119)
2025-09-07 06:48:40.292 ERROR [BluetoothWorker] Bluetooth connection failed: 
	EXCEPTION: java.io.IOException: read failed, socket might closed or timeout, read ret: -1
java.io.IOException: read failed, socket might closed or timeout, read ret: -1
	at android.bluetooth.BluetoothSocket.readAll(BluetoothSocket.java:924)
	at android.bluetooth.BluetoothSocket.waitSocketSignal(BluetoothSocket.java:877)
	at android.bluetooth.BluetoothSocket.connect(BluetoothSocket.java:517)
	at org.xcontest.XCTrack.sensors.r.e(SourceFile:152)
	at org.xcontest.XCTrack.sensors.r.run(SourceFile:23)
	at java.lang.Thread.run(Thread.java:1119)
2025-09-07 06:48:53.004 ERROR [BluetoothWorker] Bluetooth exception while connecting
	EXCEPTION: java.io.IOException: read failed, socket might closed or timeout, read ret: -1
java.io.IOException: read failed, socket might closed or timeout, read ret: -1
	at android.bluetooth.BluetoothSocket.readAll(BluetoothSocket.java:924)
	at android.bluetooth.BluetoothSocket.readInt(BluetoothSocket.java:938)
	at android.bluetooth.BluetoothSocket.connect(BluetoothSocket.java:502)
	at org.xcontest.XCTrack.sensors.r.e(SourceFile:70)
	at org.xcontest.XCTrack.sensors.r.run(SourceFile:23)
	at java.lang.Thread.run(Thread.java:1119)
2025-09-07 06:49:00.715 ERROR [BluetoothWorker] Bluetooth connection failed: 
	EXCEPTION: java.io.IOException: read failed, socket might closed or timeout, read ret: -1
java.io.IOException: read failed, socket might closed or timeout, read ret: -1
	at android.bluetooth.BluetoothSocket.readAll(BluetoothSocket.java:924)
	at android.bluetooth.BluetoothSocket.waitSocketSignal(BluetoothSocket.java:877)
	at android.bluetooth.BluetoothSocket.connect(BluetoothSocket.java:517)
	at org.xcontest.XCTrack.sensors.r.e(SourceFile:152)
	at org.xcontest.XCTrack.sensors.r.run(SourceFile:23)
	at java.lang.Thread.run(Thread.java:1119)
2025-09-07 06:49:13.428 ERROR [BluetoothWorker] Bluetooth exception while connecting
	EXCEPTION: java.io.IOException: read failed, socket might closed or timeout, read ret: -1
java.io.IOException: read failed, socket might closed or timeout, read ret: -1
	at android.bluetooth.BluetoothSocket.readAll(BluetoothSocket.java:924)
	at android.bluetooth.BluetoothSocket.readInt(BluetoothSocket.java:938)
	at android.bluetooth.BluetoothSocket.connect(BluetoothSocket.java:502)
	at org.xcontest.XCTrack.sensors.r.e(SourceFile:70)
	at org.xcontest.XCTrack.sensors.r.run(SourceFile:23)
	at java.lang.Thread.run(Thread.java:1119)
2025-09-07 06:49:21.143 ERROR [BluetoothWorker] Bluetooth connection failed: 
	EXCEPTION: java.io.IOException: read failed, socket might closed or timeout, read ret: -1
java.io.IOException: read failed, socket might closed or timeout, read ret: -1
	at android.bluetooth.BluetoothSocket.readAll(BluetoothSocket.java:924)
	at android.bluetooth.BluetoothSocket.waitSocketSignal(BluetoothSocket.java:877)
	at android.bluetooth.BluetoothSocket.connect(BluetoothSocket.java:517)
	at org.xcontest.XCTrack.sensors.r.e(SourceFile:152)
	at org.xcontest.XCTrack.sensors.r.run(SourceFile:23)
	at java.lang.Thread.run(Thread.java:1119)
2025-09-07 06:49:33.857 ERROR [BluetoothWorker] Bluetooth exception while connecting
	EXCEPTION: java.io.IOException: read failed, socket might closed or timeout, read ret: -1
java.io.IOException: read failed, socket might closed or timeout, read ret: -1
	at android.bluetooth.BluetoothSocket.readAll(BluetoothSocket.java:924)
	at android.bluetooth.BluetoothSocket.readInt(BluetoothSocket.java:938)
	at android.bluetooth.BluetoothSocket.connect(BluetoothSocket.java:502)
	at org.xcontest.XCTrack.sensors.r.e(SourceFile:70)
	at org.xcontest.XCTrack.sensors.r.run(SourceFile:23)
	at java.lang.Thread.run(Thread.java:1119)
2025-09-07 06:49:41.567 ERROR [BluetoothWorker] Bluetooth connection failed: 
	EXCEPTION: java.io.IOException: read failed, socket might closed or timeout, read ret: -1
java.io.IOException: read failed, socket might closed or timeout, read ret: -1
	at android.bluetooth.BluetoothSocket.readAll(BluetoothSocket.java:924)
	at android.bluetooth.BluetoothSocket.waitSocketSignal(BluetoothSocket.java:877)
	at android.bluetooth.BluetoothSocket.connect(BluetoothSocket.java:517)
	at org.xcontest.XCTrack.sensors.r.e(SourceFile:152)
	at org.xcontest.XCTrack.sensors.r.run(SourceFile:23)
	at java.lang.Thread.run(Thread.java:1119)
2025-09-07 06:49:54.280 ERROR [BluetoothWorker] Bluetooth exception while connecting
	EXCEPTION: java.io.IOException: read failed, socket might closed or timeout, read ret: -1
java.io.IOException: read failed, socket might closed or timeout, read ret: -1
	at android.bluetooth.BluetoothSocket.readAll(BluetoothSocket.java:924)
	at android.bluetooth.BluetoothSocket.readInt(BluetoothSocket.java:938)
	at android.bluetooth.BluetoothSocket.connect(BluetoothSocket.java:502)
	at org.xcontest.XCTrack.sensors.r.e(SourceFile:70)
	at org.xcontest.XCTrack.sensors.r.run(SourceFile:23)
	at java.lang.Thread.run(Thread.java:1119)
2025-09-07 06:50:01.992 ERROR [BluetoothWorker] Bluetooth connection failed: 
	EXCEPTION: java.io.IOException: read failed, socket might closed or timeout, read ret: -1
java.io.IOException: read failed, socket might closed or timeout, read ret: -1
	at android.bluetooth.BluetoothSocket.readAll(BluetoothSocket.java:924)
	at android.bluetooth.BluetoothSocket.waitSocketSignal(BluetoothSocket.java:877)
	at android.bluetooth.BluetoothSocket.connect(BluetoothSocket.java:517)
	at org.xcontest.XCTrack.sensors.r.e(SourceFile:152)
	at org.xcontest.XCTrack.sensors.r.run(SourceFile:23)
	at java.lang.Thread.run(Thread.java:1119)
2025-09-07 06:50:14.707 ERROR [BluetoothWorker] Bluetooth exception while connecting
	EXCEPTION: java.io.IOException: read failed, socket might closed or timeout, read ret: -1
java.io.IOException: read failed, socket might closed or timeout, read ret: -1
	at android.bluetooth.BluetoothSocket.readAll(BluetoothSocket.java:924)
	at android.bluetooth.BluetoothSocket.readInt(BluetoothSocket.java:938)
	at android.bluetooth.BluetoothSocket.connect(BluetoothSocket.java:502)
	at org.xcontest.XCTrack.sensors.r.e(SourceFile:70)
	at org.xcontest.XCTrack.sensors.r.run(SourceFile:23)
	at java.lang.Thread.run(Thread.java:1119)
2025-09-07 06:50:22.419 ERROR [BluetoothWorker] Bluetooth connection failed: 
	EXCEPTION: java.io.IOException: read failed, socket might closed or timeout, read ret: -1
java.io.IOException: read failed, socket might closed or timeout, read ret: -1
	at android.bluetooth.BluetoothSocket.readAll(BluetoothSocket.java:924)
	at android.bluetooth.BluetoothSocket.waitSocketSignal(BluetoothSocket.java:877)
	at android.bluetooth.BluetoothSocket.connect(BluetoothSocket.java:517)
	at org.xcontest.XCTrack.sensors.r.e(SourceFile:152)
	at org.xcontest.XCTrack.sensors.r.run(SourceFile:23)
	at java.lang.Thread.run(Thread.java:1119)
2025-09-07 06:50:35.133 ERROR [BluetoothWorker] Bluetooth exception while connecting
	EXCEPTION: java.io.IOException: read failed, socket might closed or timeout, read ret: -1
java.io.IOException: read failed, socket might closed or timeout, read ret: -1
	at android.bluetooth.BluetoothSocket.readAll(BluetoothSocket.java:924)
	at android.bluetooth.BluetoothSocket.readInt(BluetoothSocket.java:938)
	at android.bluetooth.BluetoothSocket.connect(BluetoothSocket.java:502)
	at org.xcontest.XCTrack.sensors.r.e(SourceFile:70)
	at org.xcontest.XCTrack.sensors.r.run(SourceFile:23)
	at java.lang.Thread.run(Thread.java:1119)
2025-09-07 06:50:42.848 ERROR [BluetoothWorker] Bluetooth connection failed: 
	EXCEPTION: java.io.IOException: read failed, socket might closed or timeout, read ret: -1
java.io.IOException: read failed, socket might closed or timeout, read ret: -1
	at android.bluetooth.BluetoothSocket.readAll(BluetoothSocket.java:924)
	at android.bluetooth.BluetoothSocket.waitSocketSignal(BluetoothSocket.java:877)
	at android.bluetooth.BluetoothSocket.connect(BluetoothSocket.java:517)
	at org.xcontest.XCTrack.sensors.r.e(SourceFile:152)
	at org.xcontest.XCTrack.sensors.r.run(SourceFile:23)
	at java.lang.Thread.run(Thread.java:1119)
2025-09-07 06:50:55.561 ERROR [BluetoothWorker] Bluetooth exception while connecting
	EXCEPTION: java.io.IOException: read failed, socket might closed or timeout, read ret: -1
java.io.IOException: read failed, socket might closed or timeout, read ret: -1
	at android.bluetooth.BluetoothSocket.readAll(BluetoothSocket.java:924)
	at android.bluetooth.BluetoothSocket.readInt(BluetoothSocket.java:938)
	at android.bluetooth.BluetoothSocket.connect(BluetoothSocket.java:502)
	at org.xcontest.XCTrack.sensors.r.e(SourceFile:70)
	at org.xcontest.XCTrack.sensors.r.run(SourceFile:23)
	at java.lang.Thread.run(Thread.java:1119)
2025-09-07 06:51:03.270 ERROR [BluetoothWorker] Bluetooth connection failed: 
	EXCEPTION: java.io.IOException: read failed, socket might closed or timeout, read ret: -1
java.io.IOException: read failed, socket might closed or timeout, read ret: -1
	at android.bluetooth.BluetoothSocket.readAll(BluetoothSocket.java:924)
	at android.bluetooth.BluetoothSocket.waitSocketSignal(BluetoothSocket.java:877)
	at android.bluetooth.BluetoothSocket.connect(BluetoothSocket.java:517)
	at org.xcontest.XCTrack.sensors.r.e(SourceFile:152)
	at org.xcontest.XCTrack.sensors.r.run(SourceFile:23)
	at java.lang.Thread.run(Thread.java:1119)
2025-09-07 06:51:15.983 ERROR [BluetoothWorker] Bluetooth exception while connecting
	EXCEPTION: java.io.IOException: read failed, socket might closed or timeout, read ret: -1
java.io.IOException: read failed, socket might closed or timeout, read ret: -1
	at android.bluetooth.BluetoothSocket.readAll(BluetoothSocket.java:924)
	at android.bluetooth.BluetoothSocket.readInt(BluetoothSocket.java:938)
	at android.bluetooth.BluetoothSocket.connect(BluetoothSocket.java:502)
	at org.xcontest.XCTrack.sensors.r.e(SourceFile:70)
	at org.xcontest.XCTrack.sensors.r.run(SourceFile:23)
	at java.lang.Thread.run(Thread.java:1119)
2025-09-07 06:51:23.695 ERROR [BluetoothWorker] Bluetooth connection failed: 
	EXCEPTION: java.io.IOException: read failed, socket might closed or timeout, read ret: -1
java.io.IOException: read failed, socket might closed or timeout, read ret: -1
	at android.bluetooth.BluetoothSocket.readAll(BluetoothSocket.java:924)
	at android.bluetooth.BluetoothSocket.waitSocketSignal(BluetoothSocket.java:877)
	at android.bluetooth.BluetoothSocket.connect(BluetoothSocket.java:517)
	at org.xcontest.XCTrack.sensors.r.e(SourceFile:152)
	at org.xcontest.XCTrack.sensors.r.run(SourceFile:23)
	at java.lang.Thread.run(Thread.java:1119)
2025-09-07 06:51:36.407 ERROR [BluetoothWorker] Bluetooth exception while connecting
	EXCEPTION: java.io.IOException: read failed, socket might closed or timeout, read ret: -1
java.io.IOException: read failed, socket might closed or timeout, read ret: -1
	at android.bluetooth.BluetoothSocket.readAll(BluetoothSocket.java:924)
	at android.bluetooth.BluetoothSocket.readInt(BluetoothSocket.java:938)
	at android.bluetooth.BluetoothSocket.connect(BluetoothSocket.java:502)
	at org.xcontest.XCTrack.sensors.r.e(SourceFile:70)
	at org.xcontest.XCTrack.sensors.r.run(SourceFile:23)
	at java.lang.Thread.run(Thread.java:1119)
2025-09-07 06:51:44.118 ERROR [BluetoothWorker] Bluetooth connection failed: 
	EXCEPTION: java.io.IOException: read failed, socket might closed or timeout, read ret: -1
java.io.IOException: read failed, socket might closed or timeout, read ret: -1
	at android.bluetooth.BluetoothSocket.readAll(BluetoothSocket.java:924)
	at android.bluetooth.BluetoothSocket.waitSocketSignal(BluetoothSocket.java:877)
	at android.bluetooth.BluetoothSocket.connect(BluetoothSocket.java:517)
	at org.xcontest.XCTrack.sensors.r.e(SourceFile:152)
	at org.xcontest.XCTrack.sensors.r.run(SourceFile:23)
	at java.lang.Thread.run(Thread.java:1119)
2025-09-07 06:51:56.833 ERROR [BluetoothWorker] Bluetooth exception while connecting
	EXCEPTION: java.io.IOException: read failed, socket might closed or timeout, read ret: -1
java.io.IOException: read failed, socket might closed or timeout, read ret: -1
	at android.bluetooth.BluetoothSocket.readAll(BluetoothSocket.java:924)
	at android.bluetooth.BluetoothSocket.readInt(BluetoothSocket.java:938)
	at android.bluetooth.BluetoothSocket.connect(BluetoothSocket.java:502)
	at org.xcontest.XCTrack.sensors.r.e(SourceFile:70)
	at org.xcontest.XCTrack.sensors.r.run(SourceFile:23)
	at java.lang.Thread.run(Thread.java:1119)
2025-09-07 06:52:04.547 ERROR [BluetoothWorker] Bluetooth connection failed: 
	EXCEPTION: java.io.IOException: read failed, socket might closed or timeout, read ret: -1
java.io.IOException: read failed, socket might closed or timeout, read ret: -1
	at android.bluetooth.BluetoothSocket.readAll(BluetoothSocket.java:924)
	at android.bluetooth.BluetoothSocket.waitSocketSignal(BluetoothSocket.java:877)
	at android.bluetooth.BluetoothSocket.connect(BluetoothSocket.java:517)
	at org.xcontest.XCTrack.sensors.r.e(SourceFile:152)
	at org.xcontest.XCTrack.sensors.r.run(SourceFile:23)
	at java.lang.Thread.run(Thread.java:1119)
2025-09-07 06:52:17.262 ERROR [BluetoothWorker] Bluetooth exception while connecting
	EXCEPTION: java.io.IOException: read failed, socket might closed or timeout, read ret: -1
java.io.IOException: read failed, socket might closed or timeout, read ret: -1
	at android.bluetooth.BluetoothSocket.readAll(BluetoothSocket.java:924)
	at android.bluetooth.BluetoothSocket.readInt(BluetoothSocket.java:938)
	at android.bluetooth.BluetoothSocket.connect(BluetoothSocket.java:502)
	at org.xcontest.XCTrack.sensors.r.e(SourceFile:70)
	at org.xcontest.XCTrack.sensors.r.run(SourceFile:23)
	at java.lang.Thread.run(Thread.java:1119)
2025-09-07 06:52:24.973 ERROR [BluetoothWorker] Bluetooth connection failed: 
	EXCEPTION: java.io.IOException: read failed, socket might closed or timeout, read ret: -1
java.io.IOException: read failed, socket might closed or timeout, read ret: -1
	at android.bluetooth.BluetoothSocket.readAll(BluetoothSocket.java:924)
	at android.bluetooth.BluetoothSocket.waitSocketSignal(BluetoothSocket.java:877)
	at android.bluetooth.BluetoothSocket.connect(BluetoothSocket.java:517)
	at org.xcontest.XCTrack.sensors.r.e(SourceFile:152)
	at org.xcontest.XCTrack.sensors.r.run(SourceFile:23)
	at java.lang.Thread.run(Thread.java:1119)
2025-09-07 06:52:37.688 ERROR [BluetoothWorker] Bluetooth exception while connecting
	EXCEPTION: java.io.IOException: read failed, socket might closed or timeout, read ret: -1
java.io.IOException: read failed, socket might closed or timeout, read ret: -1
	at android.bluetooth.BluetoothSocket.readAll(BluetoothSocket.java:924)
	at android.bluetooth.BluetoothSocket.readInt(BluetoothSocket.java:938)
	at android.bluetooth.BluetoothSocket.connect(BluetoothSocket.java:502)
	at org.xcontest.XCTrack.sensors.r.e(SourceFile:70)
	at org.xcontest.XCTrack.sensors.r.run(SourceFile:23)
	at java.lang.Thread.run(Thread.java:1119)
2025-09-07 06:52:45.399 ERROR [BluetoothWorker] Bluetooth connection failed: 
	EXCEPTION: java.io.IOException: read failed, socket might closed or timeout, read ret: -1
java.io.IOException: read failed, socket might closed or timeout, read ret: -1
	at android.bluetooth.BluetoothSocket.readAll(BluetoothSocket.java:924)
	at android.bluetooth.BluetoothSocket.waitSocketSignal(BluetoothSocket.java:877)
	at android.bluetooth.BluetoothSocket.connect(BluetoothSocket.java:517)
	at org.xcontest.XCTrack.sensors.r.e(SourceFile:152)
	at org.xcontest.XCTrack.sensors.r.run(SourceFile:23)
	at java.lang.Thread.run(Thread.java:1119)
2025-09-07 06:52:58.111 ERROR [BluetoothWorker] Bluetooth exception while connecting
	EXCEPTION: java.io.IOException: read failed, socket might closed or timeout, read ret: -1
java.io.IOException: read failed, socket might closed or timeout, read ret: -1
	at android.bluetooth.BluetoothSocket.readAll(BluetoothSocket.java:924)
	at android.bluetooth.BluetoothSocket.readInt(BluetoothSocket.java:938)
	at android.bluetooth.BluetoothSocket.connect(BluetoothSocket.java:502)
	at org.xcontest.XCTrack.sensors.r.e(SourceFile:70)
	at org.xcontest.XCTrack.sensors.r.run(SourceFile:23)
	at java.lang.Thread.run(Thread.java:1119)
2025-09-07 06:53:05.831 ERROR [BluetoothWorker] Bluetooth connection failed: 
	EXCEPTION: java.io.IOException: read failed, socket might closed or timeout, read ret: -1
java.io.IOException: read failed, socket might closed or timeout, read ret: -1
	at android.bluetooth.BluetoothSocket.readAll(BluetoothSocket.java:924)
	at android.bluetooth.BluetoothSocket.waitSocketSignal(BluetoothSocket.java:877)
	at android.bluetooth.BluetoothSocket.connect(BluetoothSocket.java:517)
	at org.xcontest.XCTrack.sensors.r.e(SourceFile:152)
	at org.xcontest.XCTrack.sensors.r.run(SourceFile:23)
	at java.lang.Thread.run(Thread.java:1119)
2025-09-07 06:53:18.547 ERROR [BluetoothWorker] Bluetooth exception while connecting
	EXCEPTION: java.io.IOException: read failed, socket might closed or timeout, read ret: -1
java.io.IOException: read failed, socket might closed or timeout, read ret: -1
	at android.bluetooth.BluetoothSocket.readAll(BluetoothSocket.java:924)
	at android.bluetooth.BluetoothSocket.readInt(BluetoothSocket.java:938)
	at android.bluetooth.BluetoothSocket.connect(BluetoothSocket.java:502)
	at org.xcontest.XCTrack.sensors.r.e(SourceFile:70)
	at org.xcontest.XCTrack.sensors.r.run(SourceFile:23)
	at java.lang.Thread.run(Thread.java:1119)
2025-09-07 06:53:26.261 ERROR [BluetoothWorker] Bluetooth connection failed: 
	EXCEPTION: java.io.IOException: read failed, socket might closed or timeout, read ret: -1
java.io.IOException: read failed, socket might closed or timeout, read ret: -1
	at android.bluetooth.BluetoothSocket.readAll(BluetoothSocket.java:924)
	at android.bluetooth.BluetoothSocket.waitSocketSignal(BluetoothSocket.java:877)
	at android.bluetooth.BluetoothSocket.connect(BluetoothSocket.java:517)
	at org.xcontest.XCTrack.sensors.r.e(SourceFile:152)
	at org.xcontest.XCTrack.sensors.r.run(SourceFile:23)
	at java.lang.Thread.run(Thread.java:1119)
2025-09-07 06:53:38.975 ERROR [BluetoothWorker] Bluetooth exception while connecting
	EXCEPTION: java.io.IOException: read failed, socket might closed or timeout, read ret: -1
java.io.IOException: read failed, socket might closed or timeout, read ret: -1
	at android.bluetooth.BluetoothSocket.readAll(BluetoothSocket.java:924)
	at android.bluetooth.BluetoothSocket.readInt(BluetoothSocket.java:938)
	at android.bluetooth.BluetoothSocket.connect(BluetoothSocket.java:502)
	at org.xcontest.XCTrack.sensors.r.e(SourceFile:70)
	at org.xcontest.XCTrack.sensors.r.run(SourceFile:23)
	at java.lang.Thread.run(Thread.java:1119)
2025-09-07 06:53:46.686 ERROR [BluetoothWorker] Bluetooth connection failed: 
	EXCEPTION: java.io.IOException: read failed, socket might closed or timeout, read ret: -1
java.io.IOException: read failed, socket might closed or timeout, read ret: -1
	at android.bluetooth.BluetoothSocket.readAll(BluetoothSocket.java:924)
	at android.bluetooth.BluetoothSocket.waitSocketSignal(BluetoothSocket.java:877)
	at android.bluetooth.BluetoothSocket.connect(BluetoothSocket.java:517)
	at org.xcontest.XCTrack.sensors.r.e(SourceFile:152)
	at org.xcontest.XCTrack.sensors.r.run(SourceFile:23)
	at java.lang.Thread.run(Thread.java:1119)
2025-09-07 06:53:59.401 ERROR [BluetoothWorker] Bluetooth exception while connecting
	EXCEPTION: java.io.IOException: read failed, socket might closed or timeout, read ret: -1
java.io.IOException: read failed, socket might closed or timeout, read ret: -1
	at android.bluetooth.BluetoothSocket.readAll(BluetoothSocket.java:924)
	at android.bluetooth.BluetoothSocket.readInt(BluetoothSocket.java:938)
	at android.bluetooth.BluetoothSocket.connect(BluetoothSocket.java:502)
	at org.xcontest.XCTrack.sensors.r.e(SourceFile:70)
	at org.xcontest.XCTrack.sensors.r.run(SourceFile:23)
	at java.lang.Thread.run(Thread.java:1119)
2025-09-07 06:54:07.114 ERROR [BluetoothWorker] Bluetooth connection failed: 
	EXCEPTION: java.io.IOException: read failed, socket might closed or timeout, read ret: -1
java.io.IOException: read failed, socket might closed or timeout, read ret: -1
	at android.bluetooth.BluetoothSocket.readAll(BluetoothSocket.java:924)
	at android.bluetooth.BluetoothSocket.waitSocketSignal(BluetoothSocket.java:877)
	at android.bluetooth.BluetoothSocket.connect(BluetoothSocket.java:517)
	at org.xcontest.XCTrack.sensors.r.e(SourceFile:152)
	at org.xcontest.XCTrack.sensors.r.run(SourceFile:23)
	at java.lang.Thread.run(Thread.java:1119)
2025-09-07 06:54:19.830 ERROR [BluetoothWorker] Bluetooth exception while connecting
	EXCEPTION: java.io.IOException: read failed, socket might closed or timeout, read ret: -1
java.io.IOException: read failed, socket might closed or timeout, read ret: -1
	at android.bluetooth.BluetoothSocket.readAll(BluetoothSocket.java:924)
	at android.bluetooth.BluetoothSocket.readInt(BluetoothSocket.java:938)
	at android.bluetooth.BluetoothSocket.connect(BluetoothSocket.java:502)
	at org.xcontest.XCTrack.sensors.r.e(SourceFile:70)
	at org.xcontest.XCTrack.sensors.r.run(SourceFile:23)
	at java.lang.Thread.run(Thread.java:1119)
2025-09-07 06:54:27.541 ERROR [BluetoothWorker] Bluetooth connection failed: 
	EXCEPTION: java.io.IOException: read failed, socket might closed or timeout, read ret: -1
java.io.IOException: read failed, socket might closed or timeout, read ret: -1
	at android.bluetooth.BluetoothSocket.readAll(BluetoothSocket.java:924)
	at android.bluetooth.BluetoothSocket.waitSocketSignal(BluetoothSocket.java:877)
	at android.bluetooth.BluetoothSocket.connect(BluetoothSocket.java:517)
	at org.xcontest.XCTrack.sensors.r.e(SourceFile:152)
	at org.xcontest.XCTrack.sensors.r.run(SourceFile:23)
	at java.lang.Thread.run(Thread.java:1119)
2025-09-07 06:54:40.257 ERROR [BluetoothWorker] Bluetooth exception while connecting
	EXCEPTION: java.io.IOException: read failed, socket might closed or timeout, read ret: -1
java.io.IOException: read failed, socket might closed or timeout, read ret: -1
	at android.bluetooth.BluetoothSocket.readAll(BluetoothSocket.java:924)
	at android.bluetooth.BluetoothSocket.readInt(BluetoothSocket.java:938)
	at android.bluetooth.BluetoothSocket.connect(BluetoothSocket.java:502)
	at org.xcontest.XCTrack.sensors.r.e(SourceFile:70)
	at org.xcontest.XCTrack.sensors.r.run(SourceFile:23)
	at java.lang.Thread.run(Thread.java:1119)
2025-09-07 06:54:47.970 ERROR [BluetoothWorker] Bluetooth connection failed: 
	EXCEPTION: java.io.IOException: read failed, socket might closed or timeout, read ret: -1
java.io.IOException: read failed, socket might closed or timeout, read ret: -1
	at android.bluetooth.BluetoothSocket.readAll(BluetoothSocket.java:924)
	at android.bluetooth.BluetoothSocket.waitSocketSignal(BluetoothSocket.java:877)
	at android.bluetooth.BluetoothSocket.connect(BluetoothSocket.java:517)
	at org.xcontest.XCTrack.sensors.r.e(SourceFile:152)
	at org.xcontest.XCTrack.sensors.r.run(SourceFile:23)
	at java.lang.Thread.run(Thread.java:1119)
2025-09-07 06:55:00.685 ERROR [BluetoothWorker] Bluetooth exception while connecting
	EXCEPTION: java.io.IOException: read failed, socket might closed or timeout, read ret: -1
java.io.IOException: read failed, socket might closed or timeout, read ret: -1
	at android.bluetooth.BluetoothSocket.readAll(BluetoothSocket.java:924)
	at android.bluetooth.BluetoothSocket.readInt(BluetoothSocket.java:938)
	at android.bluetooth.BluetoothSocket.connect(BluetoothSocket.java:502)
	at org.xcontest.XCTrack.sensors.r.e(SourceFile:70)
	at org.xcontest.XCTrack.sensors.r.run(SourceFile:23)
	at java.lang.Thread.run(Thread.java:1119)
2025-09-07 06:55:08.397 ERROR [BluetoothWorker] Bluetooth connection failed: 
	EXCEPTION: java.io.IOException: read failed, socket might closed or timeout, read ret: -1
java.io.IOException: read failed, socket might closed or timeout, read ret: -1
	at android.bluetooth.BluetoothSocket.readAll(BluetoothSocket.java:924)
	at android.bluetooth.BluetoothSocket.waitSocketSignal(BluetoothSocket.java:877)
	at android.bluetooth.BluetoothSocket.connect(BluetoothSocket.java:517)
	at org.xcontest.XCTrack.sensors.r.e(SourceFile:152)
	at org.xcontest.XCTrack.sensors.r.run(SourceFile:23)
	at java.lang.Thread.run(Thread.java:1119)
2025-09-07 06:55:21.110 ERROR [BluetoothWorker] Bluetooth exception while connecting
	EXCEPTION: java.io.IOException: read failed, socket might closed or timeout, read ret: -1
java.io.IOException: read failed, socket might closed or timeout, read ret: -1
	at android.bluetooth.BluetoothSocket.readAll(BluetoothSocket.java:924)
	at android.bluetooth.BluetoothSocket.readInt(BluetoothSocket.java:938)
	at android.bluetooth.BluetoothSocket.connect(BluetoothSocket.java:502)
	at org.xcontest.XCTrack.sensors.r.e(SourceFile:70)
	at org.xcontest.XCTrack.sensors.r.run(SourceFile:23)
	at java.lang.Thread.run(Thread.java:1119)
2025-09-07 06:55:28.824 ERROR [BluetoothWorker] Bluetooth connection failed: 
	EXCEPTION: java.io.IOException: read failed, socket might closed or timeout, read ret: -1
java.io.IOException: read failed, socket might closed or timeout, read ret: -1
	at android.bluetooth.BluetoothSocket.readAll(BluetoothSocket.java:924)
	at android.bluetooth.BluetoothSocket.waitSocketSignal(BluetoothSocket.java:877)
	at android.bluetooth.BluetoothSocket.connect(BluetoothSocket.java:517)
	at org.xcontest.XCTrack.sensors.r.e(SourceFile:152)
	at org.xcontest.XCTrack.sensors.r.run(SourceFile:23)
	at java.lang.Thread.run(Thread.java:1119)
2025-09-07 06:55:41.538 ERROR [BluetoothWorker] Bluetooth exception while connecting
	EXCEPTION: java.io.IOException: read failed, socket might closed or timeout, read ret: -1
java.io.IOException: read failed, socket might closed or timeout, read ret: -1
	at android.bluetooth.BluetoothSocket.readAll(BluetoothSocket.java:924)
	at android.bluetooth.BluetoothSocket.readInt(BluetoothSocket.java:938)
	at android.bluetooth.BluetoothSocket.connect(BluetoothSocket.java:502)
	at org.xcontest.XCTrack.sensors.r.e(SourceFile:70)
	at org.xcontest.XCTrack.sensors.r.run(SourceFile:23)
	at java.lang.Thread.run(Thread.java:1119)
2025-09-07 06:55:49.253 ERROR [BluetoothWorker] Bluetooth connection failed: 
	EXCEPTION: java.io.IOException: read failed, socket might closed or timeout, read ret: -1
java.io.IOException: read failed, socket might closed or timeout, read ret: -1
	at android.bluetooth.BluetoothSocket.readAll(BluetoothSocket.java:924)
	at android.bluetooth.BluetoothSocket.waitSocketSignal(BluetoothSocket.java:877)
	at android.bluetooth.BluetoothSocket.connect(BluetoothSocket.java:517)
	at org.xcontest.XCTrack.sensors.r.e(SourceFile:152)
	at org.xcontest.XCTrack.sensors.r.run(SourceFile:23)
	at java.lang.Thread.run(Thread.java:1119)
2025-09-07 06:56:01.967 ERROR [BluetoothWorker] Bluetooth exception while connecting
	EXCEPTION: java.io.IOException: read failed, socket might closed or timeout, read ret: -1
java.io.IOException: read failed, socket might closed or timeout, read ret: -1
	at android.bluetooth.BluetoothSocket.readAll(BluetoothSocket.java:924)
	at android.bluetooth.BluetoothSocket.readInt(BluetoothSocket.java:938)
	at android.bluetooth.BluetoothSocket.connect(BluetoothSocket.java:502)
	at org.xcontest.XCTrack.sensors.r.e(SourceFile:70)
	at org.xcontest.XCTrack.sensors.r.run(SourceFile:23)
	at java.lang.Thread.run(Thread.java:1119)
2025-09-07 06:56:09.679 ERROR [BluetoothWorker] Bluetooth connection failed: 
	EXCEPTION: java.io.IOException: read failed, socket might closed or timeout, read ret: -1
java.io.IOException: read failed, socket might closed or timeout, read ret: -1
	at android.bluetooth.BluetoothSocket.readAll(BluetoothSocket.java:924)
	at android.bluetooth.BluetoothSocket.waitSocketSignal(BluetoothSocket.java:877)
	at android.bluetooth.BluetoothSocket.connect(BluetoothSocket.java:517)
	at org.xcontest.XCTrack.sensors.r.e(SourceFile:152)
	at org.xcontest.XCTrack.sensors.r.run(SourceFile:23)
	at java.lang.Thread.run(Thread.java:1119)
2025-09-07 06:56:22.392 ERROR [BluetoothWorker] Bluetooth exception while connecting
	EXCEPTION: java.io.IOException: read failed, socket might closed or timeout, read ret: -1
java.io.IOException: read failed, socket might closed or timeout, read ret: -1
	at android.bluetooth.BluetoothSocket.readAll(BluetoothSocket.java:924)
	at android.bluetooth.BluetoothSocket.readInt(BluetoothSocket.java:938)
	at android.bluetooth.BluetoothSocket.connect(BluetoothSocket.java:502)
	at org.xcontest.XCTrack.sensors.r.e(SourceFile:70)
	at org.xcontest.XCTrack.sensors.r.run(SourceFile:23)
	at java.lang.Thread.run(Thread.java:1119)
2025-09-07 06:56:30.105 ERROR [BluetoothWorker] Bluetooth connection failed: 
	EXCEPTION: java.io.IOException: read failed, socket might closed or timeout, read ret: -1
java.io.IOException: read failed, socket might closed or timeout, read ret: -1
	at android.bluetooth.BluetoothSocket.readAll(BluetoothSocket.java:924)
	at android.bluetooth.BluetoothSocket.waitSocketSignal(BluetoothSocket.java:877)
	at android.bluetooth.BluetoothSocket.connect(BluetoothSocket.java:517)
	at org.xcontest.XCTrack.sensors.r.e(SourceFile:152)
	at org.xcontest.XCTrack.sensors.r.run(SourceFile:23)
	at java.lang.Thread.run(Thread.java:1119)
2025-09-07 06:56:42.818 ERROR [BluetoothWorker] Bluetooth exception while connecting
	EXCEPTION: java.io.IOException: read failed, socket might closed or timeout, read ret: -1
java.io.IOException: read failed, socket might closed or timeout, read ret: -1
	at android.bluetooth.BluetoothSocket.readAll(BluetoothSocket.java:924)
	at android.bluetooth.BluetoothSocket.readInt(BluetoothSocket.java:938)
	at android.bluetooth.BluetoothSocket.connect(BluetoothSocket.java:502)
	at org.xcontest.XCTrack.sensors.r.e(SourceFile:70)
	at org.xcontest.XCTrack.sensors.r.run(SourceFile:23)
	at java.lang.Thread.run(Thread.java:1119)
2025-09-07 06:56:50.529 ERROR [BluetoothWorker] Bluetooth connection failed: 
	EXCEPTION: java.io.IOException: read failed, socket might closed or timeout, read ret: -1
java.io.IOException: read failed, socket might closed or timeout, read ret: -1
	at android.bluetooth.BluetoothSocket.readAll(BluetoothSocket.java:924)
	at android.bluetooth.BluetoothSocket.waitSocketSignal(BluetoothSocket.java:877)
	at android.bluetooth.BluetoothSocket.connect(BluetoothSocket.java:517)
	at org.xcontest.XCTrack.sensors.r.e(SourceFile:152)
	at org.xcontest.XCTrack.sensors.r.run(SourceFile:23)
	at java.lang.Thread.run(Thread.java:1119)
2025-09-07 06:57:03.246 ERROR [BluetoothWorker] Bluetooth exception while connecting
	EXCEPTION: java.io.IOException: read failed, socket might closed or timeout, read ret: -1
java.io.IOException: read failed, socket might closed or timeout, read ret: -1
	at android.bluetooth.BluetoothSocket.readAll(BluetoothSocket.java:924)
	at android.bluetooth.BluetoothSocket.readInt(BluetoothSocket.java:938)
	at android.bluetooth.BluetoothSocket.connect(BluetoothSocket.java:502)
	at org.xcontest.XCTrack.sensors.r.e(SourceFile:70)
	at org.xcontest.XCTrack.sensors.r.run(SourceFile:23)
	at java.lang.Thread.run(Thread.java:1119)
2025-09-07 06:57:10.957 ERROR [BluetoothWorker] Bluetooth connection failed: 
	EXCEPTION: java.io.IOException: read failed, socket might closed or timeout, read ret: -1
java.io.IOException: read failed, socket might closed or timeout, read ret: -1
	at android.bluetooth.BluetoothSocket.readAll(BluetoothSocket.java:924)
	at android.bluetooth.BluetoothSocket.waitSocketSignal(BluetoothSocket.java:877)
	at android.bluetooth.BluetoothSocket.connect(BluetoothSocket.java:517)
	at org.xcontest.XCTrack.sensors.r.e(SourceFile:152)
	at org.xcontest.XCTrack.sensors.r.run(SourceFile:23)
	at java.lang.Thread.run(Thread.java:1119)
2025-09-07 06:57:23.671 ERROR [BluetoothWorker] Bluetooth exception while connecting
	EXCEPTION: java.io.IOException: read failed, socket might closed or timeout, read ret: -1
java.io.IOException: read failed, socket might closed or timeout, read ret: -1
	at android.bluetooth.BluetoothSocket.readAll(BluetoothSocket.java:924)
	at android.bluetooth.BluetoothSocket.readInt(BluetoothSocket.java:938)
	at android.bluetooth.BluetoothSocket.connect(BluetoothSocket.java:502)
	at org.xcontest.XCTrack.sensors.r.e(SourceFile:70)
	at org.xcontest.XCTrack.sensors.r.run(SourceFile:23)
	at java.lang.Thread.run(Thread.java:1119)
2025-09-07 06:57:31.387 ERROR [BluetoothWorker] Bluetooth connection failed: 
	EXCEPTION: java.io.IOException: read failed, socket might closed or timeout, read ret: -1
java.io.IOException: read failed, socket might closed or timeout, read ret: -1
	at android.bluetooth.BluetoothSocket.readAll(BluetoothSocket.java:924)
	at android.bluetooth.BluetoothSocket.waitSocketSignal(BluetoothSocket.java:877)
	at android.bluetooth.BluetoothSocket.connect(BluetoothSocket.java:517)
	at org.xcontest.XCTrack.sensors.r.e(SourceFile:152)
	at org.xcontest.XCTrack.sensors.r.run(SourceFile:23)
	at java.lang.Thread.run(Thread.java:1119)
2025-09-07 06:57:44.101 ERROR [BluetoothWorker] Bluetooth exception while connecting
	EXCEPTION: java.io.IOException: read failed, socket might closed or timeout, read ret: -1
java.io.IOException: read failed, socket might closed or timeout, read ret: -1
	at android.bluetooth.BluetoothSocket.readAll(BluetoothSocket.java:924)
	at android.bluetooth.BluetoothSocket.readInt(BluetoothSocket.java:938)
	at android.bluetooth.BluetoothSocket.connect(BluetoothSocket.java:502)
	at org.xcontest.XCTrack.sensors.r.e(SourceFile:70)
	at org.xcontest.XCTrack.sensors.r.run(SourceFile:23)
	at java.lang.Thread.run(Thread.java:1119)
2025-09-07 06:57:51.811 ERROR [BluetoothWorker] Bluetooth connection failed: 
	EXCEPTION: java.io.IOException: read failed, socket might closed or timeout, read ret: -1
java.io.IOException: read failed, socket might closed or timeout, read ret: -1
	at android.bluetooth.BluetoothSocket.readAll(BluetoothSocket.java:924)
	at android.bluetooth.BluetoothSocket.waitSocketSignal(BluetoothSocket.java:877)
	at android.bluetooth.BluetoothSocket.connect(BluetoothSocket.java:517)
	at org.xcontest.XCTrack.sensors.r.e(SourceFile:152)
	at org.xcontest.XCTrack.sensors.r.run(SourceFile:23)
	at java.lang.Thread.run(Thread.java:1119)
2025-09-07 06:58:04.525 ERROR [BluetoothWorker] Bluetooth exception while connecting
	EXCEPTION: java.io.IOException: read failed, socket might closed or timeout, read ret: -1
java.io.IOException: read failed, socket might closed or timeout, read ret: -1
	at android.bluetooth.BluetoothSocket.readAll(BluetoothSocket.java:924)
	at android.bluetooth.BluetoothSocket.readInt(BluetoothSocket.java:938)
	at android.bluetooth.BluetoothSocket.connect(BluetoothSocket.java:502)
	at org.xcontest.XCTrack.sensors.r.e(SourceFile:70)
	at org.xcontest.XCTrack.sensors.r.run(SourceFile:23)
	at java.lang.Thread.run(Thread.java:1119)
2025-09-07 06:58:12.242 ERROR [BluetoothWorker] Bluetooth connection failed: 
	EXCEPTION: java.io.IOException: read failed, socket might closed or timeout, read ret: -1
java.io.IOException: read failed, socket might closed or timeout, read ret: -1
	at android.bluetooth.BluetoothSocket.readAll(BluetoothSocket.java:924)
	at android.bluetooth.BluetoothSocket.waitSocketSignal(BluetoothSocket.java:877)
	at android.bluetooth.BluetoothSocket.connect(BluetoothSocket.java:517)
	at org.xcontest.XCTrack.sensors.r.e(SourceFile:152)
	at org.xcontest.XCTrack.sensors.r.run(SourceFile:23)
	at java.lang.Thread.run(Thread.java:1119)
2025-09-07 06:58:24.956 ERROR [BluetoothWorker] Bluetooth exception while connecting
	EXCEPTION: java.io.IOException: read failed, socket might closed or timeout, read ret: -1
java.io.IOException: read failed, socket might closed or timeout, read ret: -1
	at android.bluetooth.BluetoothSocket.readAll(BluetoothSocket.java:924)
	at android.bluetooth.BluetoothSocket.readInt(BluetoothSocket.java:938)
	at android.bluetooth.BluetoothSocket.connect(BluetoothSocket.java:502)
	at org.xcontest.XCTrack.sensors.r.e(SourceFile:70)
	at org.xcontest.XCTrack.sensors.r.run(SourceFile:23)
	at java.lang.Thread.run(Thread.java:1119)
2025-09-07 06:58:32.668 ERROR [BluetoothWorker] Bluetooth connection failed: 
	EXCEPTION: java.io.IOException: read failed, socket might closed or timeout, read ret: -1
java.io.IOException: read failed, socket might closed or timeout, read ret: -1
	at android.bluetooth.BluetoothSocket.readAll(BluetoothSocket.java:924)
	at android.bluetooth.BluetoothSocket.waitSocketSignal(BluetoothSocket.java:877)
	at android.bluetooth.BluetoothSocket.connect(BluetoothSocket.java:517)
	at org.xcontest.XCTrack.sensors.r.e(SourceFile:152)
	at org.xcontest.XCTrack.sensors.r.run(SourceFile:23)
	at java.lang.Thread.run(Thread.java:1119)
2025-09-07 06:58:45.380 ERROR [BluetoothWorker] Bluetooth exception while connecting
	EXCEPTION: java.io.IOException: read failed, socket might closed or timeout, read ret: -1
java.io.IOException: read failed, socket might closed or timeout, read ret: -1
	at android.bluetooth.BluetoothSocket.readAll(BluetoothSocket.java:924)
	at android.bluetooth.BluetoothSocket.readInt(BluetoothSocket.java:938)
	at android.bluetooth.BluetoothSocket.connect(BluetoothSocket.java:502)
	at org.xcontest.XCTrack.sensors.r.e(SourceFile:70)
	at org.xcontest.XCTrack.sensors.r.run(SourceFile:23)
	at java.lang.Thread.run(Thread.java:1119)
2025-09-07 06:58:53.093 ERROR [BluetoothWorker] Bluetooth connection failed: 
	EXCEPTION: java.io.IOException: read failed, socket might closed or timeout, read ret: -1
java.io.IOException: read failed, socket might closed or timeout, read ret: -1
	at android.bluetooth.BluetoothSocket.readAll(BluetoothSocket.java:924)
	at android.bluetooth.BluetoothSocket.waitSocketSignal(BluetoothSocket.java:877)
	at android.bluetooth.BluetoothSocket.connect(BluetoothSocket.java:517)
	at org.xcontest.XCTrack.sensors.r.e(SourceFile:152)
	at org.xcontest.XCTrack.sensors.r.run(SourceFile:23)
	at java.lang.Thread.run(Thread.java:1119)
2025-09-07 06:59:05.807 ERROR [BluetoothWorker] Bluetooth exception while connecting
	EXCEPTION: java.io.IOException: read failed, socket might closed or timeout, read ret: -1
java.io.IOException: read failed, socket might closed or timeout, read ret: -1
	at android.bluetooth.BluetoothSocket.readAll(BluetoothSocket.java:924)
	at android.bluetooth.BluetoothSocket.readInt(BluetoothSocket.java:938)
	at android.bluetooth.BluetoothSocket.connect(BluetoothSocket.java:502)
	at org.xcontest.XCTrack.sensors.r.e(SourceFile:70)
	at org.xcontest.XCTrack.sensors.r.run(SourceFile:23)
	at java.lang.Thread.run(Thread.java:1119)
2025-09-07 06:59:13.519 ERROR [BluetoothWorker] Bluetooth connection failed: 
	EXCEPTION: java.io.IOException: read failed, socket might closed or timeout, read ret: -1
java.io.IOException: read failed, socket might closed or timeout, read ret: -1
	at android.bluetooth.BluetoothSocket.readAll(BluetoothSocket.java:924)
	at android.bluetooth.BluetoothSocket.waitSocketSignal(BluetoothSocket.java:877)
	at android.bluetooth.BluetoothSocket.connect(BluetoothSocket.java:517)
	at org.xcontest.XCTrack.sensors.r.e(SourceFile:152)
	at org.xcontest.XCTrack.sensors.r.run(SourceFile:23)
	at java.lang.Thread.run(Thread.java:1119)
2025-09-07 06:59:26.232 ERROR [BluetoothWorker] Bluetooth exception while connecting
	EXCEPTION: java.io.IOException: read failed, socket might closed or timeout, read ret: -1
java.io.IOException: read failed, socket might closed or timeout, read ret: -1
	at android.bluetooth.BluetoothSocket.readAll(BluetoothSocket.java:924)
	at android.bluetooth.BluetoothSocket.readInt(BluetoothSocket.java:938)
	at android.bluetooth.BluetoothSocket.connect(BluetoothSocket.java:502)
	at org.xcontest.XCTrack.sensors.r.e(SourceFile:70)
	at org.xcontest.XCTrack.sensors.r.run(SourceFile:23)
	at java.lang.Thread.run(Thread.java:1119)
2025-09-07 06:59:33.945 ERROR [BluetoothWorker] Bluetooth connection failed: 
	EXCEPTION: java.io.IOException: read failed, socket might closed or timeout, read ret: -1
java.io.IOException: read failed, socket might closed or timeout, read ret: -1
	at android.bluetooth.BluetoothSocket.readAll(BluetoothSocket.java:924)
	at android.bluetooth.BluetoothSocket.waitSocketSignal(BluetoothSocket.java:877)
	at android.bluetooth.BluetoothSocket.connect(BluetoothSocket.java:517)
	at org.xcontest.XCTrack.sensors.r.e(SourceFile:152)
	at org.xcontest.XCTrack.sensors.r.run(SourceFile:23)
	at java.lang.Thread.run(Thread.java:1119)
2025-09-07 06:59:46.666 ERROR [BluetoothWorker] Bluetooth exception while connecting
	EXCEPTION: java.io.IOException: read failed, socket might closed or timeout, read ret: -1
java.io.IOException: read failed, socket might closed or timeout, read ret: -1
	at android.bluetooth.BluetoothSocket.readAll(BluetoothSocket.java:924)
	at android.bluetooth.BluetoothSocket.readInt(BluetoothSocket.java:938)
	at android.bluetooth.BluetoothSocket.connect(BluetoothSocket.java:502)
	at org.xcontest.XCTrack.sensors.r.e(SourceFile:70)
	at org.xcontest.XCTrack.sensors.r.run(SourceFile:23)
	at java.lang.Thread.run(Thread.java:1119)
2025-09-07 06:59:54.379 ERROR [BluetoothWorker] Bluetooth connection failed: 
	EXCEPTION: java.io.IOException: read failed, socket might closed or timeout, read ret: -1
java.io.IOException: read failed, socket might closed or timeout, read ret: -1
	at android.bluetooth.BluetoothSocket.readAll(BluetoothSocket.java:924)
	at android.bluetooth.BluetoothSocket.waitSocketSignal(BluetoothSocket.java:877)
	at android.bluetooth.BluetoothSocket.connect(BluetoothSocket.java:517)
	at org.xcontest.XCTrack.sensors.r.e(SourceFile:152)
	at org.xcontest.XCTrack.sensors.r.run(SourceFile:23)
	at java.lang.Thread.run(Thread.java:1119)
2025-09-07 07:00:07.091 ERROR [BluetoothWorker] Bluetooth exception while connecting
	EXCEPTION: java.io.IOException: read failed, socket might closed or timeout, read ret: -1
java.io.IOException: read failed, socket might closed or timeout, read ret: -1
	at android.bluetooth.BluetoothSocket.readAll(BluetoothSocket.java:924)
	at android.bluetooth.BluetoothSocket.readInt(BluetoothSocket.java:938)
	at android.bluetooth.BluetoothSocket.connect(BluetoothSocket.java:502)
	at org.xcontest.XCTrack.sensors.r.e(SourceFile:70)
	at org.xcontest.XCTrack.sensors.r.run(SourceFile:23)
	at java.lang.Thread.run(Thread.java:1119)
2025-09-07 07:00:14.803 ERROR [BluetoothWorker] Bluetooth connection failed: 
	EXCEPTION: java.io.IOException: read failed, socket might closed or timeout, read ret: -1
java.io.IOException: read failed, socket might closed or timeout, read ret: -1
	at android.bluetooth.BluetoothSocket.readAll(BluetoothSocket.java:924)
	at android.bluetooth.BluetoothSocket.waitSocketSignal(BluetoothSocket.java:877)
	at android.bluetooth.BluetoothSocket.connect(BluetoothSocket.java:517)
	at org.xcontest.XCTrack.sensors.r.e(SourceFile:152)
	at org.xcontest.XCTrack.sensors.r.run(SourceFile:23)
	at java.lang.Thread.run(Thread.java:1119)
2025-09-07 07:00:27.518 ERROR [BluetoothWorker] Bluetooth exception while connecting
	EXCEPTION: java.io.IOException: read failed, socket might closed or timeout, read ret: -1
java.io.IOException: read failed, socket might closed or timeout, read ret: -1
	at android.bluetooth.BluetoothSocket.readAll(BluetoothSocket.java:924)
	at android.bluetooth.BluetoothSocket.readInt(BluetoothSocket.java:938)
	at android.bluetooth.BluetoothSocket.connect(BluetoothSocket.java:502)
	at org.xcontest.XCTrack.sensors.r.e(SourceFile:70)
	at org.xcontest.XCTrack.sensors.r.run(SourceFile:23)
	at java.lang.Thread.run(Thread.java:1119)
2025-09-07 07:00:35.230 ERROR [BluetoothWorker] Bluetooth connection failed: 
	EXCEPTION: java.io.IOException: read failed, socket might closed or timeout, read ret: -1
java.io.IOException: read failed, socket might closed or timeout, read ret: -1
	at android.bluetooth.BluetoothSocket.readAll(BluetoothSocket.java:924)
	at android.bluetooth.BluetoothSocket.waitSocketSignal(BluetoothSocket.java:877)
	at android.bluetooth.BluetoothSocket.connect(BluetoothSocket.java:517)
	at org.xcontest.XCTrack.sensors.r.e(SourceFile:152)
	at org.xcontest.XCTrack.sensors.r.run(SourceFile:23)
	at java.lang.Thread.run(Thread.java:1119)
2025-09-07 07:00:47.945 ERROR [BluetoothWorker] Bluetooth exception while connecting
	EXCEPTION: java.io.IOException: read failed, socket might closed or timeout, read ret: -1
java.io.IOException: read failed, socket might closed or timeout, read ret: -1
	at android.bluetooth.BluetoothSocket.readAll(BluetoothSocket.java:924)
	at android.bluetooth.BluetoothSocket.readInt(BluetoothSocket.java:938)
	at android.bluetooth.BluetoothSocket.connect(BluetoothSocket.java:502)
	at org.xcontest.XCTrack.sensors.r.e(SourceFile:70)
	at org.xcontest.XCTrack.sensors.r.run(SourceFile:23)
	at java.lang.Thread.run(Thread.java:1119)
2025-09-07 07:00:55.657 ERROR [BluetoothWorker] Bluetooth connection failed: 
	EXCEPTION: java.io.IOException: read failed, socket might closed or timeout, read ret: -1
java.io.IOException: read failed, socket might closed or timeout, read ret: -1
	at android.bluetooth.BluetoothSocket.readAll(BluetoothSocket.java:924)
	at android.bluetooth.BluetoothSocket.waitSocketSignal(BluetoothSocket.java:877)
	at android.bluetooth.BluetoothSocket.connect(BluetoothSocket.java:517)
	at org.xcontest.XCTrack.sensors.r.e(SourceFile:152)
	at org.xcontest.XCTrack.sensors.r.run(SourceFile:23)
	at java.lang.Thread.run(Thread.java:1119)
2025-09-07 07:01:08.375 ERROR [BluetoothWorker] Bluetooth exception while connecting
	EXCEPTION: java.io.IOException: read failed, socket might closed or timeout, read ret: -1
java.io.IOException: read failed, socket might closed or timeout, read ret: -1
	at android.bluetooth.BluetoothSocket.readAll(BluetoothSocket.java:924)
	at android.bluetooth.BluetoothSocket.readInt(BluetoothSocket.java:938)
	at android.bluetooth.BluetoothSocket.connect(BluetoothSocket.java:502)
	at org.xcontest.XCTrack.sensors.r.e(SourceFile:70)
	at org.xcontest.XCTrack.sensors.r.run(SourceFile:23)
	at java.lang.Thread.run(Thread.java:1119)
2025-09-07 07:01:16.088 ERROR [BluetoothWorker] Bluetooth connection failed: 
	EXCEPTION: java.io.IOException: read failed, socket might closed or timeout, read ret: -1
java.io.IOException: read failed, socket might closed or timeout, read ret: -1
	at android.bluetooth.BluetoothSocket.readAll(BluetoothSocket.java:924)
	at android.bluetooth.BluetoothSocket.waitSocketSignal(BluetoothSocket.java:877)
	at android.bluetooth.BluetoothSocket.connect(BluetoothSocket.java:517)
	at org.xcontest.XCTrack.sensors.r.e(SourceFile:152)
	at org.xcontest.XCTrack.sensors.r.run(SourceFile:23)
	at java.lang.Thread.run(Thread.java:1119)
2025-09-07 07:01:28.811 ERROR [BluetoothWorker] Bluetooth exception while connecting
	EXCEPTION: java.io.IOException: read failed, socket might closed or timeout, read ret: -1
java.io.IOException: read failed, socket might closed or timeout, read ret: -1
	at android.bluetooth.BluetoothSocket.readAll(BluetoothSocket.java:924)
	at android.bluetooth.BluetoothSocket.readInt(BluetoothSocket.java:938)
	at android.bluetooth.BluetoothSocket.connect(BluetoothSocket.java:502)
	at org.xcontest.XCTrack.sensors.r.e(SourceFile:70)
	at org.xcontest.XCTrack.sensors.r.run(SourceFile:23)
	at java.lang.Thread.run(Thread.java:1119)
2025-09-07 07:01:36.522 ERROR [BluetoothWorker] Bluetooth connection failed: 
	EXCEPTION: java.io.IOException: read failed, socket might closed or timeout, read ret: -1
java.io.IOException: read failed, socket might closed or timeout, read ret: -1
	at android.bluetooth.BluetoothSocket.readAll(BluetoothSocket.java:924)
	at android.bluetooth.BluetoothSocket.waitSocketSignal(BluetoothSocket.java:877)
	at android.bluetooth.BluetoothSocket.connect(BluetoothSocket.java:517)
	at org.xcontest.XCTrack.sensors.r.e(SourceFile:152)
	at org.xcontest.XCTrack.sensors.r.run(SourceFile:23)
	at java.lang.Thread.run(Thread.java:1119)
2025-09-07 07:01:49.235 ERROR [BluetoothWorker] Bluetooth exception while connecting
	EXCEPTION: java.io.IOException: read failed, socket might closed or timeout, read ret: -1
java.io.IOException: read failed, socket might closed or timeout, read ret: -1
	at android.bluetooth.BluetoothSocket.readAll(BluetoothSocket.java:924)
	at android.bluetooth.BluetoothSocket.readInt(BluetoothSocket.java:938)
	at android.bluetooth.BluetoothSocket.connect(BluetoothSocket.java:502)
	at org.xcontest.XCTrack.sensors.r.e(SourceFile:70)
	at org.xcontest.XCTrack.sensors.r.run(SourceFile:23)
	at java.lang.Thread.run(Thread.java:1119)
2025-09-07 07:01:56.947 ERROR [BluetoothWorker] Bluetooth connection failed: 
	EXCEPTION: java.io.IOException: read failed, socket might closed or timeout, read ret: -1
java.io.IOException: read failed, socket might closed or timeout, read ret: -1
	at android.bluetooth.BluetoothSocket.readAll(BluetoothSocket.java:924)
	at android.bluetooth.BluetoothSocket.waitSocketSignal(BluetoothSocket.java:877)
	at android.bluetooth.BluetoothSocket.connect(BluetoothSocket.java:517)
	at org.xcontest.XCTrack.sensors.r.e(SourceFile:152)
	at org.xcontest.XCTrack.sensors.r.run(SourceFile:23)
	at java.lang.Thread.run(Thread.java:1119)
2025-09-07 07:02:09.658 ERROR [BluetoothWorker] Bluetooth exception while connecting
	EXCEPTION: java.io.IOException: read failed, socket might closed or timeout, read ret: -1
java.io.IOException: read failed, socket might closed or timeout, read ret: -1
	at android.bluetooth.BluetoothSocket.readAll(BluetoothSocket.java:924)
	at android.bluetooth.BluetoothSocket.readInt(BluetoothSocket.java:938)
	at android.bluetooth.BluetoothSocket.connect(BluetoothSocket.java:502)
	at org.xcontest.XCTrack.sensors.r.e(SourceFile:70)
	at org.xcontest.XCTrack.sensors.r.run(SourceFile:23)
	at java.lang.Thread.run(Thread.java:1119)
2025-09-07 07:02:17.370 ERROR [BluetoothWorker] Bluetooth connection failed: 
	EXCEPTION: java.io.IOException: read failed, socket might closed or timeout, read ret: -1
java.io.IOException: read failed, socket might closed or timeout, read ret: -1
	at android.bluetooth.BluetoothSocket.readAll(BluetoothSocket.java:924)
	at android.bluetooth.BluetoothSocket.waitSocketSignal(BluetoothSocket.java:877)
	at android.bluetooth.BluetoothSocket.connect(BluetoothSocket.java:517)
	at org.xcontest.XCTrack.sensors.r.e(SourceFile:152)
	at org.xcontest.XCTrack.sensors.r.run(SourceFile:23)
	at java.lang.Thread.run(Thread.java:1119)
2025-09-07 07:02:30.086 ERROR [BluetoothWorker] Bluetooth exception while connecting
	EXCEPTION: java.io.IOException: read failed, socket might closed or timeout, read ret: -1
java.io.IOException: read failed, socket might closed or timeout, read ret: -1
	at android.bluetooth.BluetoothSocket.readAll(BluetoothSocket.java:924)
	at android.bluetooth.BluetoothSocket.readInt(BluetoothSocket.java:938)
	at android.bluetooth.BluetoothSocket.connect(BluetoothSocket.java:502)
	at org.xcontest.XCTrack.sensors.r.e(SourceFile:70)
	at org.xcontest.XCTrack.sensors.r.run(SourceFile:23)
	at java.lang.Thread.run(Thread.java:1119)
2025-09-07 07:02:37.799 ERROR [BluetoothWorker] Bluetooth connection failed: 
	EXCEPTION: java.io.IOException: read failed, socket might closed or timeout, read ret: -1
java.io.IOException: read failed, socket might closed or timeout, read ret: -1
	at android.bluetooth.BluetoothSocket.readAll(BluetoothSocket.java:924)
	at android.bluetooth.BluetoothSocket.waitSocketSignal(BluetoothSocket.java:877)
	at android.bluetooth.BluetoothSocket.connect(BluetoothSocket.java:517)
	at org.xcontest.XCTrack.sensors.r.e(SourceFile:152)
	at org.xcontest.XCTrack.sensors.r.run(SourceFile:23)
	at java.lang.Thread.run(Thread.java:1119)
2025-09-07 07:02:50.512 ERROR [BluetoothWorker] Bluetooth exception while connecting
	EXCEPTION: java.io.IOException: read failed, socket might closed or timeout, read ret: -1
java.io.IOException: read failed, socket might closed or timeout, read ret: -1
	at android.bluetooth.BluetoothSocket.readAll(BluetoothSocket.java:924)
	at android.bluetooth.BluetoothSocket.readInt(BluetoothSocket.java:938)
	at android.bluetooth.BluetoothSocket.connect(BluetoothSocket.java:502)
	at org.xcontest.XCTrack.sensors.r.e(SourceFile:70)
	at org.xcontest.XCTrack.sensors.r.run(SourceFile:23)
	at java.lang.Thread.run(Thread.java:1119)
2025-09-07 07:02:58.226 ERROR [BluetoothWorker] Bluetooth connection failed: 
	EXCEPTION: java.io.IOException: read failed, socket might closed or timeout, read ret: -1
java.io.IOException: read failed, socket might closed or timeout, read ret: -1
	at android.bluetooth.BluetoothSocket.readAll(BluetoothSocket.java:924)
	at android.bluetooth.BluetoothSocket.waitSocketSignal(BluetoothSocket.java:877)
	at android.bluetooth.BluetoothSocket.connect(BluetoothSocket.java:517)
	at org.xcontest.XCTrack.sensors.r.e(SourceFile:152)
	at org.xcontest.XCTrack.sensors.r.run(SourceFile:23)
	at java.lang.Thread.run(Thread.java:1119)
2025-09-07 07:03:10.936 ERROR [BluetoothWorker] Bluetooth exception while connecting
	EXCEPTION: java.io.IOException: read failed, socket might closed or timeout, read ret: -1
java.io.IOException: read failed, socket might closed or timeout, read ret: -1
	at android.bluetooth.BluetoothSocket.readAll(BluetoothSocket.java:924)
	at android.bluetooth.BluetoothSocket.readInt(BluetoothSocket.java:938)
	at android.bluetooth.BluetoothSocket.connect(BluetoothSocket.java:502)
	at org.xcontest.XCTrack.sensors.r.e(SourceFile:70)
	at org.xcontest.XCTrack.sensors.r.run(SourceFile:23)
	at java.lang.Thread.run(Thread.java:1119)
2025-09-07 07:03:18.645 ERROR [BluetoothWorker] Bluetooth connection failed: 
	EXCEPTION: java.io.IOException: read failed, socket might closed or timeout, read ret: -1
java.io.IOException: read failed, socket might closed or timeout, read ret: -1
	at android.bluetooth.BluetoothSocket.readAll(BluetoothSocket.java:924)
	at android.bluetooth.BluetoothSocket.waitSocketSignal(BluetoothSocket.java:877)
	at android.bluetooth.BluetoothSocket.connect(BluetoothSocket.java:517)
	at org.xcontest.XCTrack.sensors.r.e(SourceFile:152)
	at org.xcontest.XCTrack.sensors.r.run(SourceFile:23)
	at java.lang.Thread.run(Thread.java:1119)
2025-09-07 07:03:31.357 ERROR [BluetoothWorker] Bluetooth exception while connecting
	EXCEPTION: java.io.IOException: read failed, socket might closed or timeout, read ret: -1
java.io.IOException: read failed, socket might closed or timeout, read ret: -1
	at android.bluetooth.BluetoothSocket.readAll(BluetoothSocket.java:924)
	at android.bluetooth.BluetoothSocket.readInt(BluetoothSocket.java:938)
	at android.bluetooth.BluetoothSocket.connect(BluetoothSocket.java:502)
	at org.xcontest.XCTrack.sensors.r.e(SourceFile:70)
	at org.xcontest.XCTrack.sensors.r.run(SourceFile:23)
	at java.lang.Thread.run(Thread.java:1119)
2025-09-07 07:03:39.069 ERROR [BluetoothWorker] Bluetooth connection failed: 
	EXCEPTION: java.io.IOException: read failed, socket might closed or timeout, read ret: -1
java.io.IOException: read failed, socket might closed or timeout, read ret: -1
	at android.bluetooth.BluetoothSocket.readAll(BluetoothSocket.java:924)
	at android.bluetooth.BluetoothSocket.waitSocketSignal(BluetoothSocket.java:877)
	at android.bluetooth.BluetoothSocket.connect(BluetoothSocket.java:517)
	at org.xcontest.XCTrack.sensors.r.e(SourceFile:152)
	at org.xcontest.XCTrack.sensors.r.run(SourceFile:23)
	at java.lang.Thread.run(Thread.java:1119)
2025-09-07 07:03:51.780 ERROR [BluetoothWorker] Bluetooth exception while connecting
	EXCEPTION: java.io.IOException: read failed, socket might closed or timeout, read ret: -1
java.io.IOException: read failed, socket might closed or timeout, read ret: -1
	at android.bluetooth.BluetoothSocket.readAll(BluetoothSocket.java:924)
	at android.bluetooth.BluetoothSocket.readInt(BluetoothSocket.java:938)
	at android.bluetooth.BluetoothSocket.connect(BluetoothSocket.java:502)
	at org.xcontest.XCTrack.sensors.r.e(SourceFile:70)
	at org.xcontest.XCTrack.sensors.r.run(SourceFile:23)
	at java.lang.Thread.run(Thread.java:1119)
2025-09-07 07:03:59.492 ERROR [BluetoothWorker] Bluetooth connection failed: 
	EXCEPTION: java.io.IOException: read failed, socket might closed or timeout, read ret: -1
java.io.IOException: read failed, socket might closed or timeout, read ret: -1
	at android.bluetooth.BluetoothSocket.readAll(BluetoothSocket.java:924)
	at android.bluetooth.BluetoothSocket.waitSocketSignal(BluetoothSocket.java:877)
	at android.bluetooth.BluetoothSocket.connect(BluetoothSocket.java:517)
	at org.xcontest.XCTrack.sensors.r.e(SourceFile:152)
	at org.xcontest.XCTrack.sensors.r.run(SourceFile:23)
	at java.lang.Thread.run(Thread.java:1119)
2025-09-07 07:04:12.208 ERROR [BluetoothWorker] Bluetooth exception while connecting
	EXCEPTION: java.io.IOException: read failed, socket might closed or timeout, read ret: -1
java.io.IOException: read failed, socket might closed or timeout, read ret: -1
	at android.bluetooth.BluetoothSocket.readAll(BluetoothSocket.java:924)
	at android.bluetooth.BluetoothSocket.readInt(BluetoothSocket.java:938)
	at android.bluetooth.BluetoothSocket.connect(BluetoothSocket.java:502)
	at org.xcontest.XCTrack.sensors.r.e(SourceFile:70)
	at org.xcontest.XCTrack.sensors.r.run(SourceFile:23)
	at java.lang.Thread.run(Thread.java:1119)
2025-09-07 07:04:19.920 ERROR [BluetoothWorker] Bluetooth connection failed: 
	EXCEPTION: java.io.IOException: read failed, socket might closed or timeout, read ret: -1
java.io.IOException: read failed, socket might closed or timeout, read ret: -1
	at android.bluetooth.BluetoothSocket.readAll(BluetoothSocket.java:924)
	at android.bluetooth.BluetoothSocket.waitSocketSignal(BluetoothSocket.java:877)
	at android.bluetooth.BluetoothSocket.connect(BluetoothSocket.java:517)
	at org.xcontest.XCTrack.sensors.r.e(SourceFile:152)
	at org.xcontest.XCTrack.sensors.r.run(SourceFile:23)
	at java.lang.Thread.run(Thread.java:1119)
2025-09-07 07:04:32.631 ERROR [BluetoothWorker] Bluetooth exception while connecting
	EXCEPTION: java.io.IOException: read failed, socket might closed or timeout, read ret: -1
java.io.IOException: read failed, socket might closed or timeout, read ret: -1
	at android.bluetooth.BluetoothSocket.readAll(BluetoothSocket.java:924)
	at android.bluetooth.BluetoothSocket.readInt(BluetoothSocket.java:938)
	at android.bluetooth.BluetoothSocket.connect(BluetoothSocket.java:502)
	at org.xcontest.XCTrack.sensors.r.e(SourceFile:70)
	at org.xcontest.XCTrack.sensors.r.run(SourceFile:23)
	at java.lang.Thread.run(Thread.java:1119)
2025-09-07 07:04:40.342 ERROR [BluetoothWorker] Bluetooth connection failed: 
	EXCEPTION: java.io.IOException: read failed, socket might closed or timeout, read ret: -1
java.io.IOException: read failed, socket might closed or timeout, read ret: -1
	at android.bluetooth.BluetoothSocket.readAll(BluetoothSocket.java:924)
	at android.bluetooth.BluetoothSocket.waitSocketSignal(BluetoothSocket.java:877)
	at android.bluetooth.BluetoothSocket.connect(BluetoothSocket.java:517)
	at org.xcontest.XCTrack.sensors.r.e(SourceFile:152)
	at org.xcontest.XCTrack.sensors.r.run(SourceFile:23)
	at java.lang.Thread.run(Thread.java:1119)
2025-09-07 07:04:53.056 ERROR [BluetoothWorker] Bluetooth exception while connecting
	EXCEPTION: java.io.IOException: read failed, socket might closed or timeout, read ret: -1
java.io.IOException: read failed, socket might closed or timeout, read ret: -1
	at android.bluetooth.BluetoothSocket.readAll(BluetoothSocket.java:924)
	at android.bluetooth.BluetoothSocket.readInt(BluetoothSocket.java:938)
	at android.bluetooth.BluetoothSocket.connect(BluetoothSocket.java:502)
	at org.xcontest.XCTrack.sensors.r.e(SourceFile:70)
	at org.xcontest.XCTrack.sensors.r.run(SourceFile:23)
	at java.lang.Thread.run(Thread.java:1119)
2025-09-07 07:05:00.770 ERROR [BluetoothWorker] Bluetooth connection failed: 
	EXCEPTION: java.io.IOException: read failed, socket might closed or timeout, read ret: -1
java.io.IOException: read failed, socket might closed or timeout, read ret: -1
	at android.bluetooth.BluetoothSocket.readAll(BluetoothSocket.java:924)
	at android.bluetooth.BluetoothSocket.waitSocketSignal(BluetoothSocket.java:877)
	at android.bluetooth.BluetoothSocket.connect(BluetoothSocket.java:517)
	at org.xcontest.XCTrack.sensors.r.e(SourceFile:152)
	at org.xcontest.XCTrack.sensors.r.run(SourceFile:23)
	at java.lang.Thread.run(Thread.java:1119)
2025-09-07 07:05:13.483 ERROR [BluetoothWorker] Bluetooth exception while connecting
	EXCEPTION: java.io.IOException: read failed, socket might closed or timeout, read ret: -1
java.io.IOException: read failed, socket might closed or timeout, read ret: -1
	at android.bluetooth.BluetoothSocket.readAll(BluetoothSocket.java:924)
	at android.bluetooth.BluetoothSocket.readInt(BluetoothSocket.java:938)
	at android.bluetooth.BluetoothSocket.connect(BluetoothSocket.java:502)
	at org.xcontest.XCTrack.sensors.r.e(SourceFile:70)
	at org.xcontest.XCTrack.sensors.r.run(SourceFile:23)
	at java.lang.Thread.run(Thread.java:1119)
2025-09-07 07:05:21.195 ERROR [BluetoothWorker] Bluetooth connection failed: 
	EXCEPTION: java.io.IOException: read failed, socket might closed or timeout, read ret: -1
java.io.IOException: read failed, socket might closed or timeout, read ret: -1
	at android.bluetooth.BluetoothSocket.readAll(BluetoothSocket.java:924)
	at android.bluetooth.BluetoothSocket.waitSocketSignal(BluetoothSocket.java:877)
	at android.bluetooth.BluetoothSocket.connect(BluetoothSocket.java:517)
	at org.xcontest.XCTrack.sensors.r.e(SourceFile:152)
	at org.xcontest.XCTrack.sensors.r.run(SourceFile:23)
	at java.lang.Thread.run(Thread.java:1119)
2025-09-07 07:05:33.908 ERROR [BluetoothWorker] Bluetooth exception while connecting
	EXCEPTION: java.io.IOException: read failed, socket might closed or timeout, read ret: -1
java.io.IOException: read failed, socket might closed or timeout, read ret: -1
	at android.bluetooth.BluetoothSocket.readAll(BluetoothSocket.java:924)
	at android.bluetooth.BluetoothSocket.readInt(BluetoothSocket.java:938)
	at android.bluetooth.BluetoothSocket.connect(BluetoothSocket.java:502)
	at org.xcontest.XCTrack.sensors.r.e(SourceFile:70)
	at org.xcontest.XCTrack.sensors.r.run(SourceFile:23)
	at java.lang.Thread.run(Thread.java:1119)
2025-09-07 07:05:41.620 ERROR [BluetoothWorker] Bluetooth connection failed: 
	EXCEPTION: java.io.IOException: read failed, socket might closed or timeout, read ret: -1
java.io.IOException: read failed, socket might closed or timeout, read ret: -1
	at android.bluetooth.BluetoothSocket.readAll(BluetoothSocket.java:924)
	at android.bluetooth.BluetoothSocket.waitSocketSignal(BluetoothSocket.java:877)
	at android.bluetooth.BluetoothSocket.connect(BluetoothSocket.java:517)
	at org.xcontest.XCTrack.sensors.r.e(SourceFile:152)
	at org.xcontest.XCTrack.sensors.r.run(SourceFile:23)
	at java.lang.Thread.run(Thread.java:1119)
2025-09-07 07:05:54.333 ERROR [BluetoothWorker] Bluetooth exception while connecting
	EXCEPTION: java.io.IOException: read failed, socket might closed or timeout, read ret: -1
java.io.IOException: read failed, socket might closed or timeout, read ret: -1
	at android.bluetooth.BluetoothSocket.readAll(BluetoothSocket.java:924)
	at android.bluetooth.BluetoothSocket.readInt(BluetoothSocket.java:938)
	at android.bluetooth.BluetoothSocket.connect(BluetoothSocket.java:502)
	at org.xcontest.XCTrack.sensors.r.e(SourceFile:70)
	at org.xcontest.XCTrack.sensors.r.run(SourceFile:23)
	at java.lang.Thread.run(Thread.java:1119)
2025-09-07 07:06:02.047 ERROR [BluetoothWorker] Bluetooth connection failed: 
	EXCEPTION: java.io.IOException: read failed, socket might closed or timeout, read ret: -1
java.io.IOException: read failed, socket might closed or timeout, read ret: -1
	at android.bluetooth.BluetoothSocket.readAll(BluetoothSocket.java:924)
	at android.bluetooth.BluetoothSocket.waitSocketSignal(BluetoothSocket.java:877)
	at android.bluetooth.BluetoothSocket.connect(BluetoothSocket.java:517)
	at org.xcontest.XCTrack.sensors.r.e(SourceFile:152)
	at org.xcontest.XCTrack.sensors.r.run(SourceFile:23)
	at java.lang.Thread.run(Thread.java:1119)
2025-09-07 07:06:14.761 ERROR [BluetoothWorker] Bluetooth exception while connecting
	EXCEPTION: java.io.IOException: read failed, socket might closed or timeout, read ret: -1
java.io.IOException: read failed, socket might closed or timeout, read ret: -1
	at android.bluetooth.BluetoothSocket.readAll(BluetoothSocket.java:924)
	at android.bluetooth.BluetoothSocket.readInt(BluetoothSocket.java:938)
	at android.bluetooth.BluetoothSocket.connect(BluetoothSocket.java:502)
	at org.xcontest.XCTrack.sensors.r.e(SourceFile:70)
	at org.xcontest.XCTrack.sensors.r.run(SourceFile:23)
	at java.lang.Thread.run(Thread.java:1119)
2025-09-07 07:06:22.471 ERROR [BluetoothWorker] Bluetooth connection failed: 
	EXCEPTION: java.io.IOException: read failed, socket might closed or timeout, read ret: -1
java.io.IOException: read failed, socket might closed or timeout, read ret: -1
	at android.bluetooth.BluetoothSocket.readAll(BluetoothSocket.java:924)
	at android.bluetooth.BluetoothSocket.waitSocketSignal(BluetoothSocket.java:877)
	at android.bluetooth.BluetoothSocket.connect(BluetoothSocket.java:517)
	at org.xcontest.XCTrack.sensors.r.e(SourceFile:152)
	at org.xcontest.XCTrack.sensors.r.run(SourceFile:23)
	at java.lang.Thread.run(Thread.java:1119)
2025-09-07 07:06:35.186 ERROR [BluetoothWorker] Bluetooth exception while connecting
	EXCEPTION: java.io.IOException: read failed, socket might closed or timeout, read ret: -1
java.io.IOException: read failed, socket might closed or timeout, read ret: -1
	at android.bluetooth.BluetoothSocket.readAll(BluetoothSocket.java:924)
	at android.bluetooth.BluetoothSocket.readInt(BluetoothSocket.java:938)
	at android.bluetooth.BluetoothSocket.connect(BluetoothSocket.java:502)
	at org.xcontest.XCTrack.sensors.r.e(SourceFile:70)
	at org.xcontest.XCTrack.sensors.r.run(SourceFile:23)
	at java.lang.Thread.run(Thread.java:1119)
2025-09-07 07:06:42.899 ERROR [BluetoothWorker] Bluetooth connection failed: 
	EXCEPTION: java.io.IOException: read failed, socket might closed or timeout, read ret: -1
java.io.IOException: read failed, socket might closed or timeout, read ret: -1
	at android.bluetooth.BluetoothSocket.readAll(BluetoothSocket.java:924)
	at android.bluetooth.BluetoothSocket.waitSocketSignal(BluetoothSocket.java:877)
	at android.bluetooth.BluetoothSocket.connect(BluetoothSocket.java:517)
	at org.xcontest.XCTrack.sensors.r.e(SourceFile:152)
	at org.xcontest.XCTrack.sensors.r.run(SourceFile:23)
	at java.lang.Thread.run(Thread.java:1119)
2025-09-07 07:06:55.612 ERROR [BluetoothWorker] Bluetooth exception while connecting
	EXCEPTION: java.io.IOException: read failed, socket might closed or timeout, read ret: -1
java.io.IOException: read failed, socket might closed or timeout, read ret: -1
	at android.bluetooth.BluetoothSocket.readAll(BluetoothSocket.java:924)
	at android.bluetooth.BluetoothSocket.readInt(BluetoothSocket.java:938)
	at android.bluetooth.BluetoothSocket.connect(BluetoothSocket.java:502)
	at org.xcontest.XCTrack.sensors.r.e(SourceFile:70)
	at org.xcontest.XCTrack.sensors.r.run(SourceFile:23)
	at java.lang.Thread.run(Thread.java:1119)
2025-09-07 07:07:03.320 ERROR [BluetoothWorker] Bluetooth connection failed: 
	EXCEPTION: java.io.IOException: read failed, socket might closed or timeout, read ret: -1
java.io.IOException: read failed, socket might closed or timeout, read ret: -1
	at android.bluetooth.BluetoothSocket.readAll(BluetoothSocket.java:924)
	at android.bluetooth.BluetoothSocket.waitSocketSignal(BluetoothSocket.java:877)
	at android.bluetooth.BluetoothSocket.connect(BluetoothSocket.java:517)
	at org.xcontest.XCTrack.sensors.r.e(SourceFile:152)
	at org.xcontest.XCTrack.sensors.r.run(SourceFile:23)
	at java.lang.Thread.run(Thread.java:1119)
2025-09-07 07:07:16.029 ERROR [BluetoothWorker] Bluetooth exception while connecting
	EXCEPTION: java.io.IOException: read failed, socket might closed or timeout, read ret: -1
java.io.IOException: read failed, socket might closed or timeout, read ret: -1
	at android.bluetooth.BluetoothSocket.readAll(BluetoothSocket.java:924)
	at android.bluetooth.BluetoothSocket.readInt(BluetoothSocket.java:938)
	at android.bluetooth.BluetoothSocket.connect(BluetoothSocket.java:502)
	at org.xcontest.XCTrack.sensors.r.e(SourceFile:70)
	at org.xcontest.XCTrack.sensors.r.run(SourceFile:23)
	at java.lang.Thread.run(Thread.java:1119)
2025-09-07 07:07:23.740 ERROR [BluetoothWorker] Bluetooth connection failed: 
	EXCEPTION: java.io.IOException: read failed, socket might closed or timeout, read ret: -1
java.io.IOException: read failed, socket might closed or timeout, read ret: -1
	at android.bluetooth.BluetoothSocket.readAll(BluetoothSocket.java:924)
	at android.bluetooth.BluetoothSocket.waitSocketSignal(BluetoothSocket.java:877)
	at android.bluetooth.BluetoothSocket.connect(BluetoothSocket.java:517)
	at org.xcontest.XCTrack.sensors.r.e(SourceFile:152)
	at org.xcontest.XCTrack.sensors.r.run(SourceFile:23)
	at java.lang.Thread.run(Thread.java:1119)
2025-09-07 07:07:36.449 ERROR [BluetoothWorker] Bluetooth exception while connecting
	EXCEPTION: java.io.IOException: read failed, socket might closed or timeout, read ret: -1
java.io.IOException: read failed, socket might closed or timeout, read ret: -1
	at android.bluetooth.BluetoothSocket.readAll(BluetoothSocket.java:924)
	at android.bluetooth.BluetoothSocket.readInt(BluetoothSocket.java:938)
	at android.bluetooth.BluetoothSocket.connect(BluetoothSocket.java:502)
	at org.xcontest.XCTrack.sensors.r.e(SourceFile:70)
	at org.xcontest.XCTrack.sensors.r.run(SourceFile:23)
	at java.lang.Thread.run(Thread.java:1119)
2025-09-07 07:07:44.160 ERROR [BluetoothWorker] Bluetooth connection failed: 
	EXCEPTION: java.io.IOException: read failed, socket might closed or timeout, read ret: -1
java.io.IOException: read failed, socket might closed or timeout, read ret: -1
	at android.bluetooth.BluetoothSocket.readAll(BluetoothSocket.java:924)
	at android.bluetooth.BluetoothSocket.waitSocketSignal(BluetoothSocket.java:877)
	at android.bluetooth.BluetoothSocket.connect(BluetoothSocket.java:517)
	at org.xcontest.XCTrack.sensors.r.e(SourceFile:152)
	at org.xcontest.XCTrack.sensors.r.run(SourceFile:23)
	at java.lang.Thread.run(Thread.java:1119)
2025-09-07 07:07:56.867 ERROR [BluetoothWorker] Bluetooth exception while connecting
	EXCEPTION: java.io.IOException: read failed, socket might closed or timeout, read ret: -1
java.io.IOException: read failed, socket might closed or timeout, read ret: -1
	at android.bluetooth.BluetoothSocket.readAll(BluetoothSocket.java:924)
	at android.bluetooth.BluetoothSocket.readInt(BluetoothSocket.java:938)
	at android.bluetooth.BluetoothSocket.connect(BluetoothSocket.java:502)
	at org.xcontest.XCTrack.sensors.r.e(SourceFile:70)
	at org.xcontest.XCTrack.sensors.r.run(SourceFile:23)
	at java.lang.Thread.run(Thread.java:1119)
2025-09-07 07:08:04.594 ERROR [BluetoothWorker] Bluetooth connection failed: 
	EXCEPTION: java.io.IOException: read failed, socket might closed or timeout, read ret: -1
java.io.IOException: read failed, socket might closed or timeout, read ret: -1
	at android.bluetooth.BluetoothSocket.readAll(BluetoothSocket.java:924)
	at android.bluetooth.BluetoothSocket.waitSocketSignal(BluetoothSocket.java:877)
	at android.bluetooth.BluetoothSocket.connect(BluetoothSocket.java:517)
	at org.xcontest.XCTrack.sensors.r.e(SourceFile:152)
	at org.xcontest.XCTrack.sensors.r.run(SourceFile:23)
	at java.lang.Thread.run(Thread.java:1119)
2025-09-07 07:08:17.306 ERROR [BluetoothWorker] Bluetooth exception while connecting
	EXCEPTION: java.io.IOException: read failed, socket might closed or timeout, read ret: -1
java.io.IOException: read failed, socket might closed or timeout, read ret: -1
	at android.bluetooth.BluetoothSocket.readAll(BluetoothSocket.java:924)
	at android.bluetooth.BluetoothSocket.readInt(BluetoothSocket.java:938)
	at android.bluetooth.BluetoothSocket.connect(BluetoothSocket.java:502)
	at org.xcontest.XCTrack.sensors.r.e(SourceFile:70)
	at org.xcontest.XCTrack.sensors.r.run(SourceFile:23)
	at java.lang.Thread.run(Thread.java:1119)
2025-09-07 07:08:25.013 ERROR [BluetoothWorker] Bluetooth connection failed: 
	EXCEPTION: java.io.IOException: read failed, socket might closed or timeout, read ret: -1
java.io.IOException: read failed, socket might closed or timeout, read ret: -1
	at android.bluetooth.BluetoothSocket.readAll(BluetoothSocket.java:924)
	at android.bluetooth.BluetoothSocket.waitSocketSignal(BluetoothSocket.java:877)
	at android.bluetooth.BluetoothSocket.connect(BluetoothSocket.java:517)
	at org.xcontest.XCTrack.sensors.r.e(SourceFile:152)
	at org.xcontest.XCTrack.sensors.r.run(SourceFile:23)
	at java.lang.Thread.run(Thread.java:1119)
2025-09-07 07:08:37.721 ERROR [BluetoothWorker] Bluetooth exception while connecting
	EXCEPTION: java.io.IOException: read failed, socket might closed or timeout, read ret: -1
java.io.IOException: read failed, socket might closed or timeout, read ret: -1
	at android.bluetooth.BluetoothSocket.readAll(BluetoothSocket.java:924)
	at android.bluetooth.BluetoothSocket.readInt(BluetoothSocket.java:938)
	at android.bluetooth.BluetoothSocket.connect(BluetoothSocket.java:502)
	at org.xcontest.XCTrack.sensors.r.e(SourceFile:70)
	at org.xcontest.XCTrack.sensors.r.run(SourceFile:23)
	at java.lang.Thread.run(Thread.java:1119)
2025-09-07 07:08:45.430 ERROR [BluetoothWorker] Bluetooth connection failed: 
	EXCEPTION: java.io.IOException: read failed, socket might closed or timeout, read ret: -1
java.io.IOException: read failed, socket might closed or timeout, read ret: -1
	at android.bluetooth.BluetoothSocket.readAll(BluetoothSocket.java:924)
	at android.bluetooth.BluetoothSocket.waitSocketSignal(BluetoothSocket.java:877)
	at android.bluetooth.BluetoothSocket.connect(BluetoothSocket.java:517)
	at org.xcontest.XCTrack.sensors.r.e(SourceFile:152)
	at org.xcontest.XCTrack.sensors.r.run(SourceFile:23)
	at java.lang.Thread.run(Thread.java:1119)
2025-09-07 15:43:48.916 INFO [APP] STARTED XCTrack 0.9.12.3 [91230] on "TCL T803D 14" sdk=34, HW_acc=true, uid=C19rKpCNtuRci4J0gHDDRvxWRvuz
2025-09-07 15:43:59.380 ERROR [BluetoothWorker] Bluetooth exception while connecting
	EXCEPTION: java.io.IOException: read failed, socket might closed or timeout, read ret: -1
java.io.IOException: read failed, socket might closed or timeout, read ret: -1
	at android.bluetooth.BluetoothSocket.readAll(BluetoothSocket.java:924)
	at android.bluetooth.BluetoothSocket.readInt(BluetoothSocket.java:938)
	at android.bluetooth.BluetoothSocket.connect(BluetoothSocket.java:502)
	at org.xcontest.XCTrack.sensors.r.e(SourceFile:70)
	at org.xcontest.XCTrack.sensors.r.run(SourceFile:23)
	at java.lang.Thread.run(Thread.java:1119)
2025-09-07 15:44:07.084 ERROR [BluetoothWorker] Bluetooth connection failed: 
	EXCEPTION: java.io.IOException: read failed, socket might closed or timeout, read ret: -1
java.io.IOException: read failed, socket might closed or timeout, read ret: -1
	at android.bluetooth.BluetoothSocket.readAll(BluetoothSocket.java:924)
	at android.bluetooth.BluetoothSocket.waitSocketSignal(BluetoothSocket.java:877)
	at android.bluetooth.BluetoothSocket.connect(BluetoothSocket.java:517)
	at org.xcontest.XCTrack.sensors.r.e(SourceFile:152)
	at org.xcontest.XCTrack.sensors.r.run(SourceFile:23)
	at java.lang.Thread.run(Thread.java:1119)
2025-09-07 15:44:19.794 ERROR [BluetoothWorker] Bluetooth exception while connecting
	EXCEPTION: java.io.IOException: read failed, socket might closed or timeout, read ret: -1
java.io.IOException: read failed, socket might closed or timeout, read ret: -1
	at android.bluetooth.BluetoothSocket.readAll(BluetoothSocket.java:924)
	at android.bluetooth.BluetoothSocket.readInt(BluetoothSocket.java:938)
	at android.bluetooth.BluetoothSocket.connect(BluetoothSocket.java:502)
	at org.xcontest.XCTrack.sensors.r.e(SourceFile:70)
	at org.xcontest.XCTrack.sensors.r.run(SourceFile:23)
	at java.lang.Thread.run(Thread.java:1119)
2025-09-07 16:10:39.728 INFO [APP] STARTED XCTrack 0.9.12.3 [91230] on "TCL T803D 14" sdk=34, HW_acc=true, uid=C19rKpCNtuRci4J0gHDDRvxWRvuz
2025-09-07 16:10:49.596 ERROR [BluetoothWorker] Bluetooth exception while connecting
	EXCEPTION: java.io.IOException: read failed, socket might closed or timeout, read ret: -1
java.io.IOException: read failed, socket might closed or timeout, read ret: -1
	at android.bluetooth.BluetoothSocket.readAll(BluetoothSocket.java:924)
	at android.bluetooth.BluetoothSocket.readInt(BluetoothSocket.java:938)
	at android.bluetooth.BluetoothSocket.connect(BluetoothSocket.java:502)
	at org.xcontest.XCTrack.sensors.r.e(SourceFile:70)
	at org.xcontest.XCTrack.sensors.r.run(SourceFile:23)
	at java.lang.Thread.run(Thread.java:1119)
2025-09-07 16:10:57.310 ERROR [BluetoothWorker] Bluetooth connection failed: 
	EXCEPTION: java.io.IOException: read failed, socket might closed or timeout, read ret: -1
java.io.IOException: read failed, socket might closed or timeout, read ret: -1
	at android.bluetooth.BluetoothSocket.readAll(BluetoothSocket.java:924)
	at android.bluetooth.BluetoothSocket.waitSocketSignal(BluetoothSocket.java:877)
	at android.bluetooth.BluetoothSocket.connect(BluetoothSocket.java:517)
	at org.xcontest.XCTrack.sensors.r.e(SourceFile:152)
	at org.xcontest.XCTrack.sensors.r.run(SourceFile:23)
	at java.lang.Thread.run(Thread.java:1119)
2025-09-07 16:11:10.020 ERROR [BluetoothWorker] Bluetooth exception while connecting
	EXCEPTION: java.io.IOException: read failed, socket might closed or timeout, read ret: -1
java.io.IOException: read failed, socket might closed or timeout, read ret: -1
	at android.bluetooth.BluetoothSocket.readAll(BluetoothSocket.java:924)
	at android.bluetooth.BluetoothSocket.readInt(BluetoothSocket.java:938)
	at android.bluetooth.BluetoothSocket.connect(BluetoothSocket.java:502)
	at org.xcontest.XCTrack.sensors.r.e(SourceFile:70)
	at org.xcontest.XCTrack.sensors.r.run(SourceFile:23)
	at java.lang.Thread.run(Thread.java:1119)
2025-09-07 16:11:17.727 ERROR [BluetoothWorker] Bluetooth connection failed: 
	EXCEPTION: java.io.IOException: read failed, socket might closed or timeout, read ret: -1
java.io.IOException: read failed, socket might closed or timeout, read ret: -1
	at android.bluetooth.BluetoothSocket.readAll(BluetoothSocket.java:924)
	at android.bluetooth.BluetoothSocket.waitSocketSignal(BluetoothSocket.java:877)
	at android.bluetooth.BluetoothSocket.connect(BluetoothSocket.java:517)
	at org.xcontest.XCTrack.sensors.r.e(SourceFile:152)
	at org.xcontest.XCTrack.sensors.r.run(SourceFile:23)
	at java.lang.Thread.run(Thread.java:1119)
2025-09-07 16:11:30.433 ERROR [BluetoothWorker] Bluetooth exception while connecting
	EXCEPTION: java.io.IOException: read failed, socket might closed or timeout, read ret: -1
java.io.IOException: read failed, socket might closed or timeout, read ret: -1
	at android.bluetooth.BluetoothSocket.readAll(BluetoothSocket.java:924)
	at android.bluetooth.BluetoothSocket.readInt(BluetoothSocket.java:938)
	at android.bluetooth.BluetoothSocket.connect(BluetoothSocket.java:502)
	at org.xcontest.XCTrack.sensors.r.e(SourceFile:70)
	at org.xcontest.XCTrack.sensors.r.run(SourceFile:23)
	at java.lang.Thread.run(Thread.java:1119)
2025-09-07 16:11:38.145 ERROR [BluetoothWorker] Bluetooth connection failed: 
	EXCEPTION: java.io.IOException: read failed, socket might closed or timeout, read ret: -1
java.io.IOException: read failed, socket might closed or timeout, read ret: -1
	at android.bluetooth.BluetoothSocket.readAll(BluetoothSocket.java:924)
	at android.bluetooth.BluetoothSocket.waitSocketSignal(BluetoothSocket.java:877)
	at android.bluetooth.BluetoothSocket.connect(BluetoothSocket.java:517)
	at org.xcontest.XCTrack.sensors.r.e(SourceFile:152)
	at org.xcontest.XCTrack.sensors.r.run(SourceFile:23)
	at java.lang.Thread.run(Thread.java:1119)
2025-09-07 16:11:50.857 ERROR [BluetoothWorker] Bluetooth exception while connecting
	EXCEPTION: java.io.IOException: read failed, socket might closed or timeout, read ret: -1
java.io.IOException: read failed, socket might closed or timeout, read ret: -1
	at android.bluetooth.BluetoothSocket.readAll(BluetoothSocket.java:924)
	at android.bluetooth.BluetoothSocket.readInt(BluetoothSocket.java:938)
	at android.bluetooth.BluetoothSocket.connect(BluetoothSocket.java:502)
	at org.xcontest.XCTrack.sensors.r.e(SourceFile:70)
	at org.xcontest.XCTrack.sensors.r.run(SourceFile:23)
	at java.lang.Thread.run(Thread.java:1119)
2025-09-07 16:11:58.564 ERROR [BluetoothWorker] Bluetooth connection failed: 
	EXCEPTION: java.io.IOException: read failed, socket might closed or timeout, read ret: -1
java.io.IOException: read failed, socket might closed or timeout, read ret: -1
	at android.bluetooth.BluetoothSocket.readAll(BluetoothSocket.java:924)
	at android.bluetooth.BluetoothSocket.waitSocketSignal(BluetoothSocket.java:877)
	at android.bluetooth.BluetoothSocket.connect(BluetoothSocket.java:517)
	at org.xcontest.XCTrack.sensors.r.e(SourceFile:152)
	at org.xcontest.XCTrack.sensors.r.run(SourceFile:23)
	at java.lang.Thread.run(Thread.java:1119)
2025-09-07 16:12:11.263 ERROR [BluetoothWorker] Bluetooth exception while connecting
	EXCEPTION: java.io.IOException: read failed, socket might closed or timeout, read ret: -1
java.io.IOException: read failed, socket might closed or timeout, read ret: -1
	at android.bluetooth.BluetoothSocket.readAll(BluetoothSocket.java:924)
	at android.bluetooth.BluetoothSocket.readInt(BluetoothSocket.java:938)
	at android.bluetooth.BluetoothSocket.connect(BluetoothSocket.java:502)
	at org.xcontest.XCTrack.sensors.r.e(SourceFile:70)
	at org.xcontest.XCTrack.sensors.r.run(SourceFile:23)
	at java.lang.Thread.run(Thread.java:1119)
2025-09-07 16:12:18.967 ERROR [BluetoothWorker] Bluetooth connection failed: 
	EXCEPTION: java.io.IOException: read failed, socket might closed or timeout, read ret: -1
java.io.IOException: read failed, socket might closed or timeout, read ret: -1
	at android.bluetooth.BluetoothSocket.readAll(BluetoothSocket.java:924)
	at android.bluetooth.BluetoothSocket.waitSocketSignal(BluetoothSocket.java:877)
	at android.bluetooth.BluetoothSocket.connect(BluetoothSocket.java:517)
	at org.xcontest.XCTrack.sensors.r.e(SourceFile:152)
	at org.xcontest.XCTrack.sensors.r.run(SourceFile:23)
	at java.lang.Thread.run(Thread.java:1119)
2025-09-07 16:12:31.681 ERROR [BluetoothWorker] Bluetooth exception while connecting
	EXCEPTION: java.io.IOException: read failed, socket might closed or timeout, read ret: -1
java.io.IOException: read failed, socket might closed or timeout, read ret: -1
	at android.bluetooth.BluetoothSocket.readAll(BluetoothSocket.java:924)
	at android.bluetooth.BluetoothSocket.readInt(BluetoothSocket.java:938)
	at android.bluetooth.BluetoothSocket.connect(BluetoothSocket.java:502)
	at org.xcontest.XCTrack.sensors.r.e(SourceFile:70)
	at org.xcontest.XCTrack.sensors.r.run(SourceFile:23)
	at java.lang.Thread.run(Thread.java:1119)
2025-09-07 16:12:39.380 ERROR [BluetoothWorker] Bluetooth connection failed: 
	EXCEPTION: java.io.IOException: read failed, socket might closed or timeout, read ret: -1
java.io.IOException: read failed, socket might closed or timeout, read ret: -1
	at android.bluetooth.BluetoothSocket.readAll(BluetoothSocket.java:924)
	at android.bluetooth.BluetoothSocket.waitSocketSignal(BluetoothSocket.java:877)
	at android.bluetooth.BluetoothSocket.connect(BluetoothSocket.java:517)
	at org.xcontest.XCTrack.sensors.r.e(SourceFile:152)
	at org.xcontest.XCTrack.sensors.r.run(SourceFile:23)
	at java.lang.Thread.run(Thread.java:1119)
2025-09-07 16:12:52.097 ERROR [BluetoothWorker] Bluetooth exception while connecting
	EXCEPTION: java.io.IOException: read failed, socket might closed or timeout, read ret: -1
java.io.IOException: read failed, socket might closed or timeout, read ret: -1
	at android.bluetooth.BluetoothSocket.readAll(BluetoothSocket.java:924)
	at android.bluetooth.BluetoothSocket.readInt(BluetoothSocket.java:938)
	at android.bluetooth.BluetoothSocket.connect(BluetoothSocket.java:502)
	at org.xcontest.XCTrack.sensors.r.e(SourceFile:70)
	at org.xcontest.XCTrack.sensors.r.run(SourceFile:23)
	at java.lang.Thread.run(Thread.java:1119)
2025-09-07 16:12:59.810 ERROR [BluetoothWorker] Bluetooth connection failed: 
	EXCEPTION: java.io.IOException: read failed, socket might closed or timeout, read ret: -1
java.io.IOException: read failed, socket might closed or timeout, read ret: -1
	at android.bluetooth.BluetoothSocket.readAll(BluetoothSocket.java:924)
	at android.bluetooth.BluetoothSocket.waitSocketSignal(BluetoothSocket.java:877)
	at android.bluetooth.BluetoothSocket.connect(BluetoothSocket.java:517)
	at org.xcontest.XCTrack.sensors.r.e(SourceFile:152)
	at org.xcontest.XCTrack.sensors.r.run(SourceFile:23)
	at java.lang.Thread.run(Thread.java:1119)
2025-09-07 16:13:12.522 ERROR [BluetoothWorker] Bluetooth exception while connecting
	EXCEPTION: java.io.IOException: read failed, socket might closed or timeout, read ret: -1
java.io.IOException: read failed, socket might closed or timeout, read ret: -1
	at android.bluetooth.BluetoothSocket.readAll(BluetoothSocket.java:924)
	at android.bluetooth.BluetoothSocket.readInt(BluetoothSocket.java:938)
	at android.bluetooth.BluetoothSocket.connect(BluetoothSocket.java:502)
	at org.xcontest.XCTrack.sensors.r.e(SourceFile:70)
	at org.xcontest.XCTrack.sensors.r.run(SourceFile:23)
	at java.lang.Thread.run(Thread.java:1119)
2025-09-07 16:13:20.232 ERROR [BluetoothWorker] Bluetooth connection failed: 
	EXCEPTION: java.io.IOException: read failed, socket might closed or timeout, read ret: -1
java.io.IOException: read failed, socket might closed or timeout, read ret: -1
	at android.bluetooth.BluetoothSocket.readAll(BluetoothSocket.java:924)
	at android.bluetooth.BluetoothSocket.waitSocketSignal(BluetoothSocket.java:877)
	at android.bluetooth.BluetoothSocket.connect(BluetoothSocket.java:517)
	at org.xcontest.XCTrack.sensors.r.e(SourceFile:152)
	at org.xcontest.XCTrack.sensors.r.run(SourceFile:23)
	at java.lang.Thread.run(Thread.java:1119)
2025-09-07 16:13:32.945 ERROR [BluetoothWorker] Bluetooth exception while connecting
	EXCEPTION: java.io.IOException: read failed, socket might closed or timeout, read ret: -1
java.io.IOException: read failed, socket might closed or timeout, read ret: -1
	at android.bluetooth.BluetoothSocket.readAll(BluetoothSocket.java:924)
	at android.bluetooth.BluetoothSocket.readInt(BluetoothSocket.java:938)
	at android.bluetooth.BluetoothSocket.connect(BluetoothSocket.java:502)
	at org.xcontest.XCTrack.sensors.r.e(SourceFile:70)
	at org.xcontest.XCTrack.sensors.r.run(SourceFile:23)
	at java.lang.Thread.run(Thread.java:1119)
2025-09-07 16:13:45.466 ERROR [BluetoothWorker] Bluetooth exception while connecting
	EXCEPTION: java.io.IOException: read failed, socket might closed or timeout, read ret: -1
java.io.IOException: read failed, socket might closed or timeout, read ret: -1
	at android.bluetooth.BluetoothSocket.readAll(BluetoothSocket.java:924)
	at android.bluetooth.BluetoothSocket.readInt(BluetoothSocket.java:938)
	at android.bluetooth.BluetoothSocket.connect(BluetoothSocket.java:502)
	at org.xcontest.XCTrack.sensors.r.e(SourceFile:70)
	at org.xcontest.XCTrack.sensors.r.run(SourceFile:23)
	at java.lang.Thread.run(Thread.java:1119)
2025-09-07 17:19:17.465 INFO [APP] STARTED XCTrack 0.9.12.3 [91230] on "TCL T803D 14" sdk=34, HW_acc=true, uid=C19rKpCNtuRci4J0gHDDRvxWRvuz
2025-09-07 17:20:45.487 ERROR [BluetoothWorker] Bluetooth exception while connecting
	EXCEPTION: java.io.IOException: read failed, socket might closed or timeout, read ret: -1
java.io.IOException: read failed, socket might closed or timeout, read ret: -1
	at android.bluetooth.BluetoothSocket.readAll(BluetoothSocket.java:924)
	at android.bluetooth.BluetoothSocket.waitSocketSignal(BluetoothSocket.java:877)
	at android.bluetooth.BluetoothSocket.connect(BluetoothSocket.java:517)
	at org.xcontest.XCTrack.sensors.r.e(SourceFile:70)
	at org.xcontest.XCTrack.sensors.r.run(SourceFile:23)
	at java.lang.Thread.run(Thread.java:1119)
2025-09-07 17:20:45.498 ERROR [BluetoothWorker] Bluetooth error while reading
	EXCEPTION: java.io.IOException: bt socket closed, read return: -1
java.io.IOException: bt socket closed, read return: -1
	at android.bluetooth.BluetoothSocket.read(BluetoothSocket.java:677)
	at android.bluetooth.BluetoothInputStream.read(BluetoothInputStream.java:91)
	at sun.nio.cs.StreamDecoder.readBytes(StreamDecoder.java:291)
	at sun.nio.cs.StreamDecoder.implRead(StreamDecoder.java:355)
	at sun.nio.cs.StreamDecoder.read(StreamDecoder.java:181)
	at java.io.InputStreamReader.read(InputStreamReader.java:177)
	at java.io.BufferedReader.fill(BufferedReader.java:172)
	at java.io.BufferedReader.readLine(BufferedReader.java:337)
	at java.io.BufferedReader.readLine(BufferedReader.java:403)
	at org.xcontest.XCTrack.sensors.r.run(SourceFile:42)
	at java.lang.Thread.run(Thread.java:1119)
2025-09-07 17:25:07.141 INFO [MainActivity] Preferences changed (Testing.Log), reloading.
2025-09-07 17:25:07.235 DEBUG [SensorParser] GPGGA: no date from RMC line, bailing out
2025-09-07 17:25:07.554 INFO [MainActivity] Preferences changed (Testing.ExternalSensorLog), reloading.
2025-09-07 17:25:07.738 DEBUG [SensorParser] GPGGA: no date from RMC line, bailing out
2025-09-07 17:25:08.007 DEBUG [BluetoothWorker] BT: line:>$LK8EX1,101292,1,257,34,0*00<
2025-09-07 17:25:08.040 DEBUG [BluetoothWorker] BT: line:>$LK8EX1,101313,0,18,34,1*31<
2025-09-07 17:25:08.228 DEBUG [SensorParser] GPGGA: no date from RMC line, bailing out
2025-09-07 17:25:08.248 DEBUG [BluetoothWorker] BT: line:>$LK8EX1,101307,0,94,34,0*31<
2025-09-07 17:25:08.430 DEBUG [BluetoothWorker] BT: line:>$LK8EX1,101314,0,0,34,0*0E<
2025-09-07 17:25:08.435 INFO [MainActivity] Preferences changed (Testing.InternalSensorLog), reloading.
2025-09-07 17:25:08.498 INFO [onSensorChange] INTERNAL: baro 686669039, 101165.0
2025-09-07 17:25:08.598 INFO [onSensorChange] INTERNAL: baro 686669139, 101165.0
2025-09-07 17:25:08.619 DEBUG [BluetoothWorker] BT: line:>$LK8EX1,101325,0,-140,34,0*24<
2025-09-07 17:25:08.698 INFO [onSensorChange] INTERNAL: baro 686669239, 101165.0
2025-09-07 17:25:08.798 INFO [onSensorChange] INTERNAL: baro 686669339, 101165.0
2025-09-07 17:25:08.840 DEBUG [BluetoothWorker] BT: line:>$LK8EX1,101300,1,162,34,0*0F<
2025-09-07 17:25:08.898 INFO [onSensorChange] INTERNAL: baro 686669439, 101165.0
2025-09-07 17:25:08.997 INFO [onSensorChange] INTERNAL: baro 686669539, 101165.0
2025-09-07 17:25:09.044 DEBUG [BluetoothWorker] BT: line:>$LK8EX1,101319,1,-91,34,0*17<
2025-09-07 17:25:09.097 INFO [onSensorChange] INTERNAL: baro 686669639, 101166.0
2025-09-07 17:25:09.197 INFO [onSensorChange] INTERNAL: baro 686669739, 101165.0
2025-09-07 17:25:09.228 DEBUG [onNmeaReceived] INTERNAL: line:>$GNGGA,172510.000,4912.6878,N,12305.3949,W,0,0,,16.8,M,-16.8,M,,*5F<
2025-09-07 17:25:09.229 DEBUG [SensorParser] GPGGA: no date from RMC line, bailing out
2025-09-07 17:25:09.231 DEBUG [onNmeaReceived] INTERNAL: line:>$GNGSA,A,1,,,,,,,,,,,,,99.99,99.99,1.00,1*02<
2025-09-07 17:25:09.233 DEBUG [onNmeaReceived] INTERNAL: line:>$GNGSA,A,1,,,,,,,,,,,,,99.99,99.99,1.00,2*01<
2025-09-07 17:25:09.237 DEBUG [onNmeaReceived] INTERNAL: line:>$GNGSA,A,1,,,,,,,,,,,,,99.99,99.99,1.00,3*00<
2025-09-07 17:25:09.238 DEBUG [onNmeaReceived] INTERNAL: line:>$GNGSA,A,1,,,,,,,,,,,,,99.99,99.99,1.00,4*07<
2025-09-07 17:25:09.239 DEBUG [onNmeaReceived] INTERNAL: line:>$GNGSA,A,1,,,,,,,,,,,,,99.99,99.99,1.00,5*06<
2025-09-07 17:25:09.242 DEBUG [onNmeaReceived] INTERNAL: line:>$GPGSV,3,1,11,10,69,057,,32,69,172,,02,40,305,,08,36,258,,1*62<
2025-09-07 17:25:09.243 DEBUG [onNmeaReceived] INTERNAL: line:>$GPGSV,3,2,11,27,28,219,,23,26,080,,24,21,050,,01,09,307,,1*61<
2025-09-07 17:25:09.243 DEBUG [onNmeaReceived] INTERNAL: line:>$GPGSV,3,3,11,28,06,159,,18,04,133,,22,01,354,,1*5A<
2025-09-07 17:25:09.245 DEBUG [onNmeaReceived] INTERNAL: line:>$GLGSV,2,1,8,85,76,196,,70,73,254,,86,35,321,,69,34,042,,1*47<
2025-09-07 17:25:09.250 DEBUG [onNmeaReceived] INTERNAL: line:>$GLGSV,2,2,8,84,27,154,,71,26,232,,78,11,024,,79,05,071,,1*4C<
2025-09-07 17:25:09.251 DEBUG [onNmeaReceived] INTERNAL: line:>$GBGSV,4,1,15,20,84,251,,29,58,218,,47,46,186,,32,35,059,,1*77<
2025-09-07 17:25:09.252 DEBUG [onNmeaReceived] INTERNAL: line:>$GBGSV,4,2,15,19,33,241,,35,33,307,,30,20,168,,40,16,328,,1*7D<
2025-09-07 17:25:09.254 DEBUG [BluetoothWorker] BT: line:>$LK8EX1,101310,1,15,34,0*3F<
2025-09-07 17:25:09.255 DEBUG [onNmeaReceived] INTERNAL: line:>$GBGSV,4,3,15,31,09,331,,23,08,068,,07,05,330,,25,04,022,,1*79<
2025-09-07 17:25:09.258 DEBUG [onNmeaReceived] INTERNAL: line:>$GBGSV,4,4,15,57,03,343,,37,01,113,,62,01,261,,1*41<
2025-09-07 17:25:09.260 DEBUG [onNmeaReceived] INTERNAL: line:>$GQGSV,1,1,2,02,09,290,,03,08,295,,1*52<
2025-09-07 17:25:09.260 DEBUG [onNmeaReceived] INTERNAL: line:>$GNRMC,172510.000,V,4912.6878,N,12305.3949,W,0.000,0.00,070925,,,N,V*34<
2025-09-07 17:25:09.260 DEBUG [onNmeaReceived] INTERNAL: line:>$GNVTG,0.00,T,,M,0.000,N,0.000,K,N*2C<
2025-09-07 17:25:09.261 DEBUG [onNmeaReceived] INTERNAL: line:>$GNACCURACY,94.3,179.9,11.9,100.1*15<
2025-09-07 17:25:09.263 DEBUG [onNmeaReceived] INTERNAL: line:>$PMTKAGC,172510.000,2952,3434,6170,6487,0,0,0,6,120,0*71<
2025-09-07 17:25:09.264 DEBUG [onNmeaReceived] INTERNAL: line:>$PMTKTIA,4024,0,32.773*5C<
2025-09-07 17:25:09.264 DEBUG [onNmeaReceived] INTERNAL: line:>$PMTKERT,686669768,4024,686669681,686669680963214*71<
2025-09-07 17:25:09.271 DEBUG [onNmeaReceived] INTERNAL: line:>$PMTKMPE1,0.0,0.000,0.0000000,0.0000000,0.00,0.00,0.00,0.00,0.00,0.00,0.00,0.00,0,0,0,0*6B<
2025-09-07 17:25:09.272 DEBUG [onNmeaReceived] INTERNAL: line:>$PMTKMPE2,,*68<
2025-09-07 17:25:09.272 DEBUG [onNmeaReceived] INTERNAL: line:>$PMTKLCPOS1,20250907172510.000,49.211463,-123.089915,0.0,1,0.000000,0.000000,0.0,0*57<
2025-09-07 17:25:09.272 DEBUG [onNmeaReceived] INTERNAL: line:>$PMTKLCPOS2,20250907172510.000,49.211463,-123.089915,0.0,0,2383,62728.000,18*43<
2025-09-07 17:25:09.272 DEBUG [onNmeaReceived] INTERNAL: line:>$PMTKEP2,G,FFF7FFFF,00000000,00000000,Q,0000,0000,0000,0000,L,FFFFFF,000000,000000,N,0000,0000*40<
2025-09-07 17:25:09.272 DEBUG [onNmeaReceived] INTERNAL: line:>$PMTKAL2,G,FFFFFFFF,00000000,00000000,Q,004E,0000,0000,0000,L,FFFFFF,000000,000000,N,0000,0000*58<
2025-09-07 17:25:09.272 DEBUG [onNmeaReceived] INTERNAL: line:>$PMTKEP3,B,08000B8793C0A372,0000000000000000,0000000000000000,0000000000000000,A,31554DEF4,000000000,000000000*35<
2025-09-07 17:25:09.272 DEBUG [onNmeaReceived] INTERNAL: line:>$PMTKAL3,B,3D83FFFFFFFDBFFF,0000000000000000,0000000000000000,0000000000000000,A,B77D4DFFE,000000000,000000000*5A<
2025-09-07 17:25:09.298 INFO [onSensorChange] INTERNAL: baro 686669839, 101165.0
2025-09-07 17:25:09.397 INFO [onSensorChange] INTERNAL: baro 686669939, 101165.0
2025-09-07 17:25:09.454 INFO [MainActivity] Preferences changed (Testing.InternalSensorLog), reloading.
2025-09-07 17:25:09.460 DEBUG [BluetoothWorker] BT: line:>$LK8EX1,101314,1,-16,34,0*15<
2025-09-07 17:25:09.661 DEBUG [BluetoothWorker] BT: line:>$LK8EX1,101316,0,-20,34,0*13<
2025-09-07 17:25:09.965 DEBUG [BluetoothWorker] BT: line:>$LK8EX1,101315,1,-23,34,0*12<
2025-09-07 17:25:10.169 DEBUG [BluetoothWorker] BT: line:>$LK8EX1,101303,1,106,34,1*0F<
2025-09-07 17:25:10.233 DEBUG [SensorParser] GPGGA: no date from RMC line, bailing out
2025-09-07 17:25:10.307 DEBUG [BluetoothWorker] BT: line:>$LK8EX1,101316,1,-59,34,0*1C<
2025-09-07 17:25:10.541 DEBUG [BluetoothWorker] BT: line:>$LK8EX1,101315,1,-34,34,0*14<
2025-09-07 17:25:10.740 DEBUG [BluetoothWorker] BT: line:>$LK8EX1,101313,0,8,34,0*01<
2025-09-07 17:25:10.948 DEBUG [BluetoothWorker] BT: line:>$LK8EX1,101309,1,47,34,0*30<
2025-09-07 17:25:11.156 DEBUG [BluetoothWorker] BT: line:>$LK8EX1,101317,0,-43,34,0*17<
2025-09-07 17:25:11.229 DEBUG [SensorParser] GPGGA: no date from RMC line, bailing out
2025-09-07 17:25:11.368 DEBUG [BluetoothWorker] BT: line:>$LK8EX1,101308,0,85,34,0*3E<
2025-09-07 17:25:11.570 DEBUG [BluetoothWorker] BT: line:>$LK8EX1,101306,1,85,34,0*31<
2025-09-07 17:25:11.765 DEBUG [BluetoothWorker] BT: line:>$LK8EX1,101321,0,-93,34,0*1F<
2025-09-07 17:25:11.974 DEBUG [BluetoothWorker] BT: line:>$LK8EX1,101305,1,81,34,0*36<
2025-09-07 17:25:12.211 DEBUG [BluetoothWorker] BT: line:>$LK8EX1,101308,1,33,34,0*32<
2025-09-07 17:25:12.226 DEBUG [SensorParser] GPGGA: no date from RMC line, bailing out
2025-09-07 17:25:12.410 DEBUG [BluetoothWorker] BT: line:>$LK8EX1,101312,1,-12,34,0*17<
2025-09-07 17:25:12.624 DEBUG [BluetoothWorker] BT: line:>$LK8EX1,101312,1,-19,34,0*1C<
2025-09-07 17:25:12.830 DEBUG [BluetoothWorker] BT: line:>$LK8EX1,101312,1,-3,34,0*27<
2025-09-07 17:25:13.230 DEBUG [SensorParser] GPGGA: no date from RMC line, bailing out
2025-09-07 17:25:13.454 DEBUG [BluetoothWorker] BT: line:>$LK8EX1,101310,1,8,34,0*03<
2025-09-07 17:25:13.458 DEBUG [BluetoothWorker] BT: line:>$LK8EX1,101304,1,101,34,1*0F<
2025-09-07 17:25:13.459 DEBUG [BluetoothWorker] BT: line:>$LK8EX1,101314,1,-42,34,0*14<
2025-09-07 17:25:13.668 DEBUG [BluetoothWorker] BT: line:>$LK8EX1,101316,1,-46,34,0*12<
2025-09-07 17:25:13.965 DEBUG [BluetoothWorker] BT: line:>$LK8EX1,101312,1,0,34,1*08<
2025-09-07 17:25:14.111 DEBUG [BluetoothWorker] BT: line:>$LK8EX1,101308,1,45,34,1*32<
2025-09-07 17:25:14.229 DEBUG [SensorParser] GPGGA: no date from RMC line, bailing out
2025-09-07 17:25:14.335 DEBUG [BluetoothWorker] BT: line:>$LK8EX1,101308,1,36,34,0*37<
2025-09-07 17:25:14.525 DEBUG [BluetoothWorker] BT: line:>$LK8EX1,101314,1,-30,34,0*11<
2025-09-07 17:25:14.734 DEBUG [BluetoothWorker] BT: line:>$LK8EX1,101318,1,-77,34,0*1E<
2025-09-07 17:25:14.958 DEBUG [BluetoothWorker] BT: line:>$LK8EX1,101310,1,28,35,0*30<
2025-09-07 17:25:15.153 DEBUG [BluetoothWorker] BT: line:>$LK8EX1,101314,1,-32,35,0*12<
2025-09-07 17:25:15.224 DEBUG [SensorParser] GPGGA: no date from RMC line, bailing out
2025-09-07 17:25:15.366 INFO [MainActivity] MainActivity onResume
2025-09-07 17:25:15.368 DEBUG [BluetoothWorker] BT: line:>$LK8EX1,101310,1,19,35,0*32<
2025-09-07 17:25:15.563 DEBUG [BluetoothWorker] BT: line:>$LK8EX1,101320,1,-101,35,0*24<
2025-09-07 17:25:15.769 DEBUG [BluetoothWorker] BT: line:>$LK8EX1,101315,0,-26,35,0*17<
2025-09-07 17:25:15.975 DEBUG [BluetoothWorker] BT: line:>$LK8EX1,101309,1,50,35,0*37<
2025-09-07 17:25:16.226 DEBUG [SensorParser] GPGGA: no date from RMC line, bailing out
2025-09-07 17:25:16.251 DEBUG [BluetoothWorker] BT: line:>$LK8EX1,101313,0,4,35,1*0D<
2025-09-07 17:25:16.419 DEBUG [BluetoothWorker] BT: line:>$LK8EX1,101313,0,0,35,0*08<
2025-09-07 17:25:16.610 DEBUG [BluetoothWorker] BT: line:>$LK8EX1,101322,0,-98,35,0*16<
2025-09-07 17:25:16.836 DEBUG [BluetoothWorker] BT: line:>$LK8EX1,101316,0,-7,35,0*27<
2025-09-07 17:25:17.039 DEBUG [BluetoothWorker] BT: line:>$LK8EX1,101300,0,186,35,0*05<
2025-09-07 17:25:17.232 DEBUG [SensorParser] GPGGA: no date from RMC line, bailing out
2025-09-07 17:25:17.246 DEBUG [BluetoothWorker] BT: line:>$LK8EX1,101309,1,45,35,0*33<
2025-09-07 17:25:17.462 DEBUG [BluetoothWorker] BT: line:>$LK8EX1,101314,0,-7,35,0*25<
2025-09-07 17:25:17.768 DEBUG [BluetoothWorker] BT: line:>$LK8EX1,101317,0,-36,35,0*14<
2025-09-07 17:25:17.968 DEBUG [BluetoothWorker] BT: line:>$LK8EX1,101308,1,48,35,1*3E<
2025-09-07 17:25:18.108 DEBUG [BluetoothWorker] BT: line:>$LK8EX1,101306,1,65,35,0*3E<
2025-09-07 17:25:18.235 DEBUG [SensorParser] GPGGA: no date from RMC line, bailing out
2025-09-07 17:25:18.324 DEBUG [BluetoothWorker] BT: line:>$LK8EX1,101308,1,26,35,0*37<
2025-09-07 17:25:18.899 DEBUG [BluetoothWorker] BT: line:>$LK8EX1,101309,1,12,35,0*31<
2025-09-07 17:25:18.904 DEBUG [BluetoothWorker] BT: line:>$LK8EX1,101312,1,-7,35,0*22<
2025-09-07 17:25:18.963 DEBUG [BluetoothWorker] BT: line:>$LK8EX1,101311,0,28,35,2*32<
2025-09-07 17:25:19.147 DEBUG [BluetoothWorker] BT: line:>$LK8EX1,101299,1,162,35,0*0F<
2025-09-07 17:25:19.231 DEBUG [SensorParser] GPGGA: no date from RMC line, bailing out
2025-09-07 17:25:19.363 DEBUG [BluetoothWorker] BT: line:>$LK8EX1,101303,1,78,35,0*37<
2025-09-07 17:25:19.561 DEBUG [BluetoothWorker] BT: line:>$LK8EX1,101300,1,78,35,0*34<
2025-09-07 17:25:19.752 DEBUG [BluetoothWorker] BT: line:>$LK8EX1,101302,1,47,35,1*3B<
2025-09-07 17:25:20.004 DEBUG [BluetoothWorker] BT: line:>$LK8EX1,101298,1,102,35,0*08<
2025-09-07 17:25:20.211 DEBUG [BluetoothWorker] BT: line:>$LK8EX1,101309,1,-20,35,0*1D<
2025-09-07 17:25:20.233 DEBUG [SensorParser] GPGGA: no date from RMC line, bailing out
2025-09-07 17:25:20.460 DEBUG [BluetoothWorker] BT: line:>$LK8EX1,101314,1,-74,35,0*10<
2025-09-07 17:25:20.625 DEBUG [BluetoothWorker] BT: line:>$LK8EX1,101317,1,-88,35,0*10<
2025-09-07 17:25:20.871 DEBUG [BluetoothWorker] BT: line:>$LK8EX1,101308,1,29,35,0*38<
2025-09-07 17:25:21.035 DEBUG [BluetoothWorker] BT: line:>$LK8EX1,101312,1,-9,35,0*2C<
2025-09-07 17:25:21.232 DEBUG [SensorParser] GPGGA: no date from RMC line, bailing out
2025-09-07 17:25:21.247 DEBUG [BluetoothWorker] BT: line:>$LK8EX1,101300,1,128,35,0*00<
2025-09-07 17:25:21.559 DEBUG [BluetoothWorker] BT: line:>$LK8EX1,101308,1,-6,35,1*29<
2025-09-07 17:25:21.758 DEBUG [BluetoothWorker] BT: line:>$LK8EX1,101319,1,-143,35,1*29<
2025-09-07 17:25:21.904 DEBUG [BluetoothWorker] BT: line:>$LK8EX1,101301,1,84,35,0*36<
2025-09-07 17:25:22.126 DEBUG [BluetoothWorker] BT: line:>$LK8EX1,101313,1,-76,35,0*15<
2025-09-07 17:25:22.227 DEBUG [SensorParser] GPGGA: no date from RMC line, bailing out
2025-09-07 17:25:22.336 DEBUG [BluetoothWorker] BT: line:>$LK8EX1,101308,1,-17,35,0*18<
2025-09-07 17:25:22.533 DEBUG [BluetoothWorker] BT: line:>$LK8EX1,101299,1,87,35,0*35<
2025-09-07 17:25:22.748 DEBUG [BluetoothWorker] BT: line:>$LK8EX1,101306,1,-33,35,0*10<
2025-09-07 17:25:22.969 DEBUG [BluetoothWorker] BT: line:>$LK8EX1,101312,1,-79,35,0*1B<
2025-09-07 17:25:23.160 DEBUG [BluetoothWorker] BT: line:>$LK8EX1,101304,1,17,35,0*39<
2025-09-07 17:25:23.228 DEBUG [SensorParser] GPGGA: no date from RMC line, bailing out
2025-09-07 17:25:23.360 DEBUG [BluetoothWorker] BT: line:>$LK8EX1,101315,1,-116,35,0*24<
2025-09-07 17:25:23.569 DEBUG [BluetoothWorker] BT: line:>$LK8EX1,101297,1,87,35,0*3B<
2025-09-07 17:25:23.786 DEBUG [BluetoothWorker] BT: line:>$LK8EX1,101310,1,-72,35,0*12<
2025-09-07 17:25:24.230 DEBUG [SensorParser] GPGGA: no date from RMC line, bailing out
2025-09-07 17:25:24.343 DEBUG [BluetoothWorker] BT: line:>$LK8EX1,101286,1,218,35,2*0D<
2025-09-07 17:25:24.345 DEBUG [BluetoothWorker] BT: line:>$LK8EX1,101301,2,-2,35,2*24<
2025-09-07 17:25:24.432 DEBUG [BluetoothWorker] BT: line:>$LK8EX1,101309,1,-68,35,0*11<
2025-09-07 17:25:24.645 DEBUG [BluetoothWorker] BT: line:>$LK8EX1,101312,1,-104,35,0*20<
2025-09-07 17:25:24.844 DEBUG [BluetoothWorker] BT: line:>$LK8EX1,101308,1,-48,35,0*12<
2025-09-07 17:25:25.089 DEBUG [BluetoothWorker] BT: line:>$LK8EX1,101313,1,-111,35,0*25<
2025-09-07 17:25:25.229 DEBUG [SensorParser] GPGGA: no date from RMC line, bailing out
2025-09-07 17:25:25.277 DEBUG [BluetoothWorker] BT: line:>$LK8EX1,101305,1,2,35,0*0C<
2025-09-07 17:25:25.531 DEBUG [BluetoothWorker] BT: line:>$LK8EX1,101310,1,-49,34,1*1A<
2025-09-07 17:25:25.797 DEBUG [BluetoothWorker] BT: line:>$LK8EX1,101309,1,-35,35,0*19<
2025-09-07 17:25:26.009 DEBUG [BluetoothWorker] BT: line:>$LK8EX1,101306,1,-7,35,1*26<
2025-09-07 17:25:26.117 DEBUG [BluetoothWorker] BT: line:>$LK8EX1,101311,1,-64,35,1*15<
2025-09-07 17:25:26.231 DEBUG [SensorParser] GPGGA: no date from RMC line, bailing out
2025-09-07 17:25:26.340 DEBUG [BluetoothWorker] BT: line:>$LK8EX1,101307,1,-14,34,0*15<
2025-09-07 17:25:26.531 DEBUG [BluetoothWorker] BT: line:>$LK8EX1,101294,1,126,34,0*03<
2025-09-07 17:25:26.726 DEBUG [BluetoothWorker] BT: line:>$LK8EX1,101301,2,-5,35,0*21<
2025-09-07 17:25:26.937 DEBUG [BluetoothWorker] BT: line:>$LK8EX1,101293,2,72,34,0*37<
2025-09-07 17:25:27.153 DEBUG [BluetoothWorker] BT: line:>$LK8EX1,101282,2,176,34,0*02<
2025-09-07 17:25:27.231 DEBUG [SensorParser] GPGGA: no date from RMC line, bailing out
2025-09-07 17:25:27.459 DEBUG [BluetoothWorker] BT: line:>$LK8EX1,101293,2,-6,34,0*29<
2025-09-07 17:25:27.661 DEBUG [BluetoothWorker] BT: line:>$LK8EX1,101281,2,126,34,0*04<
2025-09-07 17:25:27.822 DEBUG [BluetoothWorker] BT: line:>$LK8EX1,101284,2,69,34,0*3B<
2025-09-07 17:25:28.029 DEBUG [BluetoothWorker] BT: line:>$LK8EX1,101291,3,-33,34,1*1D<
2025-09-07 17:25:28.222 DEBUG [BluetoothWorker] BT: line:>$LK8EX1,101294,2,-54,34,0*19<
2025-09-07 17:25:28.230 DEBUG [SensorParser] GPGGA: no date from RMC line, bailing out
2025-09-07 17:25:28.435 DEBUG [BluetoothWorker] BT: line:>$LK8EX1,101297,2,-68,34,0*15<
2025-09-07 17:25:28.726 DEBUG [BluetoothWorker] BT: line:>$LK8EX1,101295,2,-19,34,0*11<
2025-09-07 17:25:28.846 DEBUG [BluetoothWorker] BT: line:>$LK8EX1,101285,2,96,34,0*3A<
2025-09-07 17:25:29.070 DEBUG [BluetoothWorker] BT: line:>$LK8EX1,101304,2,-134,35,0*27<
2025-09-07 17:25:29.230 DEBUG [SensorParser] GPGGA: no date from RMC line, bailing out
2025-09-07 17:25:29.293 DEBUG [BluetoothWorker] BT: line:>$LK8EX1,101292,2,5,34,0*06<
2025-09-07 17:25:29.790 DEBUG [BluetoothWorker] BT: line:>$LK8EX1,101299,2,-71,34,0*13<
2025-09-07 17:25:29.793 DEBUG [BluetoothWorker] BT: line:>$LK8EX1,101302,2,-56,34,0*15<
2025-09-07 17:25:29.910 DEBUG [BluetoothWorker] BT: line:>$LK8EX1,101292,2,60,34,0*35<
2025-09-07 17:25:30.182 DEBUG [BluetoothWorker] BT: line:>$LK8EX1,101295,2,26,34,0*30<
2025-09-07 17:25:30.231 DEBUG [SensorParser] GPGGA: no date from RMC line, bailing out
2025-09-07 17:25:30.360 DEBUG [BluetoothWorker] BT: line:>$LK8EX1,101296,2,11,35,0*36<
2025-09-07 17:25:30.541 DEBUG [BluetoothWorker] BT: line:>$LK8EX1,101298,2,-10,35,0*14<
2025-09-07 17:25:30.744 DEBUG [BluetoothWorker] BT: line:>$LK8EX1,101294,2,37,35,0*30<
2025-09-07 17:25:30.958 DEBUG [BluetoothWorker] BT: line:>$LK8EX1,101297,2,-5,34,0*2E<
2025-09-07 17:25:31.167 DEBUG [BluetoothWorker] BT: line:>$LK8EX1,101293,2,53,35,0*35<
2025-09-07 17:25:31.235 DEBUG [SensorParser] GPGGA: no date from RMC line, bailing out
2025-09-07 17:25:31.369 DEBUG [BluetoothWorker] BT: line:>$LK8EX1,101294,2,22,35,0*34<
2025-09-07 17:25:31.573 DEBUG [BluetoothWorker] BT: line:>$LK8EX1,101291,2,62,35,1*34<
2025-09-07 17:25:31.779 DEBUG [BluetoothWorker] BT: line:>$LK8EX1,101292,2,64,35,1*31<
2025-09-07 17:25:32.017 DEBUG [BluetoothWorker] BT: line:>$LK8EX1,101286,2,125,35,0*01<
2025-09-07 17:25:32.220 DEBUG [BluetoothWorker] BT: line:>$LK8EX1,101293,2,39,35,0*39<
2025-09-07 17:25:32.226 DEBUG [SensorParser] GPGGA: no date from RMC line, bailing out
2025-09-07 17:25:32.441 DEBUG [BluetoothWorker] BT: line:>$LK8EX1,101286,2,120,35,0*04<
2025-09-07 17:25:32.646 DEBUG [BluetoothWorker] BT: line:>$LK8EX1,101300,2,-59,35,0*19<
2025-09-07 17:25:32.836 DEBUG [BluetoothWorker] BT: line:>$LK8EX1,101295,2,19,35,0*3D<
2025-09-07 17:25:33.048 DEBUG [BluetoothWorker] BT: line:>$LK8EX1,101305,2,-116,35,0*26<
2025-09-07 17:25:33.223 DEBUG [SensorParser] GPGGA: no date from RMC line, bailing out
2025-09-07 17:25:33.253 DEBUG [BluetoothWorker] BT: line:>$LK8EX1,101296,2,10,35,0*37<
2025-09-07 17:25:33.478 DEBUG [BluetoothWorker] BT: line:>$LK8EX1,101299,2,-20,35,0*16<
2025-09-07 17:25:33.699 DEBUG [BluetoothWorker] BT: line:>$LK8EX1,101296,2,0,35,0*06<
2025-09-07 17:25:33.915 DEBUG [BluetoothWorker] BT: line:>$LK8EX1,101294,2,17,35,0*32<
2025-09-07 17:25:34.143 DEBUG [BluetoothWorker] BT: line:>$LK8EX1,101296,2,-5,35,0*2E<
2025-09-07 17:25:34.223 DEBUG [SensorParser] GPGGA: no date from RMC line, bailing out
2025-09-07 17:25:34.335 DEBUG [BluetoothWorker] BT: line:>$LK8EX1,101290,2,67,35,0*31<
2025-09-07 17:25:34.549 DEBUG [BluetoothWorker] BT: line:>$LK8EX1,101293,2,26,35,0*37<
2025-09-07 17:25:34.738 DEBUG [BluetoothWorker] BT: line:>$LK8EX1,101294,2,7,35,0*03<
2025-09-07 17:25:35.230 DEBUG [SensorParser] GPGGA: no date from RMC line, bailing out
2025-09-07 17:25:35.234 DEBUG [BluetoothWorker] BT: line:>$LK8EX1,101265,2,339,35,1*02<
2025-09-07 17:25:35.235 DEBUG [BluetoothWorker] BT: line:>$LK8EX1,101320,2,-295,35,6*2F<
2025-09-07 17:25:35.410 DEBUG [BluetoothWorker] BT: line:>$LK8EX1,101291,2,-160,35,0*2B<
2025-09-07 17:25:35.616 DEBUG [BluetoothWorker] BT: line:>$LK8EX1,101290,2,72,35,0*35<
2025-09-07 17:25:35.808 DEBUG [BluetoothWorker] BT: line:>$LK8EX1,101309,2,-166,35,0*2D<
2025-09-07 17:25:36.036 DEBUG [BluetoothWorker] BT: line:>$LK8EX1,101291,2,58,35,0*3C<
2025-09-07 17:25:36.232 DEBUG [SensorParser] GPGGA: no date from RMC line, bailing out
2025-09-07 17:25:36.244 DEBUG [BluetoothWorker] BT: line:>$LK8EX1,101294,2,26,35,0*30<
2025-09-07 17:25:36.450 DEBUG [BluetoothWorker] BT: line:>$LK8EX1,101302,2,-56,35,0*14<
2025-09-07 17:25:36.697 DEBUG [BluetoothWorker] BT: line:>$LK8EX1,101293,2,48,35,0*3F<
2025-09-07 17:25:36.877 DEBUG [BluetoothWorker] BT: line:>$LK8EX1,101302,2,-64,35,0*15<
2025-09-07 17:25:36.968 INFO [TrackService] Starting service onStartCommand, intent: Intent { act=stopTracking cmp=org.xcontest.XCTrack/.TrackService }, startId: 7, current task: org.xcontest.XCTrack.navig.TaskTriangleClosing
2025-09-07 17:25:36.968 INFO [MainActivity] Preferences changed (Internal.TrackingRunning), reloading.
2025-09-07 17:25:36.968 INFO [TrackService] onStopTracking
2025-09-07 17:25:36.969 INFO [TrackService] Alarm canceled
2025-09-07 17:25:36.971 INFO [SensorManager] SensorManager is stopping
2025-09-07 17:25:36.972 INFO [BluetoothWorker] Stopping BT connection
2025-09-07 17:25:36.972 INFO [internalGps] Stopping
2025-09-07 17:25:36.984 DEBUG [qnh-fetcher] Stopping QNH updater
2025-09-07 17:25:36.986 INFO [org.xcontest.XCTrack.p:e()6] landed
2025-09-07 17:25:36.986 DEBUG [glassManager] Stopping glass manager
2025-09-07 17:25:36.986 INFO [maverick] Stopping glasses
2025-09-07 17:25:36.989 INFO [Safesky] Stopping
2025-09-07 17:25:36.989 INFO [Tasks] tasks saved, active org.xcontest.XCTrack.navig.TaskTriangleClosing, org.xcontest.XCTrack.info.r.n(SourceFile:216)
	org.xcontest.XCTrack.TrackService.f(SourceFile:183)
	org.xcontest.XCTrack.TrackService.onStartCommand(SourceFile:411)
	android.app.ActivityThread.handleServiceArgs(ActivityThread.java:4947)
	android.app.ActivityThread.-$$Nest$mhandleServiceArgs(Unknown Source:0)
	android.app.ActivityThread$H.handleMessage(ActivityThread.java:2388)
	android.os.Handler.dispatchMessage(Handler.java:106)
	android.os.Looper.loopOnce(Looper.java:240)
2025-09-07 17:25:36.990 INFO [TrackService] StopSelf.
2025-09-07 17:25:36.995 INFO [MainActivity] MainActivity onPause
2025-09-07 17:25:37.051 INFO [TrackService] FINISHED
2025-09-07 17:25:37.074 DEBUG [BluetoothWorker] BT: line:>$LK8EX1,101303,2,-57,35,1*15<
2025-09-07 17:25:37.074 INFO [BluetoothLE] BluetoothSensorGeneric: close from: org.xcontest.XCTrack.sensors.r.run(SourceFile:156)
	java.lang.Thread.run(Thread.java:1119)
2025-09-07 17:25:37.649 INFO [MainActivity] MainActivity onDestroy
2025-09-07 17:25:37.651 DEBUG [media] Media session released
2025-09-07 17:25:38.412 INFO [airwebMsg] FCM topic 'airspace' unsubscribed
2025-09-07 17:25:39.698 INFO [org.xcontest.XCTrack.startup.StartupActivity:onCreate()3] StartupActivity: onCreate
2025-09-07 17:25:39.754 INFO [org.xcontest.XCTrack.startup.StartupActivity:onResume()3] StartupActivity: onResume
2025-09-07 17:25:41.835 INFO [MainActivity] Enabling HW acceleration
2025-09-07 17:25:41.845 DEBUG [vrk] loadNavigations for org.xcontest.XCTrack.widget.wp.WPXCAssistant
2025-09-07 17:25:41.847 DEBUG [vrk] loadNavigations for org.xcontest.XCTrack.widget.wp.WPCompetition
2025-09-07 17:25:41.850 DEBUG [vrk] loadNavigations for org.xcontest.XCTrack.widget.wp.WPThermalAssistant
2025-09-07 17:25:41.856 DEBUG [compass] Setting compass screen orientation: 0
2025-09-07 17:25:41.858 INFO [MainActivity] MainActivity onResume
2025-09-07 17:25:41.859 DEBUG [TrackService] Starting service through bind
2025-09-07 17:25:41.864 INFO [airwebMsg] FCM trying to subscribe topic airspace
2025-09-07 17:25:41.865 DEBUG [advert sync] Starting sync
2025-09-07 17:25:41.878 INFO [TrackService] Starting service onCreate
2025-09-07 17:25:41.931 DEBUG [TrackService] Service connection - service connected
2025-09-07 17:25:41.951 INFO [TrackService] Starting service onStartCommand, intent: Intent { act=startTracking cmp=org.xcontest.XCTrack/.TrackService }, startId: 1, current task: org.xcontest.XCTrack.navig.TaskTriangleClosing
2025-09-07 17:25:41.952 INFO [MainActivity] Preferences changed (Internal.TrackingRunning), reloading.
2025-09-07 17:25:41.955 INFO [TrackService] Alarm started
2025-09-07 17:25:41.955 INFO [TrackService] acquireWakeLock
2025-09-07 17:25:41.966 INFO [VarioSound] Vario Sound: latency: 0.042993 sec
2025-09-07 17:25:41.993 INFO [Safesky] Starting
2025-09-07 17:25:41.993 INFO [SensorManager] SensorManager is starting
2025-09-07 17:25:41.993 INFO [BluetoothWorker] Starting BT connection
2025-09-07 17:25:41.994 INFO [internalGps] Starting
2025-09-07 17:25:41.995 INFO [airweb] Nothing to refresh (no selected oaids), stopping
2025-09-07 17:25:41.999 INFO [baro] Starting baro listener
2025-09-07 17:25:42.004 INFO [compass] Starting compass/rotation listener.
2025-09-07 17:25:42.036 INFO [Tasks] Loading
2025-09-07 17:25:42.037 INFO [Tasks] tasks saved, active org.xcontest.XCTrack.navig.TaskTriangleClosing, org.xcontest.XCTrack.navig.TaskCompetition.C(SourceFile:62)
	org.xcontest.XCTrack.navig.TaskCompetition.d(SourceFile:355)
	org.xcontest.XCTrack.info.q.invokeSuspend(SourceFile:171)
	ge.a.resumeWith(SourceFile:9)
	kotlinx.coroutines.n0.run(SourceFile:113)
	android.os.Handler.handleCallback(Handler.java:958)
	android.os.Handler.dispatchMessage(Handler.java:99)
	android.os.Looper.loopOnce(Looper.java:240)
2025-09-07 17:25:42.037 INFO [Tasks] tasks loaded, active org.xcontest.XCTrack.navig.TaskTriangleClosing
2025-09-07 17:25:42.040 DEBUG [vrk] loadNavigations for org.xcontest.XCTrack.widget.wp.WPXCAssistant
2025-09-07 17:25:42.045 DEBUG [vrk] loadNavigations for org.xcontest.XCTrack.widget.wp.WPCompetition
2025-09-07 17:25:42.049 DEBUG [vrk] loadNavigations for org.xcontest.XCTrack.widget.wp.WPThermalAssistant
2025-09-07 17:25:42.089 INFO [TrackService] Activity recognition connected
2025-09-07 17:25:42.162 DEBUG [SensorParser] GPGGA: no date from RMC line, bailing out
2025-09-07 17:25:42.213 INFO [compass] Compass accuracy: 3
2025-09-07 17:25:42.265 INFO [airwebMsg] FCM topic 'airspace' subscribed
2025-09-07 17:25:42.648 DEBUG [SensorParser] GPGGA: no date from RMC line, bailing out
2025-09-07 17:25:42.748 INFO [obstacleService] Updating obstacle file infos: 22 items
2025-09-07 17:25:43.152 DEBUG [SensorParser] GPGGA: no date from RMC line, bailing out
2025-09-07 17:25:43.503 INFO [obstacleManager] Loaded obstacles: 10708
2025-09-07 17:25:43.652 DEBUG [SensorParser] GPGGA: no date from RMC line, bailing out
2025-09-07 17:25:44.152 DEBUG [SensorParser] GPGGA: no date from RMC line, bailing out
2025-09-07 17:25:44.651 DEBUG [SensorParser] GPGGA: no date from RMC line, bailing out
2025-09-07 17:25:45.147 DEBUG [SensorParser] GPGGA: no date from RMC line, bailing out
2025-09-07 17:25:45.185 INFO [BluetoothWorker] bluetooth connect ok
2025-09-07 17:25:45.186 INFO [EventMapping] Event: BT_OK
2025-09-07 17:25:45.259 DEBUG [BluetoothWorker] BT: line:>$LK8EX1,101282,2,193,35,0*08<
2025-09-07 17:25:45.259 INFO [BluetoothWorker] Detected generic bluetooth device
2025-09-07 17:25:45.466 DEBUG [BluetoothWorker] BT: line:>$LK8EX1,101297,2,-14,35,0*1F<
2025-09-07 17:25:45.668 DEBUG [BluetoothWorker] BT: line:>$LK8EX1,101294,2,16,35,0*33<
2025-09-07 17:25:45.899 DEBUG [BluetoothWorker] BT: line:>$LK8EX1,101295,2,-2,35,0*2A<
2025-09-07 17:25:46.122 DEBUG [BluetoothWorker] BT: line:>$LK8EX1,101291,2,40,35,0*35<
2025-09-07 17:25:46.152 DEBUG [SensorParser] GPGGA: no date from RMC line, bailing out
2025-09-07 17:25:46.338 DEBUG [BluetoothWorker] BT: line:>$LK8EX1,101298,2,-42,35,0*13<
2025-09-07 17:25:46.527 DEBUG [BluetoothWorker] BT: line:>$LK8EX1,101300,2,-58,35,0*18<
2025-09-07 17:25:46.799 DEBUG [BluetoothWorker] BT: line:>$LK8EX1,101303,2,-78,35,0*19<
2025-09-07 17:25:46.970 DEBUG [BluetoothWorker] BT: line:>$LK8EX1,101303,2,-74,35,0*15<
2025-09-07 17:25:47.159 DEBUG [SensorParser] GPGGA: no date from RMC line, bailing out
2025-09-07 17:25:47.247 DEBUG [BluetoothWorker] BT: line:>$LK8EX1,101291,2,57,35,0*33<
2025-09-07 17:25:47.453 DEBUG [BluetoothWorker] BT: line:>$LK8EX1,101298,2,-13,35,0*17<
2025-09-07 17:25:47.613 DEBUG [BluetoothWorker] BT: line:>$LK8EX1,101287,2,113,35,1*04<
2025-09-07 17:25:47.803 DEBUG [BluetoothWorker] BT: line:>$LK8EX1,101299,2,-34,35,1*12<
2025-09-07 17:25:48.014 DEBUG [BluetoothWorker] BT: line:>$LK8EX1,101284,2,135,35,0*02<
2025-09-07 17:25:48.158 DEBUG [SensorParser] GPGGA: no date from RMC line, bailing out
2025-09-07 17:25:48.268 DEBUG [BluetoothWorker] BT: line:>$LK8EX1,101298,2,-54,35,0*14<
2025-09-07 17:25:48.472 DEBUG [BluetoothWorker] BT: line:>$LK8EX1,101307,2,-157,35,0*21<
2025-09-07 17:25:48.659 DEBUG [BluetoothWorker] BT: line:>$LK8EX1,101306,2,-122,35,0*22<
2025-09-07 17:25:48.864 DEBUG [BluetoothWorker] BT: line:>$LK8EX1,101309,2,-140,35,0*29<
2025-09-07 17:25:49.064 DEBUG [BluetoothWorker] BT: line:>$LK8EX1,101294,2,61,35,1*32<
2025-09-07 17:25:49.158 DEBUG [SensorParser] GPGGA: no date from RMC line, bailing out
2025-09-07 17:25:49.263 DEBUG [BluetoothWorker] BT: line:>$LK8EX1,101293,2,74,35,0*30<
2025-09-07 17:25:49.547 DEBUG [BluetoothWorker] BT: line:>$LK8EX1,101299,2,-19,35,1*1D<
2025-09-07 17:25:49.788 DEBUG [BluetoothWorker] BT: line:>$LK8EX1,101291,2,57,35,0*33<
2025-09-07 17:25:49.923 DEBUG [BluetoothWorker] BT: line:>$LK8EX1,101292,2,34,35,0*35<
2025-09-07 17:25:50.133 DEBUG [BluetoothWorker] BT: line:>$LK8EX1,101301,2,-60,35,0*12<
2025-09-07 17:25:50.157 DEBUG [SensorParser] GPGGA: no date from RMC line, bailing out
2025-09-07 17:25:50.579 DEBUG [BluetoothWorker] BT: line:>$LK8EX1,101331,1,-386,35,0*29<
2025-09-07 17:25:50.580 DEBUG [BluetoothWorker] BT: line:>$LK8EX1,101287,2,155,35,0*07<
2025-09-07 17:25:50.801 DEBUG [BluetoothWorker] BT: line:>$LK8EX1,101298,2,14,35,0*3D<
2025-09-07 17:25:51.000 DEBUG [BluetoothWorker] BT: line:>$LK8EX1,101298,2,7,35,0*0F<
2025-09-07 17:25:51.163 DEBUG [SensorParser] GPGGA: no date from RMC line, bailing out
2025-09-07 17:25:51.170 DEBUG [BluetoothWorker] BT: line:>$LK8EX1,101298,2,0,35,1*09<
2025-09-07 17:25:51.409 DEBUG [BluetoothWorker] BT: line:>$LK8EX1,101308,2,-103,35,0*2F<
2025-09-07 17:25:51.623 DEBUG [BluetoothWorker] BT: line:>$LK8EX1,101304,2,-41,35,0*14<
2025-09-07 17:25:51.830 DEBUG [BluetoothWorker] BT: line:>$LK8EX1,101309,1,-102,35,0*2C<
2025-09-07 17:25:51.867 INFO [airweb] Airweb failback finished, FCM works.
2025-09-07 17:25:52.025 DEBUG [BluetoothWorker] BT: line:>$LK8EX1,101290,2,109,35,0*08<
2025-09-07 17:25:52.156 DEBUG [SensorParser] GPGGA: no date from RMC line, bailing out
2025-09-07 17:25:52.239 DEBUG [BluetoothWorker] BT: line:>$LK8EX1,101315,2,-209,35,0*2A<
2025-09-07 17:25:52.467 DEBUG [BluetoothWorker] BT: line:>$LK8EX1,101298,2,8,35,0*00<
2025-09-07 17:25:52.650 DEBUG [BluetoothWorker] BT: line:>$LK8EX1,101296,2,40,35,0*32<
2025-09-07 17:25:52.936 DEBUG [BluetoothWorker] BT: line:>$LK8EX1,101291,2,80,35,0*39<
2025-09-07 17:25:53.149 DEBUG [BluetoothWorker] BT: line:>$LK8EX1,101299,2,-28,35,0*1E<
2025-09-07 17:25:53.158 DEBUG [SensorParser] GPGGA: no date from RMC line, bailing out
2025-09-07 17:25:53.307 DEBUG [BluetoothWorker] BT: line:>$LK8EX1,101296,2,6,35,0*00<
2025-09-07 17:25:53.509 DEBUG [BluetoothWorker] BT: line:>$LK8EX1,101300,2,-33,35,0*15<
2025-09-07 17:25:53.733 DEBUG [BluetoothWorker] BT: line:>$LK8EX1,101297,2,5,35,0*02<
2025-09-07 17:25:53.938 DEBUG [BluetoothWorker] BT: line:>$LK8EX1,101293,2,49,35,0*3E<
2025-09-07 17:25:54.133 DEBUG [BluetoothWorker] BT: line:>$LK8EX1,101290,2,75,35,0*32<
2025-09-07 17:25:54.156 DEBUG [SensorParser] GPGGA: no date from RMC line, bailing out
2025-09-07 17:25:54.342 DEBUG [BluetoothWorker] BT: line:>$LK8EX1,101290,2,59,35,0*3C<
2025-09-07 17:25:54.567 DEBUG [BluetoothWorker] BT: line:>$LK8EX1,101302,2,-79,35,0*19<
2025-09-07 17:25:54.769 DEBUG [BluetoothWorker] BT: line:>$LK8EX1,101306,2,-97,35,0*1D<
2025-09-07 17:25:55.000 DEBUG [BluetoothWorker] BT: line:>$LK8EX1,101296,2,30,35,1*34<
2025-09-07 17:25:55.157 DEBUG [SensorParser] GPGGA: no date from RMC line, bailing out
2025-09-07 17:25:55.202 DEBUG [BluetoothWorker] BT: line:>$LK8EX1,101298,2,8,35,0*00<
2025-09-07 17:25:55.401 DEBUG [BluetoothWorker] BT: line:>$LK8EX1,101295,2,29,35,1*3F<
2025-09-07 17:25:56.025 DEBUG [BluetoothWorker] BT: line:>$LK8EX1,101302,2,-60,35,0*11<
2025-09-07 17:25:56.026 DEBUG [BluetoothWorker] BT: line:>$LK8EX1,101302,2,-30,35,0*14<
2025-09-07 17:25:56.028 DEBUG [BluetoothWorker] BT: line:>$LK8EX1,101314,1,-129,35,0*29<
2025-09-07 17:25:56.156 DEBUG [SensorParser] GPGGA: no date from RMC line, bailing out
2025-09-07 17:25:56.241 DEBUG [BluetoothWorker] BT: line:>$LK8EX1,101300,1,42,35,0*3D<
2025-09-07 17:25:56.443 DEBUG [BluetoothWorker] BT: line:>$LK8EX1,101297,2,46,35,0*35<
2025-09-07 17:25:56.703 DEBUG [BluetoothWorker] BT: line:>$LK8EX1,101302,2,-29,35,0*1C<
2025-09-07 17:25:56.866 DEBUG [BluetoothWorker] BT: line:>$LK8EX1,101293,2,67,35,0*32<
2025-09-07 17:25:57.155 DEBUG [SensorParser] GPGGA: no date from RMC line, bailing out
2025-09-07 17:25:57.161 DEBUG [BluetoothWorker] BT: line:>$LK8EX1,101279,2,158,35,0*0B<
2025-09-07 17:25:57.362 DEBUG [BluetoothWorker] BT: line:>$LK8EX1,101306,2,-156,35,0*21<
2025-09-07 17:25:57.506 DEBUG [BluetoothWorker] BT: line:>$LK8EX1,101305,2,-117,35,0*27<
2025-09-07 17:25:57.722 DEBUG [BluetoothWorker] BT: line:>$LK8EX1,101291,2,57,35,0*33<
2025-09-07 17:25:57.936 DEBUG [BluetoothWorker] BT: line:>$LK8EX1,101290,2,61,35,0*37<
2025-09-07 17:25:58.146 DEBUG [BluetoothWorker] BT: line:>$LK8EX1,101296,2,-7,35,0*2C<
2025-09-07 17:25:58.154 DEBUG [SensorParser] GPGGA: no date from RMC line, bailing out
2025-09-07 17:25:58.360 DEBUG [BluetoothWorker] BT: line:>$LK8EX1,101290,2,59,35,0*3C<
2025-09-07 17:25:58.560 DEBUG [BluetoothWorker] BT: line:>$LK8EX1,101300,2,-47,35,0*16<
2025-09-07 17:25:58.768 DEBUG [BluetoothWorker] BT: line:>$LK8EX1,101300,2,-56,35,0*16<
2025-09-07 17:25:58.963 DEBUG [BluetoothWorker] BT: line:>$LK8EX1,101292,2,59,35,0*3E<
2025-09-07 17:25:59.158 DEBUG [SensorParser] GPGGA: no date from RMC line, bailing out
2025-09-07 17:25:59.194 DEBUG [BluetoothWorker] BT: line:>$LK8EX1,101295,2,6,35,0*03<
2025-09-07 17:25:59.394 DEBUG [BluetoothWorker] BT: line:>$LK8EX1,101291,2,51,35,0*35<
2025-09-07 17:25:59.618 DEBUG [BluetoothWorker] BT: line:>$LK8EX1,101300,2,-37,35,0*11<
2025-09-07 17:25:59.827 DEBUG [BluetoothWorker] BT: line:>$LK8EX1,101293,2,18,35,0*3A<
2025-09-07 17:26:00.027 DEBUG [BluetoothWorker] BT: line:>$LK8EX1,101293,2,6,35,0*05<
2025-09-07 17:26:00.156 DEBUG [SensorParser] GPGGA: no date from RMC line, bailing out
2025-09-07 17:26:00.234 DEBUG [BluetoothWorker] BT: line:>$LK8EX1,101287,2,73,35,0*32<
2025-09-07 17:26:00.453 DEBUG [BluetoothWorker] BT: line:>$LK8EX1,101285,2,83,35,0*3F<
2025-09-07 17:26:00.648 DEBUG [BluetoothWorker] BT: line:>$LK8EX1,101295,2,-32,35,0*19<
2025-09-07 17:26:00.957 DEBUG [BluetoothWorker] BT: line:>$LK8EX1,101300,2,-60,35,1*12<
2025-09-07 17:26:01.159 DEBUG [SensorParser] GPGGA: no date from RMC line, bailing out
2025-09-07 17:26:01.470 DEBUG [BluetoothWorker] BT: line:>$LK8EX1,101268,2,309,35,3*0E<
2025-09-07 17:26:01.476 DEBUG [BluetoothWorker] BT: line:>$LK8EX1,101314,2,-256,35,0*21<
2025-09-07 17:26:01.540 DEBUG [BluetoothWorker] BT: line:>$LK8EX1,101299,2,-86,35,0*1A<
2025-09-07 17:26:01.743 DEBUG [BluetoothWorker] BT: line:>$LK8EX1,101279,2,158,35,0*0B<
2025-09-07 17:26:01.934 DEBUG [BluetoothWorker] BT: line:>$LK8EX1,101285,3,49,35,0*38<
2025-09-07 17:26:02.148 DEBUG [BluetoothWorker] BT: line:>$LK8EX1,101302,2,-145,35,0*27<
2025-09-07 17:26:02.157 DEBUG [SensorParser] GPGGA: no date from RMC line, bailing out
2025-09-07 17:26:02.358 DEBUG [BluetoothWorker] BT: line:>$LK8EX1,101296,2,-59,35,0*17<
2025-09-07 17:26:02.557 DEBUG [BluetoothWorker] BT: line:>$LK8EX1,101309,2,-198,35,0*2C<
2025-09-07 17:26:02.774 DEBUG [BluetoothWorker] BT: line:>$LK8EX1,101301,2,-76,35,0*15<
2025-09-07 17:26:02.967 DEBUG [BluetoothWorker] BT: line:>$LK8EX1,101302,2,-69,35,0*18<
2025-09-07 17:26:03.149 DEBUG [SensorParser] GPGGA: no date from RMC line, bailing out
2025-09-07 17:26:03.212 DEBUG [BluetoothWorker] BT: line:>$LK8EX1,101297,2,-2,35,0*28<
2025-09-07 17:26:03.457 DEBUG [BluetoothWorker] BT: line:>$LK8EX1,101294,2,39,35,0*3E<
2025-09-07 17:26:03.671 DEBUG [BluetoothWorker] BT: line:>$LK8EX1,101308,2,-151,35,0*28<
2025-09-07 17:26:03.831 DEBUG [BluetoothWorker] BT: line:>$LK8EX1,101292,2,57,35,0*30<
2025-09-07 17:26:04.042 DEBUG [BluetoothWorker] BT: line:>$LK8EX1,101301,2,-33,35,0*14<
2025-09-07 17:26:04.156 DEBUG [SensorParser] GPGGA: no date from RMC line, bailing out
2025-09-07 17:26:04.245 DEBUG [BluetoothWorker] BT: line:>$LK8EX1,101296,2,8,35,0*0E<
2025-09-07 17:26:04.536 DEBUG [BluetoothWorker] BT: line:>$LK8EX1,101291,2,47,35,0*32<
2025-09-07 17:26:04.749 DEBUG [BluetoothWorker] BT: line:>$LK8EX1,101302,2,-73,35,0*13<
2025-09-07 17:26:05.013 DEBUG [BluetoothWorker] BT: line:>$LK8EX1,101287,2,104,35,0*03<
2025-09-07 17:26:05.158 DEBUG [SensorParser] GPGGA: no date from RMC line, bailing out
2025-09-07 17:26:05.217 DEBUG [BluetoothWorker] BT: line:>$LK8EX1,101293,2,36,35,0*36<
2025-09-07 17:26:05.406 DEBUG [BluetoothWorker] BT: line:>$LK8EX1,101289,2,81,35,0*31<
2025-09-07 17:26:05.534 DEBUG [BluetoothWorker] BT: line:>$LK8EX1,101298,2,-35,35,0*13<
2025-09-07 17:26:05.736 DEBUG [BluetoothWorker] BT: line:>$LK8EX1,101288,2,90,35,0*30<
2025-09-07 17:26:05.949 DEBUG [BluetoothWorker] BT: line:>$LK8EX1,101293,2,14,35,0*36<
2025-09-07 17:26:06.150 DEBUG [SensorParser] GPGGA: no date from RMC line, bailing out
2025-09-07 17:26:06.163 DEBUG [BluetoothWorker] BT: line:>$LK8EX1,101301,2,-101,35,0*24<
2025-09-07 17:26:06.374 DEBUG [BluetoothWorker] BT: line:>$LK8EX1,101291,2,38,35,0*3A<
2025-09-07 17:26:06.913 DEBUG [BluetoothWorker] BT: line:>$LK8EX1,101266,2,267,35,0*0A<
2025-09-07 17:26:06.913 DEBUG [BluetoothWorker] BT: line:>$LK8EX1,101310,2,-189,35,3*27<
2025-09-07 17:26:06.995 DEBUG [BluetoothWorker] BT: line:>$LK8EX1,101301,2,-39,35,1*1F<
2025-09-07 17:26:07.158 DEBUG [SensorParser] GPGGA: no date from RMC line, bailing out
2025-09-07 17:26:07.208 DEBUG [BluetoothWorker] BT: line:>$LK8EX1,101287,2,123,35,0*06<
2025-09-07 17:26:07.421 DEBUG [BluetoothWorker] BT: line:>$LK8EX1,101298,2,-35,35,0*13<
2025-09-07 17:26:07.644 DEBUG [BluetoothWorker] BT: line:>$LK8EX1,101301,2,-57,35,0*16<
2025-09-07 17:26:07.832 DEBUG [BluetoothWorker] BT: line:>$LK8EX1,101299,2,-10,35,0*15<
2025-09-07 17:26:08.042 DEBUG [BluetoothWorker] BT: line:>$LK8EX1,101303,2,-52,35,0*11<
2025-09-07 17:26:08.158 DEBUG [SensorParser] GPGGA: no date from RMC line, bailing out
2025-09-07 17:26:08.266 DEBUG [BluetoothWorker] BT: line:>$LK8EX1,101300,2,-25,35,0*12<
2025-09-07 17:26:08.455 DEBUG [BluetoothWorker] BT: line:>$LK8EX1,101301,2,-22,35,1*15<
2025-09-07 17:26:08.683 DEBUG [BluetoothWorker] BT: line:>$LK8EX1,101291,2,84,35,0*3D<
2025-09-07 17:26:08.922 DEBUG [BluetoothWorker] BT: line:>$LK8EX1,101292,2,62,35,0*36<
2025-09-07 17:26:09.058 INFO [MainActivity] MainActivity onPause
2025-09-07 17:26:09.123 DEBUG [BluetoothWorker] BT: line:>$LK8EX1,101292,2,59,35,0*3E<
2025-09-07 17:26:09.155 DEBUG [SensorParser] GPGGA: no date from RMC line, bailing out
2025-09-07 17:26:09.318 DEBUG [BluetoothWorker] BT: line:>$LK8EX1,101291,2,56,35,0*32<
2025-09-07 17:26:09.532 DEBUG [BluetoothWorker] BT: line:>$LK8EX1,101285,2,142,35,0*03<
2025-09-07 17:26:09.749 DEBUG [BluetoothWorker] BT: line:>$LK8EX1,101280,2,180,35,0*08<
2025-09-07 17:26:09.942 DEBUG [BluetoothWorker] BT: line:>$LK8EX1,101300,2,-41,35,0*10<
2025-09-07 17:26:10.154 DEBUG [SensorParser] GPGGA: no date from RMC line, bailing out
2025-09-07 17:26:10.157 DEBUG [BluetoothWorker] BT: line:>$LK8EX1,101290,2,76,35,0*31<
2025-09-07 17:26:10.407 DEBUG [BluetoothWorker] BT: line:>$LK8EX1,101294,2,24,35,1*33<
2025-09-07 17:26:10.572 DEBUG [BluetoothWorker] BT: line:>$LK8EX1,101297,2,-14,35,1*1E<
2025-09-07 17:26:10.784 DEBUG [BluetoothWorker] BT: line:>$LK8EX1,101293,2,34,35,0*34<
2025-09-07 17:26:11.025 DEBUG [BluetoothWorker] BT: line:>$LK8EX1,101292,2,36,35,0*37<
2025-09-07 17:26:11.157 DEBUG [SensorParser] GPGGA: no date from RMC line, bailing out
2025-09-07 17:26:11.236 DEBUG [BluetoothWorker] BT: line:>$LK8EX1,101288,2,82,35,0*33<
2025-09-07 17:26:11.433 DEBUG [BluetoothWorker] BT: line:>$LK8EX1,101299,2,-51,35,0*10<
2025-09-07 17:26:11.665 DEBUG [BluetoothWorker] BT: line:>$LK8EX1,101300,2,-32,35,0*14<
2025-09-07 17:26:11.865 DEBUG [BluetoothWorker] BT: line:>$LK8EX1,101300,2,-38,35,0*1E<
2025-09-07 17:26:12.156 DEBUG [SensorParser] GPGGA: no date from RMC line, bailing out
2025-09-07 17:26:12.360 DEBUG [BluetoothWorker] BT: line:>$LK8EX1,101273,2,276,35,0*0E<
2025-09-07 17:26:12.364 DEBUG [BluetoothWorker] BT: line:>$LK8EX1,101269,2,281,35,4*09<
2025-09-07 17:26:12.474 DEBUG [BluetoothWorker] BT: line:>$LK8EX1,101285,2,66,35,0*34<
2025-09-07 17:26:12.714 DEBUG [BluetoothWorker] BT: line:>$LK8EX1,101295,2,-24,35,0*1E<
2025-09-07 17:26:12.911 DEBUG [BluetoothWorker] BT: line:>$LK8EX1,101302,2,-107,35,0*21<
2025-09-07 17:26:13.136 DEBUG [BluetoothWorker] BT: line:>$LK8EX1,101292,2,15,35,0*36<
2025-09-07 17:26:13.156 DEBUG [SensorParser] GPGGA: no date from RMC line, bailing out
2025-09-07 17:26:13.343 DEBUG [BluetoothWorker] BT: line:>$LK8EX1,101289,2,60,35,0*3E<
2025-09-07 17:26:13.543 DEBUG [BluetoothWorker] BT: line:>$LK8EX1,101297,2,-37,35,0*1E<
2025-09-07 17:26:13.755 DEBUG [BluetoothWorker] BT: line:>$LK8EX1,101304,2,-117,35,0*26<
2025-09-07 17:26:13.959 DEBUG [BluetoothWorker] BT: line:>$LK8EX1,101299,2,-45,35,0*15<
2025-09-07 17:26:14.160 DEBUG [SensorParser] GPGGA: no date from RMC line, bailing out
2025-09-07 17:26:14.178 DEBUG [BluetoothWorker] BT: line:>$LK8EX1,101287,2,80,35,0*3E<
2025-09-07 17:26:14.400 DEBUG [BluetoothWorker] BT: line:>$LK8EX1,101301,2,-76,35,1*14<
2025-09-07 17:26:14.619 DEBUG [BluetoothWorker] BT: line:>$LK8EX1,101297,2,-18,35,0*13<
2025-09-07 17:26:14.831 DEBUG [BluetoothWorker] BT: line:>$LK8EX1,101302,2,-90,35,0*1E<
2025-09-07 17:26:15.031 DEBUG [BluetoothWorker] BT: line:>$LK8EX1,101299,2,-38,35,0*1F<
2025-09-07 17:26:15.158 DEBUG [SensorParser] GPGGA: no date from RMC line, bailing out
2025-09-07 17:26:15.245 DEBUG [BluetoothWorker] BT: line:>$LK8EX1,101291,2,43,35,0*36<
2025-09-07 17:26:15.428 DEBUG [BluetoothWorker] BT: line:>$LK8EX1,101300,2,-75,35,0*17<
2025-09-07 17:26:15.653 DEBUG [BluetoothWorker] BT: line:>$LK8EX1,101295,2,8,35,0*0D<
2025-09-07 17:26:15.860 DEBUG [BluetoothWorker] BT: line:>$LK8EX1,101306,2,-94,35,0*1E<
2025-09-07 17:26:16.080 DEBUG [BluetoothWorker] BT: line:>$LK8EX1,101297,2,20,35,0*35<
2025-09-07 17:26:16.160 DEBUG [SensorParser] GPGGA: no date from RMC line, bailing out
2025-09-07 17:26:16.292 DEBUG [BluetoothWorker] BT: line:>$LK8EX1,101302,2,-29,35,0*1C<
2025-09-07 17:26:16.546 DEBUG [BluetoothWorker] BT: line:>$LK8EX1,101301,2,-29,35,1*1E<
2025-09-07 17:26:16.725 DEBUG [BluetoothWorker] BT: line:>$LK8EX1,101287,2,125,35,0*00<
2025-09-07 17:26:16.814 INFO [MainActivity] MainActivity onResume
2025-09-07 17:26:16.916 DEBUG [BluetoothWorker] BT: line:>$LK8EX1,101292,2,46,35,0*30<
2025-09-07 17:26:17.120 DEBUG [BluetoothWorker] BT: line:>$LK8EX1,101302,2,-74,35,0*14<
2025-09-07 17:26:17.150 DEBUG [SensorParser] GPGGA: no date from RMC line, bailing out
2025-09-07 17:26:17.330 DEBUG [BluetoothWorker] BT: line:>$LK8EX1,101299,2,-26,35,0*10<
2025-09-07 17:26:18.157 DEBUG [SensorParser] GPGGA: no date from RMC line, bailing out
2025-09-07 17:26:18.298 DEBUG [BluetoothWorker] BT: line:>$LK8EX1,101304,2,-64,35,0*13<
2025-09-07 17:26:18.299 DEBUG [BluetoothWorker] BT: line:>$LK8EX1,101313,2,-203,35,0*26<
2025-09-07 17:26:18.300 DEBUG [BluetoothWorker] BT: line:>$LK8EX1,101306,2,-108,35,0*2A<
2025-09-07 17:26:18.306 DEBUG [BluetoothWorker] BT: line:>$LK8EX1,101296,2,-1,35,0*2A<
2025-09-07 17:26:18.412 DEBUG [BluetoothWorker] BT: line:>$LK8EX1,101291,2,55,35,1*30<
2025-09-07 17:26:18.617 DEBUG [BluetoothWorker] BT: line:>$LK8EX1,101303,2,-70,35,0*11<
2025-09-07 17:26:18.823 DEBUG [BluetoothWorker] BT: line:>$LK8EX1,101299,2,-24,35,0*12<
2025-09-07 17:26:19.060 DEBUG [BluetoothWorker] BT: line:>$LK8EX1,101311,2,-178,35,0*2B<
2025-09-07 17:26:19.150 DEBUG [SensorParser] GPGGA: no date from RMC line, bailing out
2025-09-07 17:26:19.264 DEBUG [BluetoothWorker] BT: line:>$LK8EX1,101296,2,34,35,0*31<
2025-09-07 17:26:19.459 DEBUG [BluetoothWorker] BT: line:>$LK8EX1,101300,2,-47,35,0*16<
2025-09-07 17:26:19.699 DEBUG [BluetoothWorker] BT: line:>$LK8EX1,101282,2,157,35,0*00<
2025-09-07 17:26:19.886 DEBUG [BluetoothWorker] BT: line:>$LK8EX1,101300,2,-63,35,1*11<
2025-09-07 17:26:20.072 DEBUG [BluetoothWorker] BT: line:>$LK8EX1,101292,2,41,35,0*37<
2025-09-07 17:26:20.150 DEBUG [SensorParser] GPGGA: no date from RMC line, bailing out
2025-09-07 17:26:20.291 DEBUG [BluetoothWorker] BT: line:>$LK8EX1,101289,2,73,35,0*3C<
2025-09-07 17:26:20.529 DEBUG [BluetoothWorker] BT: line:>$LK8EX1,101298,2,-25,35,0*12<
2025-09-07 17:26:20.704 DEBUG [BluetoothWorker] BT: line:>$LK8EX1,101305,2,-97,35,0*1E<
2025-09-07 17:26:20.943 DEBUG [BluetoothWorker] BT: line:>$LK8EX1,101303,2,-55,35,0*16<
2025-09-07 17:26:21.131 DEBUG [BluetoothWorker] BT: line:>$LK8EX1,101299,2,9,35,0*00<
2025-09-07 17:26:21.157 DEBUG [SensorParser] GPGGA: no date from RMC line, bailing out
2025-09-07 17:26:21.361 DEBUG [BluetoothWorker] BT: line:>$LK8EX1,101299,2,23,35,0*38<
2025-09-07 17:26:21.565 DEBUG [BluetoothWorker] BT: line:>$LK8EX1,101290,2,139,35,0*0B<
2025-09-07 17:26:21.772 DEBUG [BluetoothWorker] BT: line:>$LK8EX1,101303,2,-46,35,0*14<
2025-09-07 17:26:22.056 DEBUG [BluetoothWorker] BT: line:>$LK8EX1,101279,2,191,35,0*0E<
2025-09-07 17:26:22.152 DEBUG [SensorParser] GPGGA: no date from RMC line, bailing out
2025-09-07 17:26:22.261 DEBUG [BluetoothWorker] BT: line:>$LK8EX1,101302,2,-75,35,1*14<
2025-09-07 17:26:22.417 DEBUG [BluetoothWorker] BT: line:>$LK8EX1,101288,2,94,35,0*34<
2025-09-07 17:26:22.629 DEBUG [BluetoothWorker] BT: line:>$LK8EX1,101295,2,13,35,0*37<
2025-09-07 17:26:22.827 DEBUG [BluetoothWorker] BT: line:>$LK8EX1,101289,2,61,35,0*3F<
2025-09-07 17:26:23.034 DEBUG [BluetoothWorker] BT: line:>$LK8EX1,101299,2,-71,35,0*12<
2025-09-07 17:26:23.153 DEBUG [SensorParser] GPGGA: no date from RMC line, bailing out
2025-09-07 17:26:23.250 DEBUG [BluetoothWorker] BT: line:>$LK8EX1,101298,2,-51,35,0*11<
2025-09-07 17:26:23.748 DEBUG [BluetoothWorker] BT: line:>$LK8EX1,101316,2,-256,35,0*23<
2025-09-07 17:26:23.753 DEBUG [BluetoothWorker] BT: line:>$LK8EX1,101292,2,84,35,1*3F<
2025-09-07 17:26:23.862 DEBUG [BluetoothWorker] BT: line:>$LK8EX1,101309,1,-69,35,0*10<
2025-09-07 17:26:24.090 DEBUG [BluetoothWorker] BT: line:>$LK8EX1,101297,1,55,35,1*35<
2025-09-07 17:26:24.157 DEBUG [SensorParser] GPGGA: no date from RMC line, bailing out
2025-09-07 17:26:24.336 DEBUG [BluetoothWorker] BT: line:>$LK8EX1,101297,2,36,35,0*32<
2025-09-07 17:26:24.549 DEBUG [BluetoothWorker] BT: line:>$LK8EX1,101294,1,100,35,0*06<
2025-09-07 17:26:24.727 DEBUG [BluetoothWorker] BT: line:>$LK8EX1,101291,2,97,35,0*3F<
2025-09-07 17:26:24.938 DEBUG [BluetoothWorker] BT: line:>$LK8EX1,101303,2,-51,35,0*12<
2025-09-07 17:26:25.132 DEBUG [BluetoothWorker] BT: line:>$LK8EX1,101296,2,34,35,0*31<
2025-09-07 17:26:25.159 DEBUG [SensorParser] GPGGA: no date from RMC line, bailing out
2025-09-07 17:26:25.348 DEBUG [BluetoothWorker] BT: line:>$LK8EX1,101294,2,54,35,0*35<
2025-09-07 17:26:25.556 DEBUG [BluetoothWorker] BT: line:>$LK8EX1,101294,2,41,35,0*31<
2025-09-07 17:26:25.778 DEBUG [BluetoothWorker] BT: line:>$LK8EX1,101304,2,-62,35,0*15<
2025-09-07 17:26:26.015 DEBUG [BluetoothWorker] BT: line:>$LK8EX1,101296,2,28,35,0*3C<
2025-09-07 17:26:26.159 DEBUG [SensorParser] GPGGA: no date from RMC line, bailing out
2025-09-07 17:26:26.221 DEBUG [BluetoothWorker] BT: line:>$LK8EX1,101308,2,-116,35,0*2B<
2025-09-07 17:26:26.430 DEBUG [BluetoothWorker] BT: line:>$LK8EX1,101309,2,-123,35,0*2C<
2025-09-07 17:26:26.635 DEBUG [BluetoothWorker] BT: line:>$LK8EX1,101289,2,127,35,0*0C<
2025-09-07 17:26:26.833 DEBUG [BluetoothWorker] BT: line:>$LK8EX1,101301,2,-16,35,0*13<
2025-09-07 17:26:27.038 DEBUG [BluetoothWorker] BT: line:>$LK8EX1,101300,2,-15,35,0*11<
2025-09-07 17:26:27.158 DEBUG [SensorParser] GPGGA: no date from RMC line, bailing out
2025-09-07 17:26:27.248 DEBUG [BluetoothWorker] BT: line:>$LK8EX1,101290,2,104,35,0*05<
2025-09-07 17:26:27.555 DEBUG [BluetoothWorker] BT: line:>$LK8EX1,101299,2,-28,35,0*1E<
2025-09-07 17:26:27.748 DEBUG [BluetoothWorker] BT: line:>$LK8EX1,101304,2,-97,35,0*1F<
2025-09-07 17:26:27.989 DEBUG [BluetoothWorker] BT: line:>$LK8EX1,101293,2,29,35,0*38<
2025-09-07 17:26:28.150 DEBUG [SensorParser] GPGGA: no date from RMC line, bailing out
2025-09-07 17:26:28.202 DEBUG [BluetoothWorker] BT: line:>$LK8EX1,101302,2,-59,35,0*1B<
2025-09-07 17:26:28.423 DEBUG [BluetoothWorker] BT: line:>$LK8EX1,101300,2,-11,35,0*15<
2025-09-07 17:26:28.626 DEBUG [BluetoothWorker] BT: line:>$LK8EX1,101292,2,85,35,0*3F<
2025-09-07 17:26:29.159 DEBUG [SensorParser] GPGGA: no date from RMC line, bailing out
2025-09-07 17:26:29.188 DEBUG [BluetoothWorker] BT: line:>$LK8EX1,101290,2,112,35,0*02<
2025-09-07 17:26:29.190 DEBUG [BluetoothWorker] BT: line:>$LK8EX1,101287,2,103,35,0*04<
2025-09-07 17:26:29.250 DEBUG [BluetoothWorker] BT: line:>$LK8EX1,101299,2,-70,35,0*13<
2025-09-07 17:26:29.369 DEBUG [BluetoothWorker] BT: line:>$LK8EX1,101294,2,-1,35,0*28<
2025-09-07 17:26:29.566 DEBUG [BluetoothWorker] BT: line:>$LK8EX1,101292,2,29,35,0*39<
2025-09-07 17:26:29.763 DEBUG [BluetoothWorker] BT: line:>$LK8EX1,101295,2,0,35,1*04<
2025-09-07 17:26:30.035 DEBUG [BluetoothWorker] BT: line:>$LK8EX1,101294,2,6,35,0*02<
2025-09-07 17:26:30.151 DEBUG [SensorParser] GPGGA: no date from RMC line, bailing out
2025-09-07 17:26:30.202 DEBUG [BluetoothWorker] BT: line:>$LK8EX1,101297,2,-25,35,0*1D<
2025-09-07 17:26:30.430 DEBUG [BluetoothWorker] BT: line:>$LK8EX1,101289,2,81,35,0*31<
2025-09-07 17:26:30.624 DEBUG [BluetoothWorker] BT: line:>$LK8EX1,101301,2,-77,35,0*14<
2025-09-07 17:26:30.835 DEBUG [BluetoothWorker] BT: line:>$LK8EX1,101302,2,-81,35,0*1E<
2025-09-07 17:26:31.046 DEBUG [BluetoothWorker] BT: line:>$LK8EX1,101304,2,-76,35,0*10<
2025-09-07 17:26:31.150 DEBUG [SensorParser] GPGGA: no date from RMC line, bailing out
2025-09-07 17:26:31.266 DEBUG [BluetoothWorker] BT: line:>$LK8EX1,101308,2,-117,35,0*2A<
2025-09-07 17:26:31.473 DEBUG [BluetoothWorker] BT: line:>$LK8EX1,101304,2,-42,35,0*17<
2025-09-07 17:26:31.660 DEBUG [BluetoothWorker] BT: line:>$LK8EX1,101296,2,32,35,0*37<
2025-09-07 17:26:31.912 DEBUG [BluetoothWorker] BT: line:>$LK8EX1,101294,2,49,35,0*39<
2025-09-07 17:26:32.123 DEBUG [BluetoothWorker] BT: line:>$LK8EX1,101292,2,62,35,0*36<
2025-09-07 17:26:32.158 DEBUG [SensorParser] GPGGA: no date from RMC line, bailing out
2025-09-07 17:26:32.324 DEBUG [BluetoothWorker] BT: line:>$LK8EX1,101302,2,-59,35,0*1B<
2025-09-07 17:26:32.543 DEBUG [BluetoothWorker] BT: line:>$LK8EX1,101298,2,-1,35,0*24<
2025-09-07 17:26:32.732 DEBUG [BluetoothWorker] BT: line:>$LK8EX1,101295,2,48,35,0*39<
2025-09-07 17:26:33.007 DEBUG [BluetoothWorker] BT: line:>$LK8EX1,101305,2,-70,35,0*17<
2025-09-07 17:26:33.153 DEBUG [BluetoothWorker] BT: line:>$LK8EX1,101298,2,16,35,0*3F<
2025-09-07 17:26:33.158 DEBUG [SensorParser] GPGGA: no date from RMC line, bailing out
2025-09-07 17:26:33.359 DEBUG [BluetoothWorker] BT: line:>$LK8EX1,101307,1,-71,35,0*17<
2025-09-07 17:26:33.668 DEBUG [BluetoothWorker] BT: line:>$LK8EX1,101297,2,37,35,0*33<
2025-09-07 17:26:33.804 DEBUG [BluetoothWorker] BT: line:>$LK8EX1,101311,1,-127,35,1*23<
2025-09-07 17:26:34.022 DEBUG [BluetoothWorker] BT: line:>$LK8EX1,101296,2,51,35,1*33<
2025-09-07 17:26:34.158 DEBUG [SensorParser] GPGGA: no date from RMC line, bailing out
2025-09-07 17:26:34.634 DEBUG [BluetoothWorker] BT: line:>$LK8EX1,101296,2,39,35,0*3C<
2025-09-07 17:26:34.637 DEBUG [BluetoothWorker] BT: line:>$LK8EX1,101303,1,-17,35,0*13<
2025-09-07 17:26:34.639 DEBUG [BluetoothWorker] BT: line:>$LK8EX1,101316,1,-169,35,1*2E<
2025-09-07 17:26:34.838 DEBUG [BluetoothWorker] BT: line:>$LK8EX1,101294,1,116,35,0*01<
2025-09-07 17:26:35.081 DEBUG [BluetoothWorker] BT: line:>$LK8EX1,101289,2,151,35,0*0D<
2025-09-07 17:26:35.157 DEBUG [SensorParser] GPGGA: no date from RMC line, bailing out
2025-09-07 17:26:35.342 DEBUG [BluetoothWorker] BT: line:>$LK8EX1,101301,2,-20,35,0*16<
2025-09-07 17:26:35.557 DEBUG [BluetoothWorker] BT: line:>$LK8EX1,101308,2,-100,35,0*2C<
2025-09-07 17:26:35.739 DEBUG [BluetoothWorker] BT: line:>$LK8EX1,101296,2,50,35,1*32<
2025-09-07 17:26:35.909 DEBUG [BluetoothWorker] BT: line:>$LK8EX1,101300,2,-3,35,0*26<
2025-09-07 17:26:36.109 DEBUG [BluetoothWorker] BT: line:>$LK8EX1,101310,1,-121,35,0*25<
2025-09-07 17:26:36.159 DEBUG [SensorParser] GPGGA: no date from RMC line, bailing out
2025-09-07 17:26:36.322 DEBUG [BluetoothWorker] BT: line:>$LK8EX1,101311,1,-125,35,0*20<
2025-09-07 17:26:36.534 DEBUG [BluetoothWorker] BT: line:>$LK8EX1,101305,1,-36,35,0*16<
2025-09-07 17:26:36.751 DEBUG [BluetoothWorker] BT: line:>$LK8EX1,101295,2,78,35,0*3A<
2025-09-07 17:26:36.962 DEBUG [BluetoothWorker] BT: line:>$LK8EX1,101299,2,18,35,0*30<
2025-09-07 17:26:37.152 DEBUG [SensorParser] GPGGA: no date from RMC line, bailing out
2025-09-07 17:26:37.163 DEBUG [BluetoothWorker] BT: line:>$LK8EX1,101306,1,-59,35,0*1C<
2025-09-07 17:26:37.368 DEBUG [BluetoothWorker] BT: line:>$LK8EX1,101294,1,83,35,1*3D<
2025-09-07 17:26:37.575 DEBUG [BluetoothWorker] BT: line:>$LK8EX1,101302,2,-14,35,1*13<
2025-09-07 17:26:37.782 DEBUG [BluetoothWorker] BT: line:>$LK8EX1,101298,2,34,35,1*3E<
2025-09-07 17:26:38.014 DEBUG [BluetoothWorker] BT: line:>$LK8EX1,101303,2,-44,35,0*16<
2025-09-07 17:26:38.158 DEBUG [SensorParser] GPGGA: no date from RMC line, bailing out
2025-09-07 17:26:38.217 DEBUG [BluetoothWorker] BT: line:>$LK8EX1,101293,2,75,35,0*31<
2025-09-07 17:26:38.446 DEBUG [BluetoothWorker] BT: line:>$LK8EX1,101305,2,-63,35,0*15<
2025-09-07 17:26:38.639 DEBUG [BluetoothWorker] BT: line:>$LK8EX1,101295,2,57,35,0*37<
2025-09-07 17:26:38.864 DEBUG [BluetoothWorker] BT: line:>$LK8EX1,101295,2,37,35,0*31<
2025-09-07 17:26:39.137 DEBUG [BluetoothWorker] BT: line:>$LK8EX1,101290,2,63,35,1*34<
2025-09-07 17:26:39.156 DEBUG [SensorParser] GPGGA: no date from RMC line, bailing out
2025-09-07 17:26:39.365 DEBUG [BluetoothWorker] BT: line:>$LK8EX1,101302,2,-76,36,0*15<
2025-09-07 17:26:39.527 DEBUG [BluetoothWorker] BT: line:>$LK8EX1,101294,2,27,35,0*31<
2025-09-07 17:26:40.079 DEBUG [BluetoothWorker] BT: line:>$LK8EX1,101297,2,7,35,4*04<
2025-09-07 17:26:40.082 DEBUG [BluetoothWorker] BT: line:>$LK8EX1,101313,1,-140,35,0*21<
2025-09-07 17:26:40.156 DEBUG [SensorParser] GPGGA: no date from RMC line, bailing out
2025-09-07 17:26:40.162 DEBUG [BluetoothWorker] BT: line:>$LK8EX1,101301,1,59,35,0*36<
2025-09-07 17:26:40.336 DEBUG [BluetoothWorker] BT: line:>$LK8EX1,101296,1,98,36,0*37<
2025-09-07 17:26:40.578 DEBUG [BluetoothWorker] BT: line:>$LK8EX1,101309,1,-80,36,0*14<
2025-09-07 17:26:40.767 DEBUG [BluetoothWorker] BT: line:>$LK8EX1,101291,2,118,36,0*0A<
2025-09-07 17:26:41.057 DEBUG [BluetoothWorker] BT: line:>$LK8EX1,101297,2,37,35,1*32<
2025-09-07 17:26:41.158 DEBUG [SensorParser] GPGGA: no date from RMC line, bailing out
2025-09-07 17:26:41.251 DEBUG [BluetoothWorker] BT: line:>$LK8EX1,101299,2,13,35,1*3A<
2025-09-07 17:26:41.438 DEBUG [BluetoothWorker] BT: line:>$LK8EX1,101293,2,78,36,0*3F<
2025-09-07 17:26:41.621 DEBUG [BluetoothWorker] BT: line:>$LK8EX1,101309,1,-107,36,0*2A<
2025-09-07 17:26:41.834 DEBUG [BluetoothWorker] BT: line:>$LK8EX1,101301,1,6,36,1*0E<
2025-09-07 17:26:42.047 DEBUG [BluetoothWorker] BT: line:>$LK8EX1,101287,2,160,36,0*02<
2025-09-07 17:26:42.158 DEBUG [SensorParser] GPGGA: no date from RMC line, bailing out
2025-09-07 17:26:42.256 DEBUG [BluetoothWorker] BT: line:>$LK8EX1,101288,2,111,36,0*0B<
2025-09-07 17:26:42.443 DEBUG [BluetoothWorker] BT: line:>$LK8EX1,101300,2,-41,36,0*13<
2025-09-07 17:26:42.673 DEBUG [BluetoothWorker] BT: line:>$LK8EX1,101296,2,16,36,0*32<
2025-09-07 17:26:42.933 DEBUG [BluetoothWorker] BT: line:>$LK8EX1,101307,2,-104,36,0*24<
2025-09-07 17:26:43.142 DEBUG [BluetoothWorker] BT: line:>$LK8EX1,101302,2,-34,36,0*13<
2025-09-07 17:26:43.157 DEBUG [SensorParser] GPGGA: no date from RMC line, bailing out
2025-09-07 17:26:43.383 DEBUG [BluetoothWorker] BT: line:>$LK8EX1,101300,2,-6,36,1*21<
2025-09-07 17:26:43.600 DEBUG [BluetoothWorker] BT: line:>$LK8EX1,101301,2,-25,36,0*10<
2025-09-07 17:26:43.807 DEBUG [BluetoothWorker] BT: line:>$LK8EX1,101301,2,-25,36,0*10<
2025-09-07 17:26:44.008 DEBUG [BluetoothWorker] BT: line:>$LK8EX1,101299,2,0,36,0*0A<
2025-09-07 17:26:44.158 DEBUG [SensorParser] GPGGA: no date from RMC line, bailing out
2025-09-07 17:26:44.222 DEBUG [BluetoothWorker] BT: line:>$LK8EX1,101295,2,62,36,0*32<
2025-09-07 17:26:44.422 DEBUG [BluetoothWorker] BT: line:>$LK8EX1,101295,2,57,36,0*34<
2025-09-07 17:26:44.554 DEBUG [BluetoothWorker] BT: line:>$LK8EX1,101294,2,60,36,0*31<
2025-09-07 17:26:44.769 DEBUG [BluetoothWorker] BT: line:>$LK8EX1,101305,2,-72,36,0*16<
2025-09-07 17:26:45.051 DEBUG [BluetoothWorker] BT: line:>$LK8EX1,101292,2,76,36,0*30<
2025-09-07 17:26:45.157 DEBUG [SensorParser] GPGGA: no date from RMC line, bailing out
2025-09-07 17:26:45.525 DEBUG [BluetoothWorker] BT: line:>$LK8EX1,101277,2,253,36,0*0E<
2025-09-07 17:26:45.530 DEBUG [BluetoothWorker] BT: line:>$LK8EX1,101304,2,-91,36,0*1A<
2025-09-07 17:26:45.633 DEBUG [BluetoothWorker] BT: line:>$LK8EX1,101290,2,93,36,0*39<
2025-09-07 17:26:45.818 DEBUG [BluetoothWorker] BT: line:>$LK8EX1,101288,2,110,36,0*0A<
2025-09-07 17:26:46.027 DEBUG [BluetoothWorker] BT: line:>$LK8EX1,101296,2,-14,36,0*1D<
2025-09-07 17:26:46.154 DEBUG [SensorParser] GPGGA: no date from RMC line, bailing out
2025-09-07 17:26:46.250 DEBUG [BluetoothWorker] BT: line:>$LK8EX1,101301,2,-79,36,0*19<
2025-09-07 17:26:46.451 DEBUG [BluetoothWorker] BT: line:>$LK8EX1,101294,2,7,36,0*00<
2025-09-07 17:26:46.650 DEBUG [BluetoothWorker] BT: line:>$LK8EX1,101305,2,-89,36,0*12<
2025-09-07 17:26:46.991 DEBUG [BluetoothWorker] BT: line:>$LK8EX1,101297,2,15,36,0*30<
2025-09-07 17:26:47.156 DEBUG [BluetoothWorker] BT: line:>$LK8EX1,101289,2,113,36,1*09<
2025-09-07 17:26:47.157 DEBUG [SensorParser] GPGGA: no date from RMC line, bailing out
2025-09-07 17:26:47.307 DEBUG [BluetoothWorker] BT: line:>$LK8EX1,101290,2,80,36,0*3B<
2025-09-07 17:26:47.507 DEBUG [BluetoothWorker] BT: line:>$LK8EX1,101301,2,-57,36,1*14<
2025-09-07 17:26:47.747 DEBUG [BluetoothWorker] BT: line:>$LK8EX1,101298,2,-15,36,0*12<
2025-09-07 17:26:47.936 DEBUG [BluetoothWorker] BT: line:>$LK8EX1,101290,2,86,36,0*3D<
2025-09-07 17:26:48.149 DEBUG [BluetoothWorker] BT: line:>$LK8EX1,101304,2,-94,36,0*1F<
2025-09-07 17:26:48.154 DEBUG [SensorParser] GPGGA: no date from RMC line, bailing out
2025-09-07 17:26:48.341 DEBUG [BluetoothWorker] BT: line:>$LK8EX1,101298,2,-31,36,0*14<
2025-09-07 17:26:48.547 DEBUG [BluetoothWorker] BT: line:>$LK8EX1,101297,2,-6,36,0*2F<
2025-09-07 17:26:48.763 DEBUG [BluetoothWorker] BT: line:>$LK8EX1,101303,2,-71,36,0*13<
2025-09-07 17:26:48.977 DEBUG [BluetoothWorker] BT: line:>$LK8EX1,101309,1,-103,36,0*2E<
2025-09-07 17:26:49.159 DEBUG [SensorParser] GPGGA: no date from RMC line, bailing out
2025-09-07 17:26:49.179 DEBUG [BluetoothWorker] BT: line:>$LK8EX1,101293,2,100,36,0*01<
2025-09-07 17:26:49.386 DEBUG [BluetoothWorker] BT: line:>$LK8EX1,101297,2,-2,36,0*2B<
2025-09-07 17:26:49.620 DEBUG [BluetoothWorker] BT: line:>$LK8EX1,101292,2,68,36,0*3F<
2025-09-07 17:26:49.817 DEBUG [BluetoothWorker] BT: line:>$LK8EX1,101295,2,13,36,1*35<
2025-09-07 17:26:50.015 DEBUG [BluetoothWorker] BT: line:>$LK8EX1,101297,2,-15,36,0*1D<
2025-09-07 17:26:50.153 DEBUG [SensorParser] GPGGA: no date from RMC line, bailing out
2025-09-07 17:26:50.219 DEBUG [BluetoothWorker] BT: line:>$LK8EX1,101294,2,27,36,0*32<
2025-09-07 17:26:50.437 DEBUG [BluetoothWorker] BT: line:>$LK8EX1,101296,2,18,36,0*3C<
2025-09-07 17:26:50.970 DEBUG [BluetoothWorker] BT: line:>$LK8EX1,101278,2,230,36,0*04<
2025-09-07 17:26:50.972 DEBUG [BluetoothWorker] BT: line:>$LK8EX1,101297,2,-18,36,0*10<
2025-09-07 17:26:51.063 DEBUG [BluetoothWorker] BT: line:>$LK8EX1,101307,2,-66,36,0*11<
2025-09-07 17:26:51.159 DEBUG [SensorParser] GPGGA: no date from RMC line, bailing out
2025-09-07 17:26:51.346 DEBUG [BluetoothWorker] BT: line:>$LK8EX1,101301,1,4,36,0*0D<
2025-09-07 17:26:51.543 DEBUG [BluetoothWorker] BT: line:>$LK8EX1,101297,2,43,36,0*33<
2025-09-07 17:26:51.735 DEBUG [BluetoothWorker] BT: line:>$LK8EX1,101302,2,-26,36,0*10<
2025-09-07 17:26:51.924 DEBUG [BluetoothWorker] BT: line:>$LK8EX1,101293,2,76,36,0*31<
2025-09-07 17:26:52.133 DEBUG [BluetoothWorker] BT: line:>$LK8EX1,101300,2,-25,36,0*11<
2025-09-07 17:26:52.159 DEBUG [SensorParser] GPGGA: no date from RMC line, bailing out
2025-09-07 17:26:52.338 DEBUG [BluetoothWorker] BT: line:>$LK8EX1,101297,2,11,36,0*34<
2025-09-07 17:26:52.582 DEBUG [BluetoothWorker] BT: line:>$LK8EX1,101313,2,-187,36,0*2A<
2025-09-07 17:26:52.810 DEBUG [BluetoothWorker] BT: line:>$LK8EX1,101301,2,-31,36,0*15<
2025-09-07 17:26:52.973 DEBUG [BluetoothWorker] BT: line:>$LK8EX1,101302,2,-44,36,0*14<
2025-09-07 17:26:53.156 DEBUG [SensorParser] GPGGA: no date from RMC line, bailing out
2025-09-07 17:26:53.207 DEBUG [BluetoothWorker] BT: line:>$LK8EX1,101297,2,23,36,1*34<
2025-09-07 17:26:53.430 DEBUG [BluetoothWorker] BT: line:>$LK8EX1,101297,2,16,36,0*33<
2025-09-07 17:26:53.620 DEBUG [BluetoothWorker] BT: line:>$LK8EX1,101297,2,12,36,0*37<
2025-09-07 17:26:53.839 DEBUG [BluetoothWorker] BT: line:>$LK8EX1,101308,2,-107,36,0*28<
2025-09-07 17:26:54.040 DEBUG [BluetoothWorker] BT: line:>$LK8EX1,101301,2,-20,36,0*15<
2025-09-07 17:26:54.156 DEBUG [SensorParser] GPGGA: no date from RMC line, bailing out
2025-09-07 17:26:54.240 DEBUG [BluetoothWorker] BT: line:>$LK8EX1,101296,2,45,36,0*34<
2025-09-07 17:26:54.561 DEBUG [BluetoothWorker] BT: line:>$LK8EX1,101312,1,-125,36,1*21<
2025-09-07 17:26:54.748 DEBUG [BluetoothWorker] BT: line:>$LK8EX1,101307,2,-85,36,0*1C<
2025-09-07 17:26:54.996 DEBUG [BluetoothWorker] BT: line:>$LK8EX1,101292,2,87,36,0*3E<
2025-09-07 17:26:55.158 DEBUG [SensorParser] GPGGA: no date from RMC line, bailing out
2025-09-07 17:26:55.193 DEBUG [BluetoothWorker] BT: line:>$LK8EX1,101297,2,10,36,0*35<
2025-09-07 17:26:55.411 DEBUG [BluetoothWorker] BT: line:>$LK8EX1,101300,2,-25,36,0*11<
2025-09-07 17:26:55.576 DEBUG [BluetoothWorker] BT: line:>$LK8EX1,101295,2,36,36,0*33<
2025-09-07 17:26:55.735 DEBUG [BluetoothWorker] BT: line:>$LK8EX1,101289,2,97,36,0*35<
2025-09-07 17:26:55.959 DEBUG [BluetoothWorker] BT: line:>$LK8EX1,101297,2,-5,36,0*2C<
2025-09-07 17:26:56.157 DEBUG [SensorParser] GPGGA: no date from RMC line, bailing out
2025-09-07 17:26:56.416 DEBUG [BluetoothWorker] BT: line:>$LK8EX1,101288,2,104,36,0*0F<
2025-09-07 17:26:56.417 DEBUG [BluetoothWorker] BT: line:>$LK8EX1,101287,2,140,36,0*00<
2025-09-07 17:26:56.556 DEBUG [BluetoothWorker] BT: line:>$LK8EX1,101295,2,30,36,0*35<
2025-09-07 17:26:56.782 DEBUG [BluetoothWorker] BT: line:>$LK8EX1,101293,2,26,36,0*34<
2025-09-07 17:26:57.027 DEBUG [BluetoothWorker] BT: line:>$LK8EX1,101291,2,37,36,0*36<
2025-09-07 17:26:57.158 DEBUG [SensorParser] GPGGA: no date from RMC line, bailing out
2025-09-07 17:26:57.203 DEBUG [BluetoothWorker] BT: line:>$LK8EX1,101303,2,-119,36,0*2C<
2025-09-07 17:26:57.414 DEBUG [BluetoothWorker] BT: line:>$LK8EX1,101295,2,2,36,0*04<
2025-09-07 17:26:57.625 DEBUG [BluetoothWorker] BT: line:>$LK8EX1,101297,2,-19,36,0*11<
2025-09-07 17:26:57.832 DEBUG [BluetoothWorker] BT: line:>$LK8EX1,101296,2,-7,36,0*2F<
2025-09-07 17:26:58.054 DEBUG [BluetoothWorker] BT: line:>$LK8EX1,101291,2,80,36,0*3A<
2025-09-07 17:26:58.158 DEBUG [SensorParser] GPGGA: no date from RMC line, bailing out
2025-09-07 17:26:58.253 DEBUG [BluetoothWorker] BT: line:>$LK8EX1,101299,2,-28,36,0*1D<
2025-09-07 17:26:58.536 DEBUG [BluetoothWorker] BT: line:>$LK8EX1,101306,2,-85,36,0*1D<
2025-09-07 17:26:58.755 DEBUG [BluetoothWorker] BT: line:>$LK8EX1,101303,2,-45,36,0*14<
2025-09-07 17:26:58.983 DEBUG [BluetoothWorker] BT: line:>$LK8EX1,101308,1,-88,36,1*1C<
2025-09-07 17:26:59.158 DEBUG [SensorParser] GPGGA: no date from RMC line, bailing out
2025-09-07 17:26:59.199 DEBUG [BluetoothWorker] BT: line:>$LK8EX1,101298,2,30,36,0*38<
2025-09-07 17:26:59.444 DEBUG [BluetoothWorker] BT: line:>$LK8EX1,101305,1,-49,36,0*1D<
2025-09-07 17:26:59.613 DEBUG [BluetoothWorker] BT: line:>$LK8EX1,101293,2,81,36,0*39<
2025-09-07 17:26:59.840 DEBUG [BluetoothWorker] BT: line:>$LK8EX1,101293,2,84,36,0*3C<
2025-09-07 17:27:00.034 DEBUG [BluetoothWorker] BT: line:>$LK8EX1,101290,2,103,36,0*01<
2025-09-07 17:27:00.157 DEBUG [SensorParser] GPGGA: no date from RMC line, bailing out
2025-09-07 17:27:00.240 DEBUG [BluetoothWorker] BT: line:>$LK8EX1,101298,2,0,36,0*0B<
2025-09-07 17:27:00.373 DEBUG [BluetoothWorker] BT: line:>$LK8EX1,101299,2,-11,36,0*17<
2025-09-07 17:27:00.567 DEBUG [BluetoothWorker] BT: line:>$LK8EX1,101296,2,35,36,0*33<
2025-09-07 17:27:00.807 DEBUG [BluetoothWorker] BT: line:>$LK8EX1,101293,2,59,36,0*3C<
2025-09-07 17:27:01.017 DEBUG [BluetoothWorker] BT: line:>$LK8EX1,101292,2,51,36,0*35<
2025-09-07 17:27:01.159 DEBUG [SensorParser] GPGGA: no date from RMC line, bailing out
2025-09-07 17:27:01.222 DEBUG [BluetoothWorker] BT: line:>$LK8EX1,101302,2,-64,36,1*17<
2025-09-07 17:27:01.427 DEBUG [BluetoothWorker] BT: line:>$LK8EX1,101298,2,-2,36,0*24<
2025-09-07 17:27:01.862 DEBUG [BluetoothWorker] BT: line:>$LK8EX1,101298,2,-1,36,0*27<
2025-09-07 17:27:01.863 DEBUG [BluetoothWorker] BT: line:>$LK8EX1,101302,2,-71,36,1*13<
2025-09-07 17:27:02.050 DEBUG [BluetoothWorker] BT: line:>$LK8EX1,101304,2,-60,36,0*14<
2025-09-07 17:27:02.157 DEBUG [SensorParser] GPGGA: no date from RMC line, bailing out
2025-09-07 17:27:02.256 DEBUG [BluetoothWorker] BT: line:>$LK8EX1,101308,2,-116,36,0*28<
2025-09-07 17:27:02.453 DEBUG [BluetoothWorker] BT: line:>$LK8EX1,101304,2,-51,36,0*16<
2025-09-07 17:27:02.658 DEBUG [BluetoothWorker] BT: line:>$LK8EX1,101311,2,-118,36,0*2E<
2025-09-07 17:27:02.874 DEBUG [BluetoothWorker] BT: line:>$LK8EX1,101293,1,108,36,0*0A<
2025-09-07 17:27:03.108 DEBUG [BluetoothWorker] BT: line:>$LK8EX1,101293,2,84,36,0*3C<
2025-09-07 17:27:03.157 DEBUG [SensorParser] GPGGA: no date from RMC line, bailing out
2025-09-07 17:27:03.314 DEBUG [BluetoothWorker] BT: line:>$LK8EX1,101301,2,-22,36,0*17<
2025-09-07 17:27:03.519 DEBUG [BluetoothWorker] BT: line:>$LK8EX1,101302,2,-34,36,0*13<
2025-09-07 17:27:03.732 DEBUG [BluetoothWorker] BT: line:>$LK8EX1,101292,2,74,36,0*32<
2025-09-07 17:27:03.927 DEBUG [BluetoothWorker] BT: line:>$LK8EX1,101298,2,1,36,0*0A<
2025-09-07 17:27:04.137 DEBUG [BluetoothWorker] BT: line:>$LK8EX1,101302,2,-45,36,0*15<
2025-09-07 17:27:04.158 DEBUG [SensorParser] GPGGA: no date from RMC line, bailing out
2025-09-07 17:27:04.355 DEBUG [BluetoothWorker] BT: line:>$LK8EX1,101307,2,-127,36,0*25<
2025-09-07 17:27:04.554 DEBUG [BluetoothWorker] BT: line:>$LK8EX1,101302,2,-40,36,0*10<
2025-09-07 17:27:04.778 DEBUG [BluetoothWorker] BT: line:>$LK8EX1,101306,2,-90,36,0*19<
2025-09-07 17:27:04.991 DEBUG [BluetoothWorker] BT: line:>$LK8EX1,101305,2,-58,36,0*1E<
2025-09-07 17:27:05.158 DEBUG [SensorParser] GPGGA: no date from RMC line, bailing out
2025-09-07 17:27:05.207 DEBUG [BluetoothWorker] BT: line:>$LK8EX1,101307,1,-80,36,0*1A<
2025-09-07 17:27:05.416 DEBUG [BluetoothWorker] BT: line:>$LK8EX1,101304,1,-30,36,0*12<
2025-09-07 17:27:05.640 DEBUG [BluetoothWorker] BT: line:>$LK8EX1,101295,2,68,36,0*38<
2025-09-07 17:27:05.827 DEBUG [BluetoothWorker] BT: line:>$LK8EX1,101296,2,42,36,0*33<
2025-09-07 17:27:06.050 DEBUG [BluetoothWorker] BT: line:>$LK8EX1,101295,2,40,36,0*32<
2025-09-07 17:27:06.158 DEBUG [SensorParser] GPGGA: no date from RMC line, bailing out
2025-09-07 17:27:06.275 DEBUG [BluetoothWorker] BT: line:>$LK8EX1,101307,2,-98,36,0*10<
2025-09-07 17:27:06.564 DEBUG [BluetoothWorker] BT: line:>$LK8EX1,101293,2,82,36,0*3A<
2025-09-07 17:27:06.750 DEBUG [BluetoothWorker] BT: line:>$LK8EX1,101300,2,3,36,0*08<
2025-09-07 17:27:07.156 DEBUG [SensorParser] GPGGA: no date from RMC line, bailing out
2025-09-07 17:27:07.306 DEBUG [BluetoothWorker] BT: line:>$LK8EX1,101309,1,-110,36,3*2F<
2025-09-07 17:27:07.308 DEBUG [BluetoothWorker] BT: line:>$LK8EX1,101279,2,234,36,3*02<
2025-09-07 17:27:07.337 DEBUG [BluetoothWorker] BT: line:>$LK8EX1,101291,2,57,36,0*30<
2025-09-07 17:27:07.557 DEBUG [BluetoothWorker] BT: line:>$LK8EX1,101301,2,-56,36,0*14<
2025-09-07 17:27:07.737 DEBUG [BluetoothWorker] BT: line:>$LK8EX1,101297,2,-18,36,0*10<
2025-09-07 17:27:07.976 DEBUG [BluetoothWorker] BT: line:>$LK8EX1,101299,2,-41,36,0*12<
2025-09-07 17:27:08.156 DEBUG [SensorParser] GPGGA: no date from RMC line, bailing out
2025-09-07 17:27:08.167 DEBUG [BluetoothWorker] BT: line:>$LK8EX1,101303,2,-72,36,0*10<
2025-09-07 17:27:08.447 DEBUG [BluetoothWorker] BT: line:>$LK8EX1,101298,2,9,36,0*02<
2025-09-07 17:27:08.653 DEBUG [BluetoothWorker] BT: line:>$LK8EX1,101286,2,142,36,0*03<
2025-09-07 17:27:08.825 DEBUG [BluetoothWorker] BT: line:>$LK8EX1,101300,2,-36,36,0*13<
2025-09-07 17:27:09.067 DEBUG [BluetoothWorker] BT: line:>$LK8EX1,101299,2,-16,36,0*10<
2025-09-07 17:27:09.154 DEBUG [SensorParser] GPGGA: no date from RMC line, bailing out
2025-09-07 17:27:09.227 DEBUG [BluetoothWorker] BT: line:>$LK8EX1,101308,2,-104,36,0*2B<
2025-09-07 17:27:09.461 DEBUG [BluetoothWorker] BT: line:>$LK8EX1,101302,2,-26,36,0*10<
2025-09-07 17:27:09.638 DEBUG [BluetoothWorker] BT: line:>$LK8EX1,101294,2,68,36,0*39<
2025-09-07 17:27:09.869 DEBUG [BluetoothWorker] BT: line:>$LK8EX1,101300,2,-1,36,0*27<
2025-09-07 17:27:10.054 DEBUG [BluetoothWorker] BT: line:>$LK8EX1,101304,2,-61,36,0*15<
2025-09-07 17:27:10.156 DEBUG [SensorParser] GPGGA: no date from RMC line, bailing out
2025-09-07 17:27:10.272 DEBUG [BluetoothWorker] BT: line:>$LK8EX1,101311,2,-123,36,0*26<
2025-09-07 17:27:10.468 DEBUG [BluetoothWorker] BT: line:>$LK8EX1,101287,2,153,36,0*02<
2025-09-07 17:27:10.704 DEBUG [BluetoothWorker] BT: line:>$LK8EX1,101295,2,33,36,1*37<
2025-09-07 17:27:10.912 DEBUG [BluetoothWorker] BT: line:>$LK8EX1,101293,2,43,36,0*37<
2025-09-07 17:27:11.119 DEBUG [BluetoothWorker] BT: line:>$LK8EX1,101298,2,-15,36,0*12<
2025-09-07 17:27:11.162 DEBUG [SensorParser] GPGGA: no date from RMC line, bailing out
2025-09-07 17:27:11.325 DEBUG [BluetoothWorker] BT: line:>$LK8EX1,101303,2,-51,36,0*11<
2025-09-07 17:27:11.541 DEBUG [BluetoothWorker] BT: line:>$LK8EX1,101296,2,37,36,0*31<
2025-09-07 17:27:11.750 DEBUG [BluetoothWorker] BT: line:>$LK8EX1,101301,2,-29,36,0*1C<
2025-09-07 17:27:12.039 DEBUG [BluetoothWorker] BT: line:>$LK8EX1,101296,2,29,36,0*3E<
2025-09-07 17:27:12.158 DEBUG [SensorParser] GPGGA: no date from RMC line, bailing out
2025-09-07 17:27:12.272 DEBUG [BluetoothWorker] BT: line:>$LK8EX1,101302,2,-32,36,0*15<
2025-09-07 17:27:12.751 DEBUG [BluetoothWorker] BT: line:>$LK8EX1,101303,2,-39,36,0*1F<
2025-09-07 17:27:12.754 DEBUG [BluetoothWorker] BT: line:>$LK8EX1,101295,2,25,36,0*31<
2025-09-07 17:27:12.812 DEBUG [BluetoothWorker] BT: line:>$LK8EX1,101295,2,27,36,0*33<
2025-09-07 17:27:13.033 DEBUG [BluetoothWorker] BT: line:>$LK8EX1,101299,2,-13,36,0*15<
2025-09-07 17:27:13.157 DEBUG [SensorParser] GPGGA: no date from RMC line, bailing out
2025-09-07 17:27:13.243 DEBUG [BluetoothWorker] BT: line:>$LK8EX1,101295,2,24,36,0*30<
2025-09-07 17:27:13.456 DEBUG [BluetoothWorker] BT: line:>$LK8EX1,101302,2,-58,36,0*19<
2025-09-07 17:27:13.658 DEBUG [BluetoothWorker] BT: line:>$LK8EX1,101309,2,-143,36,0*29<
2025-09-07 17:27:13.856 DEBUG [BluetoothWorker] BT: line:>$LK8EX1,101300,2,-21,36,0*15<
2025-09-07 17:27:14.062 DEBUG [BluetoothWorker] BT: line:>$LK8EX1,101294,2,46,36,0*35<
2025-09-07 17:27:14.160 DEBUG [SensorParser] GPGGA: no date from RMC line, bailing out
2025-09-07 17:27:14.299 DEBUG [BluetoothWorker] BT: line:>$LK8EX1,101294,2,45,36,0*36<
2025-09-07 17:27:14.511 DEBUG [BluetoothWorker] BT: line:>$LK8EX1,101295,2,41,36,1*32<
2025-09-07 17:27:14.707 DEBUG [BluetoothWorker] BT: line:>$LK8EX1,101291,2,84,36,0*3E<
2025-09-07 17:27:14.932 DEBUG [BluetoothWorker] BT: line:>$LK8EX1,101299,2,-10,36,0*16<
2025-09-07 17:27:15.133 DEBUG [BluetoothWorker] BT: line:>$LK8EX1,101305,2,-75,36,0*11<
2025-09-07 17:27:15.159 DEBUG [SensorParser] GPGGA: no date from RMC line, bailing out
2025-09-07 17:27:15.369 DEBUG [BluetoothWorker] BT: line:>$LK8EX1,101291,2,81,36,0*3B<
2025-09-07 17:27:15.546 DEBUG [BluetoothWorker] BT: line:>$LK8EX1,101295,2,13,36,0*34<
2025-09-07 17:27:15.772 DEBUG [BluetoothWorker] BT: line:>$LK8EX1,101305,2,-93,36,0*19<
2025-09-07 17:27:15.975 DEBUG [BluetoothWorker] BT: line:>$LK8EX1,101304,2,-61,36,0*15<
2025-09-07 17:27:16.162 DEBUG [SensorParser] GPGGA: no date from RMC line, bailing out
2025-09-07 17:27:16.245 DEBUG [BluetoothWorker] BT: line:>$LK8EX1,101298,2,26,36,0*3F<
2025-09-07 17:27:16.420 DEBUG [BluetoothWorker] BT: line:>$LK8EX1,101306,2,-69,36,0*1F<
2025-09-07 17:27:16.612 DEBUG [BluetoothWorker] BT: line:>$LK8EX1,101307,2,-82,36,0*1B<
2025-09-07 17:27:16.838 DEBUG [BluetoothWorker] BT: line:>$LK8EX1,101299,2,24,36,0*3C<
2025-09-07 17:27:17.039 DEBUG [BluetoothWorker] BT: line:>$LK8EX1,101299,1,33,36,0*39<
2025-09-07 17:27:17.159 DEBUG [SensorParser] GPGGA: no date from RMC line, bailing out
2025-09-07 17:27:17.251 DEBUG [BluetoothWorker] BT: line:>$LK8EX1,101298,2,27,36,0*3E<
2025-09-07 17:27:17.551 DEBUG [BluetoothWorker] BT: line:>$LK8EX1,101296,2,19,36,0*3D<
2025-09-07 17:27:17.747 DEBUG [BluetoothWorker] BT: line:>$LK8EX1,101301,2,-39,36,0*1D<
2025-09-07 17:27:18.158 DEBUG [SensorParser] GPGGA: no date from RMC line, bailing out
2025-09-07 17:27:18.194 DEBUG [BluetoothWorker] BT: line:>$LK8EX1,101291,2,103,36,0*00<
2025-09-07 17:27:18.197 DEBUG [BluetoothWorker] BT: line:>$LK8EX1,101288,2,100,36,0*0B<
2025-09-07 17:27:18.404 DEBUG [BluetoothWorker] BT: line:>$LK8EX1,101298,2,-22,36,0*16<
2025-09-07 17:27:18.619 DEBUG [BluetoothWorker] BT: line:>$LK8EX1,101309,2,-132,36,0*2F<
2025-09-07 17:27:18.818 DEBUG [BluetoothWorker] BT: line:>$LK8EX1,101299,2,-5,36,0*22<
2025-09-07 17:27:19.032 DEBUG [BluetoothWorker] BT: line:>$LK8EX1,101297,2,15,36,0*30<
2025-09-07 17:27:19.157 DEBUG [SensorParser] GPGGA: no date from RMC line, bailing out
2025-09-07 17:27:19.243 DEBUG [BluetoothWorker] BT: line:>$LK8EX1,101290,2,86,36,0*3D<
2025-09-07 17:27:19.370 DEBUG [BluetoothWorker] BT: line:>$LK8EX1,101310,2,-158,36,0*2B<
2025-09-07 17:27:19.581 DEBUG [BluetoothWorker] BT: line:>$LK8EX1,101294,2,39,36,0*3D<
2025-09-07 17:27:19.773 DEBUG [BluetoothWorker] BT: line:>$LK8EX1,101292,2,59,36,0*3D<
2025-09-07 17:27:19.999 DEBUG [BluetoothWorker] BT: line:>$LK8EX1,101309,2,-133,36,0*2E<
2025-09-07 17:27:20.157 DEBUG [SensorParser] GPGGA: no date from RMC line, bailing out
2025-09-07 17:27:20.211 DEBUG [BluetoothWorker] BT: line:>$LK8EX1,101303,2,-42,36,0*13<
2025-09-07 17:27:20.458 DEBUG [BluetoothWorker] BT: line:>$LK8EX1,101298,2,32,36,0*3A<
2025-09-07 17:27:20.650 DEBUG [BluetoothWorker] BT: line:>$LK8EX1,101304,2,-57,36,0*10<
2025-09-07 17:27:20.829 DEBUG [BluetoothWorker] BT: line:>$LK8EX1,101295,2,56,36,0*35<
2025-09-07 17:27:21.050 DEBUG [BluetoothWorker] BT: line:>$LK8EX1,101301,2,-21,36,0*14<
2025-09-07 17:27:21.157 DEBUG [SensorParser] GPGGA: no date from RMC line, bailing out
2025-09-07 17:27:21.269 DEBUG [BluetoothWorker] BT: line:>$LK8EX1,101299,2,12,36,0*39<
2025-09-07 17:27:21.490 DEBUG [BluetoothWorker] BT: line:>$LK8EX1,101302,2,-39,36,0*1E<
2025-09-07 17:27:21.677 DEBUG [BluetoothWorker] BT: line:>$LK8EX1,101294,2,72,36,0*32<
2025-09-07 17:27:21.895 DEBUG [BluetoothWorker] BT: line:>$LK8EX1,101298,2,39,36,0*31<
2025-09-07 17:27:22.119 DEBUG [BluetoothWorker] BT: line:>$LK8EX1,101301,2,-32,36,0*16<
2025-09-07 17:27:22.159 DEBUG [SensorParser] GPGGA: no date from RMC line, bailing out
2025-09-07 17:27:22.328 DEBUG [BluetoothWorker] BT: line:>$LK8EX1,101306,2,-92,36,0*1B<
2025-09-07 17:27:22.512 DEBUG [BluetoothWorker] BT: line:>$LK8EX1,101294,2,57,36,0*35<
2025-09-07 17:27:22.744 DEBUG [BluetoothWorker] BT: line:>$LK8EX1,101289,2,89,36,0*3A<
2025-09-07 17:27:22.948 DEBUG [BluetoothWorker] BT: line:>$LK8EX1,101297,2,-2,36,0*2B<
2025-09-07 17:27:23.156 DEBUG [SensorParser] GPGGA: no date from RMC line, bailing out
2025-09-07 17:27:23.169 DEBUG [BluetoothWorker] BT: line:>$LK8EX1,101294,2,43,36,0*30<
2025-09-07 17:27:23.640 DEBUG [BluetoothWorker] BT: line:>$LK8EX1,101314,2,-179,36,0*2C<
2025-09-07 17:27:23.646 DEBUG [BluetoothWorker] BT: line:>$LK8EX1,101321,2,-301,36,0*27<
2025-09-07 17:27:23.782 DEBUG [BluetoothWorker] BT: line:>$LK8EX1,101289,2,105,36,0*0F<
2025-09-07 17:27:24.011 DEBUG [BluetoothWorker] BT: line:>$LK8EX1,101299,2,-17,36,0*11<
2025-09-07 17:27:24.155 DEBUG [SensorParser] GPGGA: no date from RMC line, bailing out
2025-09-07 17:27:24.192 DEBUG [BluetoothWorker] BT: line:>$LK8EX1,101300,2,-22,36,0*16<
2025-09-07 17:27:24.403 DEBUG [BluetoothWorker] BT: line:>$LK8EX1,101292,2,89,36,0*30<
2025-09-07 17:27:24.619 DEBUG [BluetoothWorker] BT: line:>$LK8EX1,101295,2,53,36,0*30<
2025-09-07 17:27:24.821 DEBUG [BluetoothWorker] BT: line:>$LK8EX1,101289,2,104,36,0*0E<
2025-09-07 17:27:25.038 DEBUG [BluetoothWorker] BT: line:>$LK8EX1,101298,2,-6,36,0*20<
2025-09-07 17:27:25.157 DEBUG [SensorParser] GPGGA: no date from RMC line, bailing out
2025-09-07 17:27:25.236 DEBUG [BluetoothWorker] BT: line:>$LK8EX1,101311,2,-157,36,0*25<
2025-09-07 17:27:25.448 DEBUG [BluetoothWorker] BT: line:>$LK8EX1,101302,2,-32,36,0*15<
2025-09-07 17:27:25.674 DEBUG [BluetoothWorker] BT: line:>$LK8EX1,101302,2,-21,36,0*17<
2025-09-07 17:27:25.955 DEBUG [BluetoothWorker] BT: line:>$LK8EX1,101294,2,67,36,0*36<
2025-09-07 17:27:26.156 DEBUG [SensorParser] GPGGA: no date from RMC line, bailing out
2025-09-07 17:27:26.169 DEBUG [BluetoothWorker] BT: line:>$LK8EX1,101296,2,42,36,1*32<
2025-09-07 17:27:26.314 DEBUG [BluetoothWorker] BT: line:>$LK8EX1,101301,2,-22,36,0*17<
2025-09-07 17:27:26.520 DEBUG [BluetoothWorker] BT: line:>$LK8EX1,101300,2,-9,36,0*2F<
2025-09-07 17:27:26.737 DEBUG [BluetoothWorker] BT: line:>$LK8EX1,101308,2,-112,36,0*2C<
2025-09-07 17:27:26.963 INFO [TrackService] Starting service onStartCommand, intent: Intent { act=restoreService cmp=org.xcontest.XCTrack/.TrackService }, startId: 2, current task: org.xcontest.XCTrack.navig.TaskTriangleClosing
2025-09-07 17:27:26.964 INFO [TrackService] (Re)starting GPS.
2025-09-07 17:27:26.964 INFO [internalGps] Stopping
2025-09-07 17:27:26.971 INFO [internalGps] Starting
2025-09-07 17:27:26.973 DEBUG [BluetoothWorker] BT: line:>$LK8EX1,101298,2,32,36,0*3A<
2025-09-07 17:27:27.136 DEBUG [BluetoothWorker] BT: line:>$LK8EX1,101304,1,-36,36,0*14<
2025-09-07 17:27:27.144 DEBUG [SensorParser] GPGGA: no date from RMC line, bailing out
2025-09-07 17:27:27.365 DEBUG [BluetoothWorker] BT: line:>$LK8EX1,101305,1,-36,36,0*15<
2025-09-07 17:27:27.545 DEBUG [BluetoothWorker] BT: line:>$LK8EX1,101296,1,68,36,0*38<
2025-09-07 17:27:27.641 DEBUG [SensorParser] GPGGA: no date from RMC line, bailing out
2025-09-07 17:27:27.770 DEBUG [BluetoothWorker] BT: line:>$LK8EX1,101306,1,-62,36,0*17<
2025-09-07 17:27:27.980 DEBUG [BluetoothWorker] BT: line:>$LK8EX1,101299,2,9,36,0*03<
2025-09-07 17:27:28.139 DEBUG [SensorParser] GPGGA: no date from RMC line, bailing out
2025-09-07 17:27:28.203 DEBUG [BluetoothWorker] BT: line:>$LK8EX1,101298,2,73,36,1*3E<
2025-09-07 17:27:28.415 DEBUG [BluetoothWorker] BT: line:>$LK8EX1,101296,2,31,36,0*37<
2025-09-07 17:27:28.621 DEBUG [BluetoothWorker] BT: line:>$LK8EX1,101293,2,62,36,1*35<
2025-09-07 17:27:28.639 DEBUG [SensorParser] GPGGA: no date from RMC line, bailing out
2025-09-07 17:27:29.085 DEBUG [BluetoothWorker] BT: line:>$LK8EX1,101282,2,181,36,0*08<
2025-09-07 17:27:29.087 DEBUG [BluetoothWorker] BT: line:>$LK8EX1,101290,2,113,36,0*00<
2025-09-07 17:27:29.141 DEBUG [SensorParser] GPGGA: no date from RMC line, bailing out
2025-09-07 17:27:29.236 DEBUG [BluetoothWorker] BT: line:>$LK8EX1,101299,2,-69,36,0*18<
2025-09-07 17:27:29.472 DEBUG [BluetoothWorker] BT: line:>$LK8EX1,101289,2,73,36,0*3F<
2025-09-07 17:27:29.644 DEBUG [SensorParser] GPGGA: no date from RMC line, bailing out
2025-09-07 17:27:29.659 DEBUG [BluetoothWorker] BT: line:>$LK8EX1,101288,2,70,36,0*3D<
2025-09-07 17:27:29.987 DEBUG [BluetoothWorker] BT: line:>$LK8EX1,101302,2,-67,36,1*14<
2025-09-07 17:27:30.142 DEBUG [SensorParser] GPGGA: no date from RMC line, bailing out
2025-09-07 17:27:30.165 DEBUG [BluetoothWorker] BT: line:>$LK8EX1,101300,2,-46,36,0*14<
2025-09-07 17:27:30.365 DEBUG [BluetoothWorker] BT: line:>$LK8EX1,101296,2,7,36,0*02<
2025-09-07 17:27:30.532 DEBUG [BluetoothWorker] BT: line:>$LK8EX1,101307,2,-107,36,1*26<
2025-09-07 17:27:30.725 DEBUG [BluetoothWorker] BT: line:>$LK8EX1,101309,2,-113,36,0*2C<
2025-09-07 17:27:30.917 DEBUG [BluetoothWorker] BT: line:>$LK8EX1,101295,2,60,36,0*30<
2025-09-07 17:27:31.143 DEBUG [SensorParser] GPGGA: no date from RMC line, bailing out
2025-09-07 17:27:31.161 DEBUG [BluetoothWorker] BT: line:>$LK8EX1,101300,2,-7,36,0*21<
2025-09-07 17:27:31.344 DEBUG [BluetoothWorker] BT: line:>$LK8EX1,101306,1,-61,36,0*14<
2025-09-07 17:27:31.563 DEBUG [BluetoothWorker] BT: line:>$LK8EX1,101299,1,31,36,0*3B<
2025-09-07 17:27:31.776 DEBUG [BluetoothWorker] BT: line:>$LK8EX1,101290,1,155,36,0*01<
2025-09-07 17:27:31.973 DEBUG [BluetoothWorker] BT: line:>$LK8EX1,101314,1,-152,36,0*26<
2025-09-07 17:27:32.142 DEBUG [SensorParser] GPGGA: no date from RMC line, bailing out
2025-09-07 17:27:32.186 DEBUG [BluetoothWorker] BT: line:>$LK8EX1,101298,1,45,36,1*38<
2025-09-07 17:27:32.377 DEBUG [BluetoothWorker] BT: line:>$LK8EX1,101299,2,22,36,0*3A<
2025-09-07 17:27:32.602 DEBUG [BluetoothWorker] BT: line:>$LK8EX1,101293,2,62,36,0*34<
2025-09-07 17:27:32.844 DEBUG [BluetoothWorker] BT: line:>$LK8EX1,101304,2,-98,36,0*13<
2025-09-07 17:27:33.042 DEBUG [BluetoothWorker] BT: line:>$LK8EX1,101295,2,2,36,0*04<
2025-09-07 17:27:33.141 DEBUG [SensorParser] GPGGA: no date from RMC line, bailing out
2025-09-07 17:27:33.239 DEBUG [BluetoothWorker] BT: line:>$LK8EX1,101300,2,-49,36,0*1B<
2025-09-07 17:27:33.444 DEBUG [BluetoothWorker] BT: line:>$LK8EX1,101294,2,45,36,0*36<
2025-09-07 17:27:33.659 DEBUG [BluetoothWorker] BT: line:>$LK8EX1,101315,2,-208,36,0*28<
2025-09-07 17:27:33.855 DEBUG [BluetoothWorker] BT: line:>$LK8EX1,101289,2,138,36,0*01<
2025-09-07 17:27:34.140 DEBUG [SensorParser] GPGGA: no date from RMC line, bailing out
2025-09-07 17:27:34.530 DEBUG [BluetoothWorker] BT: line:>$LK8EX1,101285,2,123,36,0*07<
2025-09-07 17:27:34.534 DEBUG [BluetoothWorker] BT: line:>$LK8EX1,101275,2,272,36,0*0F<
2025-09-07 17:27:34.537 DEBUG [BluetoothWorker] BT: line:>$LK8EX1,101301,2,-70,36,0*10<
2025-09-07 17:27:34.719 DEBUG [BluetoothWorker] BT: line:>$LK8EX1,101291,2,10,36,0*33<
2025-09-07 17:27:34.931 DEBUG [BluetoothWorker] BT: line:>$LK8EX1,101302,2,-108,36,0*2D<
2025-09-07 17:27:35.141 DEBUG [SensorParser] GPGGA: no date from RMC line, bailing out
2025-09-07 17:27:35.149 DEBUG [BluetoothWorker] BT: line:>$LK8EX1,101293,2,14,36,0*35<
2025-09-07 17:27:35.341 DEBUG [BluetoothWorker] BT: line:>$LK8EX1,101292,2,29,36,0*3A<
2025-09-07 17:27:35.550 DEBUG [BluetoothWorker] BT: line:>$LK8EX1,101295,2,-8,36,0*23<
2025-09-07 17:27:35.787 DEBUG [BluetoothWorker] BT: line:>$LK8EX1,101296,2,0,36,0*05<
2025-09-07 17:27:36.023 DEBUG [BluetoothWorker] BT: line:>$LK8EX1,101308,2,-108,36,1*26<
2025-09-07 17:27:36.142 DEBUG [SensorParser] GPGGA: no date from RMC line, bailing out
2025-09-07 17:27:36.183 DEBUG [BluetoothWorker] BT: line:>$LK8EX1,101305,2,-70,36,0*14<
2025-09-07 17:27:36.403 DEBUG [BluetoothWorker] BT: line:>$LK8EX1,101310,1,-106,36,0*23<
2025-09-07 17:27:36.611 DEBUG [BluetoothWorker] BT: line:>$LK8EX1,101306,1,-38,36,0*18<
2025-09-07 17:27:36.834 DEBUG [BluetoothWorker] BT: line:>$LK8EX1,101303,1,-18,36,1*1E<
2025-09-07 17:27:37.047 DEBUG [BluetoothWorker] BT: line:>$LK8EX1,101305,1,-45,36,0*11<
2025-09-07 17:27:37.140 DEBUG [SensorParser] GPGGA: no date from RMC line, bailing out
2025-09-07 17:27:37.269 DEBUG [BluetoothWorker] BT: line:>$LK8EX1,101303,2,-40,36,0*11<
2025-09-07 17:27:37.440 DEBUG [BluetoothWorker] BT: line:>$LK8EX1,101308,1,-91,36,0*15<
2025-09-07 17:27:37.764 DEBUG [BluetoothWorker] BT: line:>$LK8EX1,101300,1,11,36,0*38<
2025-09-07 17:27:37.980 DEBUG [BluetoothWorker] BT: line:>$LK8EX1,101300,1,14,36,0*3D<
2025-09-07 17:27:38.141 DEBUG [SensorParser] GPGGA: no date from RMC line, bailing out
2025-09-07 17:27:38.195 DEBUG [BluetoothWorker] BT: line:>$LK8EX1,101310,1,-95,36,0*18<
2025-09-07 17:27:38.404 DEBUG [BluetoothWorker] BT: line:>$LK8EX1,101302,1,11,36,0*3A<
2025-09-07 17:27:38.606 DEBUG [BluetoothWorker] BT: line:>$LK8EX1,101298,1,64,36,0*3A<
2025-09-07 17:27:38.808 DEBUG [BluetoothWorker] BT: line:>$LK8EX1,101304,1,-32,36,0*10<
2025-09-07 17:27:39.014 DEBUG [BluetoothWorker] BT: line:>$LK8EX1,101291,2,111,36,0*03<
2025-09-07 17:27:39.143 DEBUG [SensorParser] GPGGA: no date from RMC line, bailing out
2025-09-07 17:27:39.230 DEBUG [BluetoothWorker] BT: line:>$LK8EX1,101303,2,-43,36,0*12<
2025-09-07 17:27:39.442 DEBUG [BluetoothWorker] BT: line:>$LK8EX1,101301,2,-5,36,0*22<
2025-09-07 17:27:39.977 DEBUG [BluetoothWorker] BT: line:>$LK8EX1,101310,1,-78,36,4*1F<
2025-09-07 17:27:39.979 DEBUG [BluetoothWorker] BT: line:>$LK8EX1,101308,1,-84,36,2*13<
2025-09-07 17:27:40.094 DEBUG [BluetoothWorker] BT: line:>$LK8EX1,101293,2,101,36,0*00<
2025-09-07 17:27:40.142 DEBUG [SensorParser] GPGGA: no date from RMC line, bailing out
2025-09-07 17:27:40.297 DEBUG [BluetoothWorker] BT: line:>$LK8EX1,101309,1,-108,36,0*25<
2025-09-07 17:27:40.502 DEBUG [BluetoothWorker] BT: line:>$LK8EX1,101299,2,13,36,0*38<
2025-09-07 17:27:40.713 DEBUG [BluetoothWorker] BT: line:>$LK8EX1,101297,2,24,36,0*32<
2025-09-07 17:27:40.940 DEBUG [BluetoothWorker] BT: line:>$LK8EX1,101294,2,72,36,0*32<
2025-09-07 17:27:41.142 DEBUG [SensorParser] GPGGA: no date from RMC line, bailing out
2025-09-07 17:27:41.166 DEBUG [BluetoothWorker] BT: line:>$LK8EX1,101301,2,-15,36,0*13<
2025-09-07 17:27:41.347 DEBUG [BluetoothWorker] BT: line:>$LK8EX1,101300,1,27,36,0*3D<
2025-09-07 17:27:41.566 DEBUG [BluetoothWorker] BT: line:>$LK8EX1,101308,1,-75,36,0*1F<
2025-09-07 17:27:41.759 DEBUG [BluetoothWorker] BT: line:>$LK8EX1,101296,2,60,36,0*33<
2025-09-07 17:27:41.923 DEBUG [BluetoothWorker] BT: line:>$LK8EX1,101309,1,-98,36,0*1D<
2025-09-07 17:27:42.122 DEBUG [BluetoothWorker] BT: line:>$LK8EX1,101305,1,-46,36,0*12<
2025-09-07 17:27:42.143 DEBUG [SensorParser] GPGGA: no date from RMC line, bailing out
2025-09-07 17:27:42.381 DEBUG [BluetoothWorker] BT: line:>$LK8EX1,101300,2,1,36,0*0A<
2025-09-07 17:27:42.521 DEBUG [BluetoothWorker] BT: line:>$LK8EX1,101301,2,-19,36,0*1F<
2025-09-07 17:27:42.769 DEBUG [BluetoothWorker] BT: line:>$LK8EX1,101303,2,-54,36,0*14<
2025-09-07 17:27:42.966 DEBUG [BluetoothWorker] BT: line:>$LK8EX1,101300,2,-18,36,0*1F<
2025-09-07 17:27:43.140 DEBUG [SensorParser] GPGGA: no date from RMC line, bailing out
2025-09-07 17:27:43.182 DEBUG [BluetoothWorker] BT: line:>$LK8EX1,101297,2,12,36,0*37<
2025-09-07 17:27:43.373 DEBUG [BluetoothWorker] BT: line:>$LK8EX1,101296,2,36,36,1*31<
2025-09-07 17:27:43.588 DEBUG [BluetoothWorker] BT: line:>$LK8EX1,101306,2,-69,36,1*1E<
2025-09-07 17:27:43.808 DEBUG [BluetoothWorker] BT: line:>$LK8EX1,101302,1,-13,36,0*15<
2025-09-07 17:27:43.998 DEBUG [BluetoothWorker] BT: line:>$LK8EX1,101293,2,79,36,0*3E<
2025-09-07 17:27:44.143 DEBUG [SensorParser] GPGGA: no date from RMC line, bailing out
2025-09-07 17:27:44.218 DEBUG [BluetoothWorker] BT: line:>$LK8EX1,101306,2,-84,36,0*1C<
2025-09-07 17:27:44.427 DEBUG [BluetoothWorker] BT: line:>$LK8EX1,101294,2,69,36,0*38<
2025-09-07 17:27:44.638 DEBUG [BluetoothWorker] BT: line:>$LK8EX1,101290,2,108,36,0*0A<
2025-09-07 17:27:44.837 DEBUG [BluetoothWorker] BT: line:>$LK8EX1,101298,2,7,36,0*0C<
2025-09-07 17:27:45.141 DEBUG [SensorParser] GPGGA: no date from RMC line, bailing out
2025-09-07 17:27:45.421 DEBUG [BluetoothWorker] BT: line:>$LK8EX1,101293,2,45,36,0*31<
2025-09-07 17:27:45.426 DEBUG [BluetoothWorker] BT: line:>$LK8EX1,101303,2,-71,36,4*17<
2025-09-07 17:27:45.624 DEBUG [BluetoothWorker] BT: line:>$LK8EX1,101307,2,-138,36,0*2B<
2025-09-07 17:27:45.801 DEBUG [BluetoothWorker] BT: line:>$LK8EX1,101292,2,60,36,0*37<
2025-09-07 17:27:46.019 DEBUG [BluetoothWorker] BT: line:>$LK8EX1,101299,2,-10,36,0*16<
2025-09-07 17:27:46.142 DEBUG [SensorParser] GPGGA: no date from RMC line, bailing out
2025-09-07 17:27:46.156 DEBUG [BluetoothWorker] BT: line:>$LK8EX1,101308,2,-112,36,0*2C<
2025-09-07 17:27:46.348 DEBUG [BluetoothWorker] BT: line:>$LK8EX1,101293,2,77,36,0*30<
2025-09-07 17:27:46.559 DEBUG [BluetoothWorker] BT: line:>$LK8EX1,101299,2,-12,36,0*14<
2025-09-07 17:27:46.759 DEBUG [BluetoothWorker] BT: line:>$LK8EX1,101309,2,-124,36,0*28<
2025-09-07 17:27:47.028 DEBUG [BluetoothWorker] BT: line:>$LK8EX1,101303,2,-39,36,0*1F<
2025-09-07 17:27:47.143 DEBUG [SensorParser] GPGGA: no date from RMC line, bailing out
2025-09-07 17:27:47.264 DEBUG [BluetoothWorker] BT: line:>$LK8EX1,101301,2,-34,36,0*10<
2025-09-07 17:27:47.480 DEBUG [BluetoothWorker] BT: line:>$LK8EX1,101291,2,73,36,0*36<
2025-09-07 17:27:47.705 DEBUG [BluetoothWorker] BT: line:>$LK8EX1,101308,2,-138,36,1*25<
2025-09-07 17:27:47.894 DEBUG [BluetoothWorker] BT: line:>$LK8EX1,101305,2,-84,36,0*1F<
2025-09-07 17:27:48.104 DEBUG [BluetoothWorker] BT: line:>$LK8EX1,101301,2,-27,36,0*12<
2025-09-07 17:27:48.142 DEBUG [SensorParser] GPGGA: no date from RMC line, bailing out
2025-09-07 17:27:48.381 DEBUG [BluetoothWorker] BT: line:>$LK8EX1,101298,2,15,36,0*3F<
2025-09-07 17:27:48.525 DEBUG [BluetoothWorker] BT: line:>$LK8EX1,101292,2,95,36,0*3D<
2025-09-07 17:27:48.730 DEBUG [BluetoothWorker] BT: line:>$LK8EX1,101292,2,98,36,0*30<
2025-09-07 17:27:48.864 DEBUG [BluetoothWorker] BT: line:>$LK8EX1,101308,2,-102,36,0*2D<
2025-09-07 17:27:49.142 DEBUG [SensorParser] GPGGA: no date from RMC line, bailing out
2025-09-07 17:27:49.149 DEBUG [BluetoothWorker] BT: line:>$LK8EX1,101291,2,72,36,1*36<
2025-09-07 17:27:49.379 DEBUG [BluetoothWorker] BT: line:>$LK8EX1,101298,2,-6,36,0*20<
2025-09-07 17:27:49.630 DEBUG [BluetoothWorker] BT: line:>$LK8EX1,101305,2,-80,36,0*1B<
2025-09-07 17:27:49.856 DEBUG [BluetoothWorker] BT: line:>$LK8EX1,101295,2,65,36,0*35<
2025-09-07 17:27:49.999 DEBUG [BluetoothWorker] BT: line:>$LK8EX1,101301,2,-24,36,0*11<
2025-09-07 17:27:50.141 DEBUG [SensorParser] GPGGA: no date from RMC line, bailing out
2025-09-07 17:27:50.220 DEBUG [BluetoothWorker] BT: line:>$LK8EX1,101297,2,27,36,0*31<
2025-09-07 17:27:50.349 DEBUG [BluetoothWorker] BT: line:>$LK8EX1,101302,2,-34,36,0*13<
2025-09-07 17:27:50.870 DEBUG [BluetoothWorker] BT: line:>$LK8EX1,101277,2,275,36,0*0A<
2025-09-07 17:27:50.871 DEBUG [BluetoothWorker] BT: line:>$LK8EX1,101300,2,-17,36,0*10<
2025-09-07 17:27:51.076 DEBUG [BluetoothWorker] BT: line:>$LK8EX1,101298,2,-17,36,0*10<
2025-09-07 17:27:51.141 DEBUG [SensorParser] GPGGA: no date from RMC line, bailing out
2025-09-07 17:27:51.296 DEBUG [BluetoothWorker] BT: line:>$LK8EX1,101300,2,-50,36,1*12<
2025-09-07 17:27:51.498 DEBUG [BluetoothWorker] BT: line:>$LK8EX1,101310,2,-141,36,0*23<
2025-09-07 17:27:51.698 DEBUG [BluetoothWorker] BT: line:>$LK8EX1,101292,2,79,36,1*3E<
2025-09-07 17:27:51.903 DEBUG [BluetoothWorker] BT: line:>$LK8EX1,101300,2,-28,36,0*1C<
2025-09-07 17:27:52.114 DEBUG [BluetoothWorker] BT: line:>$LK8EX1,101305,2,-87,36,0*1C<
2025-09-07 17:27:52.141 DEBUG [SensorParser] GPGGA: no date from RMC line, bailing out
2025-09-07 17:27:52.326 DEBUG [BluetoothWorker] BT: line:>$LK8EX1,101301,2,-20,36,0*15<
2025-09-07 17:27:52.589 DEBUG [BluetoothWorker] BT: line:>$LK8EX1,101298,2,1,36,0*0A<
2025-09-07 17:27:52.688 DEBUG [BluetoothWorker] BT: line:>$LK8EX1,101308,2,-115,36,0*2B<
2025-09-07 17:27:52.889 DEBUG [BluetoothWorker] BT: line:>$LK8EX1,101300,2,-9,36,0*2F<
2025-09-07 17:27:53.077 DEBUG [BluetoothWorker] BT: line:>$LK8EX1,101299,2,-9,36,0*2E<
2025-09-07 17:27:53.144 DEBUG [SensorParser] GPGGA: no date from RMC line, bailing out
2025-09-07 17:27:53.310 DEBUG [BluetoothWorker] BT: line:>$LK8EX1,101301,2,-17,36,0*11<
2025-09-07 17:27:53.512 DEBUG [BluetoothWorker] BT: line:>$LK8EX1,101302,2,-32,36,1*14<
2025-09-07 17:27:53.725 DEBUG [BluetoothWorker] BT: line:>$LK8EX1,101305,2,-57,36,0*11<
2025-09-07 17:27:53.945 DEBUG [BluetoothWorker] BT: line:>$LK8EX1,101303,1,-16,36,0*11<
2025-09-07 17:27:54.142 DEBUG [SensorParser] GPGGA: no date from RMC line, bailing out
2025-09-07 17:27:54.157 DEBUG [BluetoothWorker] BT: line:>$LK8EX1,101311,1,-112,36,0*27<
2025-09-07 17:27:54.352 DEBUG [BluetoothWorker] BT: line:>$LK8EX1,101303,1,-19,36,0*1E<
2025-09-07 17:27:54.541 DEBUG [BluetoothWorker] BT: line:>$LK8EX1,101297,2,41,36,0*31<
2025-09-07 17:27:54.777 DEBUG [BluetoothWorker] BT: line:>$LK8EX1,101293,2,81,36,0*39<
2025-09-07 17:27:54.984 DEBUG [BluetoothWorker] BT: line:>$LK8EX1,101303,2,-24,36,0*13<
2025-09-07 17:27:55.141 DEBUG [SensorParser] GPGGA: no date from RMC line, bailing out
2025-09-07 17:27:55.194 DEBUG [BluetoothWorker] BT: line:>$LK8EX1,101304,1,-26,36,0*15<
2025-09-07 17:27:55.400 DEBUG [BluetoothWorker] BT: line:>$LK8EX1,101298,2,30,36,0*38<
2025-09-07 17:27:55.601 DEBUG [BluetoothWorker] BT: line:>$LK8EX1,101298,2,25,36,1*3D<
2025-09-07 17:27:55.812 DEBUG [BluetoothWorker] BT: line:>$LK8EX1,101311,1,-131,36,0*26<
2025-09-07 17:27:56.142 DEBUG [SensorParser] GPGGA: no date from RMC line, bailing out
2025-09-07 17:27:56.312 DEBUG [BluetoothWorker] BT: line:>$LK8EX1,101294,2,82,36,0*3D<
2025-09-07 17:27:56.315 DEBUG [BluetoothWorker] BT: line:>$LK8EX1,101297,2,21,36,0*37<
2025-09-07 17:27:56.449 DEBUG [BluetoothWorker] BT: line:>$LK8EX1,101305,2,-82,36,0*19<
2025-09-07 17:27:56.657 DEBUG [BluetoothWorker] BT: line:>$LK8EX1,101298,2,3,36,0*08<
2025-09-07 17:27:56.857 DEBUG [BluetoothWorker] BT: line:>$LK8EX1,101293,2,90,36,0*39<
2025-09-07 17:27:57.058 DEBUG [BluetoothWorker] BT: line:>$LK8EX1,101309,2,-93,36,0*15<
2025-09-07 17:27:57.143 DEBUG [SensorParser] GPGGA: no date from RMC line, bailing out
2025-09-07 17:27:57.295 DEBUG [BluetoothWorker] BT: line:>$LK8EX1,101304,1,-38,36,0*1A<
2025-09-07 17:27:57.517 DEBUG [BluetoothWorker] BT: line:>$LK8EX1,101292,2,97,36,0*3F<
2025-09-07 17:27:57.713 DEBUG [BluetoothWorker] BT: line:>$LK8EX1,101306,2,-83,36,0*1B<
2025-09-07 17:27:57.922 DEBUG [BluetoothWorker] BT: line:>$LK8EX1,101303,2,-44,36,0*15<
2025-09-07 17:27:58.120 DEBUG [BluetoothWorker] BT: line:>$LK8EX1,101298,2,13,36,0*39<
2025-09-07 17:27:58.142 DEBUG [SensorParser] GPGGA: no date from RMC line, bailing out
2025-09-07 17:27:58.332 DEBUG [BluetoothWorker] BT: line:>$LK8EX1,101299,2,-3,36,0*24<
2025-09-07 17:27:58.562 DEBUG [BluetoothWorker] BT: line:>$LK8EX1,101303,2,-36,36,0*10<
2025-09-07 17:27:58.765 DEBUG [BluetoothWorker] BT: line:>$LK8EX1,101304,2,-45,36,0*13<
2025-09-07 17:27:59.045 DEBUG [BluetoothWorker] BT: line:>$LK8EX1,101301,2,-29,36,0*1C<
2025-09-07 17:27:59.144 DEBUG [SensorParser] GPGGA: no date from RMC line, bailing out
2025-09-07 17:27:59.298 DEBUG [BluetoothWorker] BT: line:>$LK8EX1,101289,2,111,36,0*0A<
2025-09-07 17:27:59.487 DEBUG [BluetoothWorker] BT: line:>$LK8EX1,101302,2,-68,36,1*1B<
2025-09-07 17:27:59.705 DEBUG [BluetoothWorker] BT: line:>$LK8EX1,101306,2,-108,36,0*29<
2025-09-07 17:27:59.908 DEBUG [BluetoothWorker] BT: line:>$LK8EX1,101306,2,-73,36,0*14<
2025-09-07 17:28:00.031 DEBUG [BluetoothWorker] BT: line:>$LK8EX1,101304,1,-39,36,0*1B<
2025-09-07 17:28:00.137 DEBUG [SensorParser] GPGGA: no date from RMC line, bailing out
2025-09-07 17:28:00.253 DEBUG [BluetoothWorker] BT: line:>$LK8EX1,101296,2,59,36,0*39<
2025-09-07 17:28:00.460 DEBUG [BluetoothWorker] BT: line:>$LK8EX1,101303,2,-30,36,0*16<
2025-09-07 17:28:00.651 DEBUG [BluetoothWorker] BT: line:>$LK8EX1,101308,2,-99,36,0*1E<
2025-09-07 17:28:00.982 DEBUG [BluetoothWorker] BT: line:>$LK8EX1,101300,2,-11,36,1*17<
2025-09-07 17:28:01.141 DEBUG [SensorParser] GPGGA: no date from RMC line, bailing out
2025-09-07 17:28:01.221 DEBUG [BluetoothWorker] BT: line:>$LK8EX1,101298,2,12,36,1*39<
2025-09-07 17:28:01.756 DEBUG [BluetoothWorker] BT: line:>$LK8EX1,101300,2,-22,36,0*16<
2025-09-07 17:28:01.758 DEBUG [BluetoothWorker] BT: line:>$LK8EX1,101300,2,-38,36,1*1C<
2025-09-07 17:28:01.808 DEBUG [BluetoothWorker] BT: line:>$LK8EX1,101302,2,-41,36,1*10<
2025-09-07 17:28:02.012 DEBUG [BluetoothWorker] BT: line:>$LK8EX1,101310,1,-118,36,0*2C<
2025-09-07 17:28:02.142 DEBUG [SensorParser] GPGGA: no date from RMC line, bailing out
2025-09-07 17:28:02.261 DEBUG [BluetoothWorker] BT: line:>$LK8EX1,101297,2,38,36,0*3F<
2025-09-07 17:28:02.459 DEBUG [BluetoothWorker] BT: line:>$LK8EX1,101300,2,-10,36,0*17<
2025-09-07 17:28:02.656 DEBUG [BluetoothWorker] BT: line:>$LK8EX1,101302,2,-27,36,0*11<
2025-09-07 17:28:02.844 DEBUG [BluetoothWorker] BT: line:>$LK8EX1,101307,2,-96,36,0*1E<
2025-09-07 17:28:03.043 DEBUG [BluetoothWorker] BT: line:>$LK8EX1,101295,2,48,36,0*3A<
2025-09-07 17:28:03.143 DEBUG [SensorParser] GPGGA: no date from RMC line, bailing out
2025-09-07 17:28:03.238 DEBUG [BluetoothWorker] BT: line:>$LK8EX1,101299,2,0,36,1*0B<
2025-09-07 17:28:03.476 DEBUG [BluetoothWorker] BT: line:>$LK8EX1,101294,2,51,36,1*32<
2025-09-07 17:28:03.688 DEBUG [BluetoothWorker] BT: line:>$LK8EX1,101293,2,56,36,1*32<
2025-09-07 17:28:03.904 DEBUG [BluetoothWorker] BT: line:>$LK8EX1,101294,2,44,36,0*37<
2025-09-07 17:28:04.105 DEBUG [BluetoothWorker] BT: line:>$LK8EX1,101305,2,-106,36,0*24<
2025-09-07 17:28:04.142 DEBUG [SensorParser] GPGGA: no date from RMC line, bailing out
2025-09-07 17:28:04.314 DEBUG [BluetoothWorker] BT: line:>$LK8EX1,101292,2,64,36,0*33<
2025-09-07 17:28:04.522 DEBUG [BluetoothWorker] BT: line:>$LK8EX1,101296,2,20,36,0*37<
2025-09-07 17:28:04.740 DEBUG [BluetoothWorker] BT: line:>$LK8EX1,101307,2,-106,36,0*26<
2025-09-07 17:28:04.953 DEBUG [BluetoothWorker] BT: line:>$LK8EX1,101302,2,-24,36,0*12<
2025-09-07 17:28:05.069 DEBUG [BluetoothWorker] BT: line:>$LK8EX1,101302,2,-20,36,0*16<
2025-09-07 17:28:05.142 DEBUG [SensorParser] GPGGA: no date from RMC line, bailing out
2025-09-07 17:28:05.281 DEBUG [BluetoothWorker] BT: line:>$LK8EX1,101298,2,25,36,0*3C<
2025-09-07 17:28:05.482 DEBUG [BluetoothWorker] BT: line:>$LK8EX1,101301,2,-11,36,0*17<
2025-09-07 17:28:05.690 DEBUG [BluetoothWorker] BT: line:>$LK8EX1,101296,2,19,36,0*3D<
2025-09-07 17:28:05.914 DEBUG [BluetoothWorker] BT: line:>$LK8EX1,101292,2,67,36,0*30<
2025-09-07 17:28:06.136 DEBUG [BluetoothWorker] BT: line:>$LK8EX1,101295,2,25,36,0*31<
2025-09-07 17:28:06.142 DEBUG [SensorParser] GPGGA: no date from RMC line, bailing out
2025-09-07 17:28:06.344 DEBUG [BluetoothWorker] BT: line:>$LK8EX1,101306,2,-99,36,0*10<
2025-09-07 17:28:06.541 DEBUG [BluetoothWorker] BT: line:>$LK8EX1,101303,2,-45,36,0*14<
2025-09-07 17:28:06.751 DEBUG [BluetoothWorker] BT: line:>$LK8EX1,101301,1,0,36,0*09<
2025-09-07 17:28:07.142 DEBUG [SensorParser] GPGGA: no date from RMC line, bailing out
2025-09-07 17:28:07.202 DEBUG [BluetoothWorker] BT: line:>$LK8EX1,101312,1,-133,36,0*27<
2025-09-07 17:28:07.697 DEBUG [BluetoothWorker] BT: line:>$LK8EX1,101298,1,44,36,0*38<
2025-09-07 17:28:07.700 DEBUG [BluetoothWorker] BT: line:>$LK8EX1,101315,1,-146,36,0*22<
2025-09-07 17:28:07.700 DEBUG [BluetoothWorker] BT: line:>$LK8EX1,101307,1,-20,36,4*14<
2025-09-07 17:28:07.779 DEBUG [BluetoothWorker] BT: line:>$LK8EX1,101299,1,82,36,0*33<
2025-09-07 17:28:08.009 DEBUG [BluetoothWorker] BT: line:>$LK8EX1,101304,1,6,36,0*0A<
2025-09-07 17:28:08.142 DEBUG [SensorParser] GPGGA: no date from RMC line, bailing out
2025-09-07 17:28:08.207 DEBUG [BluetoothWorker] BT: line:>$LK8EX1,101308,1,-39,36,1*16<
2025-09-07 17:28:08.419 DEBUG [BluetoothWorker] BT: line:>$LK8EX1,101302,1,20,36,0*38<
2025-09-07 17:28:08.632 DEBUG [BluetoothWorker] BT: line:>$LK8EX1,101294,1,110,36,0*04<
2025-09-07 17:28:08.858 DEBUG [BluetoothWorker] BT: line:>$LK8EX1,101299,2,21,36,0*39<
2025-09-07 17:28:09.060 DEBUG [BluetoothWorker] BT: line:>$LK8EX1,101294,2,65,36,0*34<
2025-09-07 17:28:09.142 DEBUG [SensorParser] GPGGA: no date from RMC line, bailing out
2025-09-07 17:28:09.277 DEBUG [BluetoothWorker] BT: line:>$LK8EX1,101306,2,-93,36,0*1A<
2025-09-07 17:28:09.487 DEBUG [BluetoothWorker] BT: line:>$LK8EX1,101293,2,82,36,0*3A<
2025-09-07 17:28:09.687 DEBUG [BluetoothWorker] BT: line:>$LK8EX1,101305,2,-69,36,0*1C<
2025-09-07 17:28:09.986 DEBUG [BluetoothWorker] BT: line:>$LK8EX1,101299,2,5,36,0*0F<
2025-09-07 17:28:10.137 DEBUG [SensorParser] GPGGA: no date from RMC line, bailing out
2025-09-07 17:28:10.173 DEBUG [BluetoothWorker] BT: line:>$LK8EX1,101297,2,15,36,1*31<
2025-09-07 17:28:10.403 DEBUG [BluetoothWorker] BT: line:>$LK8EX1,101310,2,-165,36,1*24<
2025-09-07 17:28:10.600 DEBUG [BluetoothWorker] BT: line:>$LK8EX1,101293,2,62,36,0*34<
2025-09-07 17:28:10.847 DEBUG [BluetoothWorker] BT: line:>$LK8EX1,101295,2,33,36,0*36<
2025-09-07 17:28:11.027 DEBUG [BluetoothWorker] BT: line:>$LK8EX1,101304,2,-59,36,0*1E<
2025-09-07 17:28:11.139 DEBUG [SensorParser] GPGGA: no date from RMC line, bailing out
2025-09-07 17:28:11.224 DEBUG [BluetoothWorker] BT: line:>$LK8EX1,101305,2,-69,36,0*1C<
2025-09-07 17:28:11.430 DEBUG [BluetoothWorker] BT: line:>$LK8EX1,101307,1,-80,36,0*1A<
2025-09-07 17:28:11.644 DEBUG [BluetoothWorker] BT: line:>$LK8EX1,101297,2,30,36,0*37<
2025-09-07 17:28:11.781 DEBUG [BluetoothWorker] BT: line:>$LK8EX1,101302,2,-31,36,0*16<
2025-09-07 17:28:11.977 DEBUG [BluetoothWorker] BT: line:>$LK8EX1,101298,2,30,36,0*38<
2025-09-07 17:28:12.142 DEBUG [SensorParser] GPGGA: no date from RMC line, bailing out
2025-09-07 17:28:12.205 DEBUG [BluetoothWorker] BT: line:>$LK8EX1,101302,1,-7,36,0*20<
2025-09-07 17:28:12.405 DEBUG [BluetoothWorker] BT: line:>$LK8EX1,101309,1,-91,36,1*15<
2025-09-07 17:28:12.626 DEBUG [BluetoothWorker] BT: line:>$LK8EX1,101298,1,52,36,0*3F<
2025-09-07 17:28:13.141 DEBUG [BluetoothWorker] BT: line:>$LK8EX1,101294,2,91,36,4*3B<
2025-09-07 17:28:13.142 DEBUG [BluetoothWorker] BT: line:>$LK8EX1,101304,2,-79,36,0*1C<
2025-09-07 17:28:13.143 DEBUG [SensorParser] GPGGA: no date from RMC line, bailing out
2025-09-07 17:28:13.241 DEBUG [BluetoothWorker] BT: line:>$LK8EX1,101293,2,43,36,0*37<
2025-09-07 17:28:13.457 DEBUG [BluetoothWorker] BT: line:>$LK8EX1,101303,2,-68,36,0*1B<
2025-09-07 17:28:13.654 DEBUG [BluetoothWorker] BT: line:>$LK8EX1,101303,2,-53,36,0*13<
2025-09-07 17:28:13.959 DEBUG [BluetoothWorker] BT: line:>$LK8EX1,101294,2,39,36,0*3D<
2025-09-07 17:28:14.142 DEBUG [SensorParser] GPGGA: no date from RMC line, bailing out
2025-09-07 17:28:14.194 DEBUG [BluetoothWorker] BT: line:>$LK8EX1,101289,2,92,36,0*30<
2025-09-07 17:28:14.399 DEBUG [BluetoothWorker] BT: line:>$LK8EX1,101303,2,-48,36,0*19<
2025-09-07 17:28:14.594 DEBUG [BluetoothWorker] BT: line:>$LK8EX1,101301,2,-15,36,0*13<
2025-09-07 17:28:14.843 DEBUG [BluetoothWorker] BT: line:>$LK8EX1,101300,2,-13,36,0*14<
2025-09-07 17:28:15.041 DEBUG [BluetoothWorker] BT: line:>$LK8EX1,101313,1,-163,36,0*23<
2025-09-07 17:28:15.138 DEBUG [SensorParser] GPGGA: no date from RMC line, bailing out
2025-09-07 17:28:15.240 DEBUG [BluetoothWorker] BT: line:>$LK8EX1,101295,2,80,36,0*3E<
2025-09-07 17:28:15.448 DEBUG [BluetoothWorker] BT: line:>$LK8EX1,101304,2,-50,36,0*17<
2025-09-07 17:28:15.569 DEBUG [BluetoothWorker] BT: line:>$LK8EX1,101302,2,-20,36,0*16<
2025-09-07 17:28:15.784 DEBUG [BluetoothWorker] BT: line:>$LK8EX1,101297,2,26,36,0*30<
2025-09-07 17:28:15.987 DEBUG [BluetoothWorker] BT: line:>$LK8EX1,101294,2,58,36,0*3A<
2025-09-07 17:28:16.144 DEBUG [SensorParser] GPGGA: no date from RMC line, bailing out
2025-09-07 17:28:16.210 DEBUG [BluetoothWorker] BT: line:>$LK8EX1,101314,2,-196,36,0*2D<
2025-09-07 17:28:16.415 DEBUG [BluetoothWorker] BT: line:>$LK8EX1,101298,2,25,36,0*3C<
2025-09-07 17:28:16.615 DEBUG [BluetoothWorker] BT: line:>$LK8EX1,101293,2,85,36,0*3D<
2025-09-07 17:28:16.826 DEBUG [BluetoothWorker] BT: line:>$LK8EX1,101292,2,86,36,0*3F<
2025-09-07 17:28:17.051 DEBUG [BluetoothWorker] BT: line:>$LK8EX1,101299,2,8,36,0*02<
2025-09-07 17:28:17.142 DEBUG [SensorParser] GPGGA: no date from RMC line, bailing out
2025-09-07 17:28:17.251 DEBUG [BluetoothWorker] BT: line:>$LK8EX1,101304,2,-60,36,0*14<
2025-09-07 17:28:17.483 DEBUG [BluetoothWorker] BT: line:>$LK8EX1,101286,2,164,36,0*07<
2025-09-07 17:28:17.710 DEBUG [BluetoothWorker] BT: line:>$LK8EX1,101298,2,1,36,0*0A<
2025-09-07 17:28:17.948 DEBUG [BluetoothWorker] BT: line:>$LK8EX1,101299,2,-12,36,0*14<
2025-09-07 17:28:18.139 DEBUG [SensorParser] GPGGA: no date from RMC line, bailing out
2025-09-07 17:28:18.161 DEBUG [BluetoothWorker] BT: line:>$LK8EX1,101297,2,13,36,0*36<
2025-09-07 17:28:18.585 DEBUG [BluetoothWorker] BT: line:>$LK8EX1,101290,2,107,36,0*05<
2025-09-07 17:28:18.586 DEBUG [BluetoothWorker] BT: line:>$LK8EX1,101297,2,25,36,0*33<
2025-09-07 17:28:19.080 DEBUG [BluetoothWorker] BT: line:>$LK8EX1,101312,2,-173,36,0*20<
2025-09-07 17:28:19.083 DEBUG [BluetoothWorker] BT: line:>$LK8EX1,101297,2,29,36,0*3F<
2025-09-07 17:28:19.142 DEBUG [SensorParser] GPGGA: no date from RMC line, bailing out
2025-09-07 17:28:19.223 DEBUG [BluetoothWorker] BT: line:>$LK8EX1,101294,2,56,36,0*34<
2025-09-07 17:28:19.439 DEBUG [BluetoothWorker] BT: line:>$LK8EX1,101293,2,60,36,0*36<
2025-09-07 17:28:19.644 DEBUG [BluetoothWorker] BT: line:>$LK8EX1,101306,2,-111,36,0*21<
2025-09-07 17:28:19.854 DEBUG [BluetoothWorker] BT: line:>$LK8EX1,101304,2,-64,36,0*10<
2025-09-07 17:28:20.059 DEBUG [BluetoothWorker] BT: line:>$LK8EX1,101291,2,72,36,0*37<
2025-09-07 17:28:20.141 DEBUG [SensorParser] GPGGA: no date from RMC line, bailing out
2025-09-07 17:28:20.300 DEBUG [BluetoothWorker] BT: line:>$LK8EX1,101295,2,13,36,0*34<
2025-09-07 17:28:20.505 DEBUG [BluetoothWorker] BT: line:>$LK8EX1,101294,2,20,36,0*35<
2025-09-07 17:28:20.773 DEBUG [BluetoothWorker] BT: line:>$LK8EX1,101295,2,18,36,1*3E<
2025-09-07 17:28:20.914 DEBUG [BluetoothWorker] BT: line:>$LK8EX1,101297,2,-1,36,0*28<
2025-09-07 17:28:21.114 DEBUG [BluetoothWorker] BT: line:>$LK8EX1,101291,2,77,36,0*32<
2025-09-07 17:28:21.143 DEBUG [SensorParser] GPGGA: no date from RMC line, bailing out
2025-09-07 17:28:21.322 DEBUG [BluetoothWorker] BT: line:>$LK8EX1,101302,2,-77,36,0*14<
2025-09-07 17:28:21.582 DEBUG [BluetoothWorker] BT: line:>$LK8EX1,101300,2,-46,36,0*14<
2025-09-07 17:28:21.749 DEBUG [BluetoothWorker] BT: line:>$LK8EX1,101304,2,-90,36,0*1B<
2025-09-07 17:28:21.865 DEBUG [BluetoothWorker] BT: line:>$LK8EX1,101283,2,168,36,0*0E<
2025-09-07 17:28:22.074 DEBUG [BluetoothWorker] BT: line:>$LK8EX1,101302,2,-51,36,0*10<
2025-09-07 17:28:22.141 DEBUG [SensorParser] GPGGA: no date from RMC line, bailing out
2025-09-07 17:28:22.302 DEBUG [BluetoothWorker] BT: line:>$LK8EX1,101311,2,-154,36,0*26<
2025-09-07 17:28:22.507 DEBUG [BluetoothWorker] BT: line:>$LK8EX1,101301,2,-24,36,1*10<
2025-09-07 17:28:22.719 DEBUG [BluetoothWorker] BT: line:>$LK8EX1,101298,2,8,36,0*03<
2025-09-07 17:28:22.915 DEBUG [BluetoothWorker] BT: line:>$LK8EX1,101304,2,-65,36,0*11<
2025-09-07 17:28:23.122 DEBUG [BluetoothWorker] BT: line:>$LK8EX1,101301,2,-11,36,0*17<
2025-09-07 17:28:23.144 DEBUG [SensorParser] GPGGA: no date from RMC line, bailing out
2025-09-07 17:28:23.339 DEBUG [BluetoothWorker] BT: line:>$LK8EX1,101304,2,-51,36,0*16<
2025-09-07 17:28:23.556 DEBUG [BluetoothWorker] BT: line:>$LK8EX1,101301,2,-14,36,0*12<
2025-09-07 17:28:23.758 DEBUG [BluetoothWorker] BT: line:>$LK8EX1,101310,1,-103,36,0*26<
2025-09-07 17:28:24.058 DEBUG [BluetoothWorker] BT: line:>$LK8EX1,101309,1,-88,36,0*1C<
2025-09-07 17:28:24.142 DEBUG [SensorParser] GPGGA: no date from RMC line, bailing out
2025-09-07 17:28:24.526 DEBUG [BluetoothWorker] BT: line:>$LK8EX1,101299,1,34,36,0*3E<
2025-09-07 17:28:24.528 DEBUG [BluetoothWorker] BT: line:>$LK8EX1,101331,1,-339,36,5*2B<
2025-09-07 17:28:24.716 DEBUG [BluetoothWorker] BT: line:>$LK8EX1,101287,1,215,36,1*01<
2025-09-07 17:28:24.914 DEBUG [BluetoothWorker] BT: line:>$LK8EX1,101301,1,27,36,0*3C<
2025-09-07 17:28:25.123 DEBUG [BluetoothWorker] BT: line:>$LK8EX1,101304,1,-11,36,0*11<
2025-09-07 17:28:25.148 DEBUG [SensorParser] GPGGA: no date from RMC line, bailing out
2025-09-07 17:28:25.332 DEBUG [BluetoothWorker] BT: line:>$LK8EX1,101302,1,8,36,0*02<
2025-09-07 17:28:25.547 DEBUG [BluetoothWorker] BT: line:>$LK8EX1,101293,2,106,36,0*07<
2025-09-07 17:28:25.736 DEBUG [BluetoothWorker] BT: line:>$LK8EX1,101303,1,-14,36,0*13<
2025-09-07 17:28:25.953 DEBUG [BluetoothWorker] BT: line:>$LK8EX1,101304,1,-15,36,0*15<
2025-09-07 17:28:26.141 DEBUG [SensorParser] GPGGA: no date from RMC line, bailing out
2025-09-07 17:28:26.228 DEBUG [BluetoothWorker] BT: line:>$LK8EX1,101299,1,43,36,1*3F<
2025-09-07 17:28:26.431 DEBUG [BluetoothWorker] BT: line:>$LK8EX1,101299,1,27,36,0*3C<
2025-09-07 17:28:26.593 DEBUG [BluetoothWorker] BT: line:>$LK8EX1,101308,1,-85,36,0*10<
2025-09-07 17:28:26.726 DEBUG [BluetoothWorker] BT: line:>$LK8EX1,101300,1,20,36,0*3A<
2025-09-07 17:28:26.951 DEBUG [BluetoothWorker] BT: line:>$LK8EX1,101300,1,20,36,0*3A<
2025-09-07 17:28:26.967 INFO [TrackService] Starting service onStartCommand, intent: Intent { act=restoreService cmp=org.xcontest.XCTrack/.TrackService }, startId: 3, current task: org.xcontest.XCTrack.navig.TaskTriangleClosing
2025-09-07 17:28:26.967 INFO [TrackService] (Re)starting GPS.
2025-09-07 17:28:26.967 INFO [internalGps] Stopping
2025-09-07 17:28:26.975 INFO [internalGps] Starting
2025-09-07 17:28:27.130 DEBUG [SensorParser] GPGGA: no date from RMC line, bailing out
2025-09-07 17:28:27.138 DEBUG [BluetoothWorker] BT: line:>$LK8EX1,101293,2,93,36,0*3A<
2025-09-07 17:28:27.341 DEBUG [BluetoothWorker] BT: line:>$LK8EX1,101303,2,-35,36,0*13<
2025-09-07 17:28:27.542 DEBUG [BluetoothWorker] BT: line:>$LK8EX1,101304,1,-23,37,0*11<
2025-09-07 17:28:27.632 DEBUG [SensorParser] GPGGA: no date from RMC line, bailing out
2025-09-07 17:28:27.779 DEBUG [BluetoothWorker] BT: line:>$LK8EX1,101306,1,-49,36,0*1E<
2025-09-07 17:28:27.968 DEBUG [BluetoothWorker] BT: line:>$LK8EX1,101294,2,77,36,0*37<
2025-09-07 17:28:28.132 DEBUG [SensorParser] GPGGA: no date from RMC line, bailing out
2025-09-07 17:28:28.193 DEBUG [BluetoothWorker] BT: line:>$LK8EX1,101297,2,42,36,0*32<
2025-09-07 17:28:28.408 DEBUG [BluetoothWorker] BT: line:>$LK8EX1,101296,2,58,36,0*38<
2025-09-07 17:28:28.608 DEBUG [BluetoothWorker] BT: line:>$LK8EX1,101299,2,24,36,0*3C<
2025-09-07 17:28:28.632 DEBUG [SensorParser] GPGGA: no date from RMC line, bailing out
2025-09-07 17:28:28.821 DEBUG [BluetoothWorker] BT: line:>$LK8EX1,101307,1,-70,37,1*15<
2025-09-07 17:28:29.060 DEBUG [BluetoothWorker] BT: line:>$LK8EX1,101301,1,8,36,0*01<
2025-09-07 17:28:29.131 DEBUG [SensorParser] GPGGA: no date from RMC line, bailing out
2025-09-07 17:28:29.265 DEBUG [BluetoothWorker] BT: line:>$LK8EX1,101302,1,-12,37,0*15<
2025-09-07 17:28:29.452 DEBUG [BluetoothWorker] BT: line:>$LK8EX1,101303,1,-24,37,0*11<
2025-09-07 17:28:29.631 DEBUG [SensorParser] GPGGA: no date from RMC line, bailing out
2025-09-07 17:28:29.972 DEBUG [BluetoothWorker] BT: line:>$LK8EX1,101295,1,89,37,0*35<
2025-09-07 17:28:29.978 DEBUG [BluetoothWorker] BT: line:>$LK8EX1,101321,1,-167,37,0*27<
2025-09-07 17:28:30.131 DEBUG [SensorParser] GPGGA: no date from RMC line, bailing out
2025-09-07 17:28:30.179 DEBUG [BluetoothWorker] BT: line:>$LK8EX1,101308,1,-13,37,0*1E<
2025-09-07 17:28:30.409 DEBUG [BluetoothWorker] BT: line:>$LK8EX1,101292,1,170,37,1*04<
2025-09-07 17:28:30.621 DEBUG [BluetoothWorker] BT: line:>$LK8EX1,101298,1,78,37,1*37<
2025-09-07 17:28:30.807 DEBUG [BluetoothWorker] BT: line:>$LK8EX1,101288,2,163,37,0*0F<
2025-09-07 17:28:31.016 DEBUG [BluetoothWorker] BT: line:>$LK8EX1,101290,2,111,37,0*03<
2025-09-07 17:28:31.131 DEBUG [SensorParser] GPGGA: no date from RMC line, bailing out
2025-09-07 17:28:31.227 DEBUG [BluetoothWorker] BT: line:>$LK8EX1,101304,2,-70,37,0*14<
2025-09-07 17:28:31.434 DEBUG [BluetoothWorker] BT: line:>$LK8EX1,101299,2,6,37,0*0D<
2025-09-07 17:28:31.550 DEBUG [BluetoothWorker] BT: line:>$LK8EX1,101300,2,-5,37,0*22<
2025-09-07 17:28:31.757 DEBUG [BluetoothWorker] BT: line:>$LK8EX1,101304,2,-48,37,0*1F<
2025-09-07 17:28:31.969 DEBUG [BluetoothWorker] BT: line:>$LK8EX1,101305,2,-55,37,1*13<
2025-09-07 17:28:32.129 DEBUG [SensorParser] GPGGA: no date from RMC line, bailing out
2025-09-07 17:28:32.185 DEBUG [BluetoothWorker] BT: line:>$LK8EX1,101296,2,30,37,0*37<
2025-09-07 17:28:32.410 DEBUG [BluetoothWorker] BT: line:>$LK8EX1,101299,2,8,37,0*03<
2025-09-07 17:28:32.611 DEBUG [BluetoothWorker] BT: line:>$LK8EX1,101304,2,-58,37,1*1F<
2025-09-07 17:28:32.820 DEBUG [BluetoothWorker] BT: line:>$LK8EX1,101302,2,-22,37,0*15<
2025-09-07 17:28:33.036 DEBUG [BluetoothWorker] BT: line:>$LK8EX1,101296,1,73,37,0*33<
2025-09-07 17:28:33.137 DEBUG [SensorParser] GPGGA: no date from RMC line, bailing out
2025-09-07 17:28:33.253 DEBUG [BluetoothWorker] BT: line:>$LK8EX1,101306,1,-59,37,0*1E<
2025-09-07 17:28:33.441 DEBUG [BluetoothWorker] BT: line:>$LK8EX1,101301,2,-8,37,0*2E<
2025-09-07 17:28:33.655 DEBUG [BluetoothWorker] BT: line:>$LK8EX1,101299,2,-1,37,0*27<
2025-09-07 17:28:33.939 DEBUG [BluetoothWorker] BT: line:>$LK8EX1,101296,2,42,37,0*32<
2025-09-07 17:28:34.132 DEBUG [SensorParser] GPGGA: no date from RMC line, bailing out
2025-09-07 17:28:34.172 DEBUG [BluetoothWorker] BT: line:>$LK8EX1,101307,2,-87,37,0*1F<
2025-09-07 17:28:34.402 DEBUG [BluetoothWorker] BT: line:>$LK8EX1,101301,2,-7,37,0*21<
2025-09-07 17:28:34.629 DEBUG [BluetoothWorker] BT: line:>$LK8EX1,101301,1,11,37,0*38<
2025-09-07 17:28:34.738 DEBUG [BluetoothWorker] BT: line:>$LK8EX1,101294,2,90,37,0*3F<
2025-09-07 17:28:34.936 DEBUG [BluetoothWorker] BT: line:>$LK8EX1,101296,2,65,37,0*37<
2025-09-07 17:28:35.133 DEBUG [SensorParser] GPGGA: no date from RMC line, bailing out
2025-09-07 17:28:35.418 DEBUG [BluetoothWorker] BT: line:>$LK8EX1,101298,2,36,37,0*3F<
2025-09-07 17:28:35.420 DEBUG [BluetoothWorker] BT: line:>$LK8EX1,101303,2,-42,37,1*13<
2025-09-07 17:28:35.546 DEBUG [BluetoothWorker] BT: line:>$LK8EX1,101298,2,23,37,0*3B<
2025-09-07 17:28:35.764 DEBUG [BluetoothWorker] BT: line:>$LK8EX1,101306,2,-75,37,0*13<
2025-09-07 17:28:35.978 DEBUG [BluetoothWorker] BT: line:>$LK8EX1,101309,1,-75,37,1*1E<
2025-09-07 17:28:36.133 DEBUG [SensorParser] GPGGA: no date from RMC line, bailing out
2025-09-07 17:28:36.167 DEBUG [BluetoothWorker] BT: line:>$LK8EX1,101305,1,-43,37,0*16<
2025-09-07 17:28:36.400 DEBUG [BluetoothWorker] BT: line:>$LK8EX1,101302,2,-16,37,1*13<
2025-09-07 17:28:36.620 DEBUG [BluetoothWorker] BT: line:>$LK8EX1,101302,2,-25,37,0*12<
2025-09-07 17:28:36.821 DEBUG [BluetoothWorker] BT: line:>$LK8EX1,101295,2,52,37,0*30<
2025-09-07 17:28:37.063 DEBUG [BluetoothWorker] BT: line:>$LK8EX1,101299,2,5,37,0*0E<
2025-09-07 17:28:37.133 DEBUG [SensorParser] GPGGA: no date from RMC line, bailing out
2025-09-07 17:28:37.251 DEBUG [BluetoothWorker] BT: line:>$LK8EX1,101304,2,-49,37,0*1E<
2025-09-07 17:28:37.478 DEBUG [BluetoothWorker] BT: line:>$LK8EX1,101296,2,62,37,0*30<
2025-09-07 17:28:37.689 DEBUG [BluetoothWorker] BT: line:>$LK8EX1,101296,2,43,37,0*33<
2025-09-07 17:28:37.888 DEBUG [BluetoothWorker] BT: line:>$LK8EX1,101300,2,2,37,0*08<
2025-09-07 17:28:38.129 DEBUG [SensorParser] GPGGA: no date from RMC line, bailing out
2025-09-07 17:28:38.137 DEBUG [BluetoothWorker] BT: line:>$LK8EX1,101300,2,8,37,0*02<
2025-09-07 17:28:38.357 DEBUG [BluetoothWorker] BT: line:>$LK8EX1,101302,1,-8,37,0*2E<
2025-09-07 17:28:38.512 DEBUG [BluetoothWorker] BT: line:>$LK8EX1,101312,1,-119,37,0*2E<
2025-09-07 17:28:38.749 DEBUG [BluetoothWorker] BT: line:>$LK8EX1,101299,1,32,37,0*39<
2025-09-07 17:28:38.913 DEBUG [BluetoothWorker] BT: line:>$LK8EX1,101288,2,153,37,0*0C<
2025-09-07 17:28:39.132 DEBUG [SensorParser] GPGGA: no date from RMC line, bailing out
2025-09-07 17:28:39.146 DEBUG [BluetoothWorker] BT: line:>$LK8EX1,101304,2,-73,37,0*17<
2025-09-07 17:28:39.352 DEBUG [BluetoothWorker] BT: line:>$LK8EX1,101303,2,-39,37,0*1E<
2025-09-07 17:28:39.545 DEBUG [BluetoothWorker] BT: line:>$LK8EX1,101307,2,-90,37,0*19<
2025-09-07 17:28:39.750 DEBUG [BluetoothWorker] BT: line:>$LK8EX1,101302,2,-17,37,0*13<
2025-09-07 17:28:39.971 DEBUG [BluetoothWorker] BT: line:>$LK8EX1,101302,2,-27,37,0*10<
2025-09-07 17:28:40.133 DEBUG [SensorParser] GPGGA: no date from RMC line, bailing out
2025-09-07 17:28:40.176 DEBUG [BluetoothWorker] BT: line:>$LK8EX1,101296,2,44,37,0*34<
2025-09-07 17:28:40.409 DEBUG [BluetoothWorker] BT: line:>$LK8EX1,101305,2,-70,37,0*15<
2025-09-07 17:28:40.862 DEBUG [BluetoothWorker] BT: line:>$LK8EX1,101295,2,70,37,0*30<
2025-09-07 17:28:40.865 DEBUG [BluetoothWorker] BT: line:>$LK8EX1,101294,1,110,37,0*05<
2025-09-07 17:28:41.048 DEBUG [BluetoothWorker] BT: line:>$LK8EX1,101289,2,160,37,0*0D<
2025-09-07 17:28:41.131 DEBUG [SensorParser] GPGGA: no date from RMC line, bailing out
2025-09-07 17:28:41.268 DEBUG [BluetoothWorker] BT: line:>$LK8EX1,101303,1,-14,37,0*12<
2025-09-07 17:28:41.457 DEBUG [BluetoothWorker] BT: line:>$LK8EX1,101302,1,-3,37,0*25<
2025-09-07 17:28:41.673 DEBUG [BluetoothWorker] BT: line:>$LK8EX1,101304,1,-30,37,0*13<
2025-09-07 17:28:41.937 DEBUG [BluetoothWorker] BT: line:>$LK8EX1,101305,1,-44,37,1*10<
2025-09-07 17:28:42.134 DEBUG [SensorParser] GPGGA: no date from RMC line, bailing out
2025-09-07 17:28:42.150 DEBUG [BluetoothWorker] BT: line:>$LK8EX1,101298,1,44,37,0*39<
2025-09-07 17:28:42.308 DEBUG [BluetoothWorker] BT: line:>$LK8EX1,101300,1,14,37,1*3D<
2025-09-07 17:28:42.514 DEBUG [BluetoothWorker] BT: line:>$LK8EX1,101309,1,-82,37,0*17<
2025-09-07 17:28:42.736 DEBUG [BluetoothWorker] BT: line:>$LK8EX1,101288,2,175,37,0*08<
2025-09-07 17:28:42.932 DEBUG [BluetoothWorker] BT: line:>$LK8EX1,101309,1,-96,37,0*12<
2025-09-07 17:28:43.133 DEBUG [SensorParser] GPGGA: no date from RMC line, bailing out
2025-09-07 17:28:43.156 DEBUG [BluetoothWorker] BT: line:>$LK8EX1,101308,1,-71,37,0*1A<
2025-09-07 17:28:43.351 DEBUG [BluetoothWorker] BT: line:>$LK8EX1,101299,1,33,37,0*38<
2025-09-07 17:28:43.553 DEBUG [BluetoothWorker] BT: line:>$LK8EX1,101303,1,5,37,0*0F<
2025-09-07 17:28:43.769 DEBUG [BluetoothWorker] BT: line:>$LK8EX1,101297,1,59,37,0*3A<
2025-09-07 17:28:43.975 DEBUG [BluetoothWorker] BT: line:>$LK8EX1,101305,1,-39,37,0*1B<
2025-09-07 17:28:44.129 DEBUG [SensorParser] GPGGA: no date from RMC line, bailing out
2025-09-07 17:28:44.221 DEBUG [BluetoothWorker] BT: line:>$LK8EX1,101300,1,21,37,0*3A<
2025-09-07 17:28:44.415 DEBUG [BluetoothWorker] BT: line:>$LK8EX1,101299,2,18,37,0*32<
2025-09-07 17:28:44.677 DEBUG [BluetoothWorker] BT: line:>$LK8EX1,101301,1,1,37,0*09<
2025-09-07 17:28:44.870 DEBUG [BluetoothWorker] BT: line:>$LK8EX1,101292,2,108,37,0*09<
2025-09-07 17:28:45.028 DEBUG [BluetoothWorker] BT: line:>$LK8EX1,101295,2,45,37,0*36<
2025-09-07 17:28:45.129 DEBUG [SensorParser] GPGGA: no date from RMC line, bailing out
2025-09-07 17:28:45.272 DEBUG [BluetoothWorker] BT: line:>$LK8EX1,101302,2,-50,37,0*10<
2025-09-07 17:28:45.463 DEBUG [BluetoothWorker] BT: line:>$LK8EX1,101292,2,85,37,0*3D<
2025-09-07 17:28:45.670 DEBUG [BluetoothWorker] BT: line:>$LK8EX1,101307,2,-79,37,0*1E<
2025-09-07 17:28:46.132 DEBUG [SensorParser] GPGGA: no date from RMC line, bailing out
2025-09-07 17:28:46.309 DEBUG [BluetoothWorker] BT: line:>$LK8EX1,101299,2,21,37,0*38<
2025-09-07 17:28:46.314 DEBUG [BluetoothWorker] BT: line:>$LK8EX1,101301,2,-20,37,0*14<
2025-09-07 17:28:46.343 DEBUG [BluetoothWorker] BT: line:>$LK8EX1,101306,1,-40,37,0*16<
2025-09-07 17:28:46.556 DEBUG [BluetoothWorker] BT: line:>$LK8EX1,101298,2,36,37,0*3F<
2025-09-07 17:28:46.762 DEBUG [BluetoothWorker] BT: line:>$LK8EX1,101299,2,14,37,0*3E<
2025-09-07 17:28:46.950 DEBUG [BluetoothWorker] BT: line:>$LK8EX1,101300,2,9,37,0*03<
2025-09-07 17:28:47.135 DEBUG [SensorParser] GPGGA: no date from RMC line, bailing out
2025-09-07 17:28:47.241 DEBUG [BluetoothWorker] BT: line:>$LK8EX1,101299,2,9,37,1*03<
2025-09-07 17:28:47.453 DEBUG [BluetoothWorker] BT: line:>$LK8EX1,101295,2,48,37,0*3B<
2025-09-07 17:28:47.615 DEBUG [BluetoothWorker] BT: line:>$LK8EX1,101296,2,29,37,0*3F<
2025-09-07 17:28:47.857 DEBUG [BluetoothWorker] BT: line:>$LK8EX1,101292,2,75,37,0*32<
2025-09-07 17:28:48.020 DEBUG [BluetoothWorker] BT: line:>$LK8EX1,101299,2,-16,37,0*11<
2025-09-07 17:28:48.130 DEBUG [SensorParser] GPGGA: no date from RMC line, bailing out
2025-09-07 17:28:48.281 DEBUG [BluetoothWorker] BT: line:>$LK8EX1,101301,2,-19,37,0*1E<
2025-09-07 17:28:48.474 DEBUG [BluetoothWorker] BT: line:>$LK8EX1,101304,2,-48,37,0*1F<
2025-09-07 17:28:48.655 DEBUG [BluetoothWorker] BT: line:>$LK8EX1,101298,2,25,37,0*3D<
2025-09-07 17:28:48.850 DEBUG [BluetoothWorker] BT: line:>$LK8EX1,101289,2,125,37,0*0C<
2025-09-07 17:28:49.055 DEBUG [BluetoothWorker] BT: line:>$LK8EX1,101298,2,1,37,0*0B<
2025-09-07 17:28:49.132 DEBUG [SensorParser] GPGGA: no date from RMC line, bailing out
2025-09-07 17:28:49.272 DEBUG [BluetoothWorker] BT: line:>$LK8EX1,101309,2,-132,37,0*2E<
2025-09-07 17:28:49.509 DEBUG [BluetoothWorker] BT: line:>$LK8EX1,101305,2,-60,37,0*14<
2025-09-07 17:28:49.723 DEBUG [BluetoothWorker] BT: line:>$LK8EX1,101294,2,64,37,0*34<
2025-09-07 17:28:49.952 DEBUG [BluetoothWorker] BT: line:>$LK8EX1,101293,2,70,37,0*36<
2025-09-07 17:28:50.132 DEBUG [SensorParser] GPGGA: no date from RMC line, bailing out
2025-09-07 17:28:50.163 DEBUG [BluetoothWorker] BT: line:>$LK8EX1,101295,2,46,37,0*35<
2025-09-07 17:28:50.329 DEBUG [BluetoothWorker] BT: line:>$LK8EX1,101297,2,19,37,0*3D<
2025-09-07 17:28:50.549 DEBUG [BluetoothWorker] BT: line:>$LK8EX1,101298,2,22,37,0*3A<
2025-09-07 17:28:50.755 DEBUG [BluetoothWorker] BT: line:>$LK8EX1,101300,2,-4,37,0*23<
2025-09-07 17:28:50.964 DEBUG [BluetoothWorker] BT: line:>$LK8EX1,101299,2,3,37,1*09<
2025-09-07 17:28:51.134 DEBUG [SensorParser] GPGGA: no date from RMC line, bailing out
2025-09-07 17:28:51.180 DEBUG [BluetoothWorker] BT: line:>$LK8EX1,101308,2,-103,37,0*2D<
2025-09-07 17:28:51.752 DEBUG [BluetoothWorker] BT: line:>$LK8EX1,101301,2,-7,37,2*23<
2025-09-07 17:28:51.755 DEBUG [BluetoothWorker] BT: line:>$LK8EX1,101320,1,-213,37,1*27<
2025-09-07 17:28:51.818 DEBUG [BluetoothWorker] BT: line:>$LK8EX1,101305,1,2,37,1*0F<
2025-09-07 17:28:52.063 DEBUG [BluetoothWorker] BT: line:>$LK8EX1,101285,1,227,37,0*02<
2025-09-07 17:28:52.131 DEBUG [SensorParser] GPGGA: no date from RMC line, bailing out
2025-09-07 17:28:52.243 DEBUG [BluetoothWorker] BT: line:>$LK8EX1,101297,1,62,37,0*32<
2025-09-07 17:28:52.458 DEBUG [BluetoothWorker] BT: line:>$LK8EX1,101296,1,71,37,0*31<
2025-09-07 17:28:52.671 DEBUG [BluetoothWorker] BT: line:>$LK8EX1,101303,1,-24,37,0*11<
2025-09-07 17:28:52.940 DEBUG [BluetoothWorker] BT: line:>$LK8EX1,101305,1,-40,37,0*15<
2025-09-07 17:28:53.128 DEBUG [BluetoothWorker] BT: line:>$LK8EX1,101299,1,27,37,1*3C<
2025-09-07 17:28:53.132 DEBUG [SensorParser] GPGGA: no date from RMC line, bailing out
2025-09-07 17:28:53.302 DEBUG [BluetoothWorker] BT: line:>$LK8EX1,101293,2,95,37,1*3C<
2025-09-07 17:28:53.503 DEBUG [BluetoothWorker] BT: line:>$LK8EX1,101297,2,28,37,0*3F<
2025-09-07 17:28:53.756 DEBUG [BluetoothWorker] BT: line:>$LK8EX1,101292,2,98,37,0*31<
2025-09-07 17:28:53.930 DEBUG [BluetoothWorker] BT: line:>$LK8EX1,101296,2,37,37,0*30<
2025-09-07 17:28:54.133 DEBUG [SensorParser] GPGGA: no date from RMC line, bailing out
2025-09-07 17:28:54.154 DEBUG [BluetoothWorker] BT: line:>$LK8EX1,101300,2,-4,37,0*23<
2025-09-07 17:28:54.367 DEBUG [BluetoothWorker] BT: line:>$LK8EX1,101300,2,-4,37,0*23<
2025-09-07 17:28:54.566 DEBUG [BluetoothWorker] BT: line:>$LK8EX1,101299,2,-7,37,0*21<
2025-09-07 17:28:54.764 DEBUG [BluetoothWorker] BT: line:>$LK8EX1,101293,2,56,37,0*32<
2025-09-07 17:28:55.011 DEBUG [BluetoothWorker] BT: line:>$LK8EX1,101297,2,4,37,0*01<
2025-09-07 17:28:55.131 DEBUG [SensorParser] GPGGA: no date from RMC line, bailing out
2025-09-07 17:28:55.208 DEBUG [BluetoothWorker] BT: line:>$LK8EX1,101306,2,-95,37,0*1D<
2025-09-07 17:28:55.414 DEBUG [BluetoothWorker] BT: line:>$LK8EX1,101294,2,57,37,0*34<
2025-09-07 17:28:55.626 DEBUG [BluetoothWorker] BT: line:>$LK8EX1,101282,2,201,37,0*02<
2025-09-07 17:28:55.839 DEBUG [BluetoothWorker] BT: line:>$LK8EX1,101313,2,-183,37,0*2F<
2025-09-07 17:28:56.071 DEBUG [BluetoothWorker] BT: line:>$LK8EX1,101297,2,37,37,0*31<
2025-09-07 17:28:56.131 DEBUG [SensorParser] GPGGA: no date from RMC line, bailing out
2025-09-07 17:28:56.265 DEBUG [BluetoothWorker] BT: line:>$LK8EX1,101309,1,-91,37,0*15<
2025-09-07 17:28:56.449 DEBUG [BluetoothWorker] BT: line:>$LK8EX1,101308,1,-72,37,0*19<
2025-09-07 17:28:56.675 DEBUG [BluetoothWorker] BT: line:>$LK8EX1,101303,1,-7,37,0*20<
2025-09-07 17:28:57.132 DEBUG [SensorParser] GPGGA: no date from RMC line, bailing out
2025-09-07 17:28:57.197 DEBUG [BluetoothWorker] BT: line:>$LK8EX1,101300,1,16,37,0*3E<
2025-09-07 17:28:57.202 DEBUG [BluetoothWorker] BT: line:>$LK8EX1,101301,2,-17,37,0*10<
2025-09-07 17:28:57.334 DEBUG [BluetoothWorker] BT: line:>$LK8EX1,101287,2,188,37,0*05<
2025-09-07 17:28:57.545 DEBUG [BluetoothWorker] BT: line:>$LK8EX1,101290,2,109,37,0*0A<
2025-09-07 17:28:57.738 DEBUG [BluetoothWorker] BT: line:>$LK8EX1,101293,2,52,37,0*36<
2025-09-07 17:28:57.962 DEBUG [BluetoothWorker] BT: line:>$LK8EX1,101299,2,-22,37,0*16<
2025-09-07 17:28:58.124 DEBUG [SensorParser] GPGGA: no date from RMC line, bailing out
2025-09-07 17:28:58.170 DEBUG [BluetoothWorker] BT: line:>$LK8EX1,101302,2,-34,37,0*12<
2025-09-07 17:28:58.523 DEBUG [BluetoothWorker] BT: line:>$LK8EX1,101306,1,-83,37,1*18<
2025-09-07 17:28:58.618 DEBUG [BluetoothWorker] BT: line:>$LK8EX1,101291,2,117,37,1*05<
2025-09-07 17:28:58.817 DEBUG [BluetoothWorker] BT: line:>$LK8EX1,101298,2,25,37,1*3C<
2025-09-07 17:28:59.009 DEBUG [BluetoothWorker] BT: line:>$LK8EX1,101297,2,-8,37,0*20<
2025-09-07 17:28:59.132 DEBUG [SensorParser] GPGGA: no date from RMC line, bailing out
2025-09-07 17:28:59.255 DEBUG [BluetoothWorker] BT: line:>$LK8EX1,101297,1,54,37,0*37<
2025-09-07 17:28:59.445 DEBUG [BluetoothWorker] BT: line:>$LK8EX1,101299,2,16,37,0*3C<
2025-09-07 17:28:59.658 DEBUG [BluetoothWorker] BT: line:>$LK8EX1,101302,2,-19,37,0*1D<
2025-09-07 17:28:59.899 DEBUG [BluetoothWorker] BT: line:>$LK8EX1,101300,2,-12,37,0*14<
2025-09-07 17:29:00.077 DEBUG [BluetoothWorker] BT: line:>$LK8EX1,101294,2,65,37,0*35<
2025-09-07 17:29:00.131 DEBUG [SensorParser] GPGGA: no date from RMC line, bailing out
2025-09-07 17:29:00.272 DEBUG [BluetoothWorker] BT: line:>$LK8EX1,101310,1,-107,37,0*23<
2025-09-07 17:29:00.482 DEBUG [BluetoothWorker] BT: line:>$LK8EX1,101306,1,-33,37,0*12<
2025-09-07 17:29:00.695 DEBUG [BluetoothWorker] BT: line:>$LK8EX1,101310,1,-65,37,0*16<
2025-09-07 17:29:00.906 DEBUG [BluetoothWorker] BT: line:>$LK8EX1,101294,1,131,37,0*06<
2025-09-07 17:29:01.123 DEBUG [BluetoothWorker] BT: line:>$LK8EX1,101304,1,-3,37,0*23<
2025-09-07 17:29:01.137 DEBUG [SensorParser] GPGGA: no date from RMC line, bailing out
2025-09-07 17:29:01.329 DEBUG [BluetoothWorker] BT: line:>$LK8EX1,101305,1,-17,37,0*17<
2025-09-07 17:29:01.524 DEBUG [BluetoothWorker] BT: line:>$LK8EX1,101300,1,40,37,0*3D<
2025-09-07 17:29:01.736 DEBUG [BluetoothWorker] BT: line:>$LK8EX1,101297,2,54,37,0*34<
2025-09-07 17:29:01.955 DEBUG [BluetoothWorker] BT: line:>$LK8EX1,101309,1,-88,37,0*1D<
2025-09-07 17:29:02.130 DEBUG [SensorParser] GPGGA: no date from RMC line, bailing out
2025-09-07 17:29:02.181 DEBUG [BluetoothWorker] BT: line:>$LK8EX1,101298,1,47,37,0*3A<
2025-09-07 17:29:02.641 DEBUG [BluetoothWorker] BT: line:>$LK8EX1,101283,1,237,37,0*05<
2025-09-07 17:29:02.645 DEBUG [BluetoothWorker] BT: line:>$LK8EX1,101304,1,-33,37,3*13<
2025-09-07 17:29:02.802 DEBUG [BluetoothWorker] BT: line:>$LK8EX1,101312,1,-13,37,0*15<
2025-09-07 17:29:02.998 DEBUG [BluetoothWorker] BT: line:>$LK8EX1,101298,1,49,37,0*34<
2025-09-07 17:29:03.132 DEBUG [SensorParser] GPGGA: no date from RMC line, bailing out
2025-09-07 17:29:03.210 DEBUG [BluetoothWorker] BT: line:>$LK8EX1,101297,2,36,37,0*30<
2025-09-07 17:29:03.214 INFO [compass] Compass accuracy: 2
2025-09-07 17:29:03.427 DEBUG [BluetoothWorker] BT: line:>$LK8EX1,101296,2,30,37,0*37<
2025-09-07 17:29:03.624 DEBUG [BluetoothWorker] BT: line:>$LK8EX1,101300,2,-4,37,0*23<
2025-09-07 17:29:03.831 DEBUG [BluetoothWorker] BT: line:>$LK8EX1,101299,2,11,37,0*3B<
2025-09-07 17:29:04.088 DEBUG [BluetoothWorker] BT: line:>$LK8EX1,101304,2,-61,37,0*14<
2025-09-07 17:29:04.131 DEBUG [SensorParser] GPGGA: no date from RMC line, bailing out
2025-09-07 17:29:04.270 DEBUG [BluetoothWorker] BT: line:>$LK8EX1,101294,2,65,37,0*35<
2025-09-07 17:29:04.414 INFO [compass] Compass accuracy: 0
2025-09-07 17:29:04.473 DEBUG [BluetoothWorker] BT: line:>$LK8EX1,101301,2,-22,37,0*16<
2025-09-07 17:29:04.686 DEBUG [BluetoothWorker] BT: line:>$LK8EX1,101305,2,-63,37,0*17<
2025-09-07 17:29:04.902 DEBUG [BluetoothWorker] BT: line:>$LK8EX1,101302,2,-29,37,0*1E<
2025-09-07 17:29:05.117 DEBUG [BluetoothWorker] BT: line:>$LK8EX1,101305,2,-77,37,1*13<
2025-09-07 17:29:05.132 DEBUG [SensorParser] GPGGA: no date from RMC line, bailing out
2025-09-07 17:29:05.330 DEBUG [BluetoothWorker] BT: line:>$LK8EX1,101299,2,18,37,0*32<
2025-09-07 17:29:05.544 DEBUG [BluetoothWorker] BT: line:>$LK8EX1,101299,2,13,37,0*39<
2025-09-07 17:29:05.733 DEBUG [BluetoothWorker] BT: line:>$LK8EX1,101296,2,36,37,0*31<
2025-09-07 17:29:05.957 DEBUG [BluetoothWorker] BT: line:>$LK8EX1,101296,2,33,37,0*34<
2025-09-07 17:29:06.134 DEBUG [SensorParser] GPGGA: no date from RMC line, bailing out
2025-09-07 17:29:06.175 DEBUG [BluetoothWorker] BT: line:>$LK8EX1,101297,2,9,37,0*0C<
2025-09-07 17:29:06.361 DEBUG [BluetoothWorker] BT: line:>$LK8EX1,101295,2,15,37,0*33<
2025-09-07 17:29:06.572 DEBUG [BluetoothWorker] BT: line:>$LK8EX1,101309,2,-137,37,0*2B<
2025-09-07 17:29:06.787 DEBUG [BluetoothWorker] BT: line:>$LK8EX1,101304,2,-62,37,0*17<
2025-09-07 17:29:07.009 DEBUG [BluetoothWorker] BT: line:>$LK8EX1,101300,2,-11,37,0*17<
2025-09-07 17:29:07.133 DEBUG [SensorParser] GPGGA: no date from RMC line, bailing out
2025-09-07 17:29:07.217 DEBUG [BluetoothWorker] BT: line:>$LK8EX1,101302,2,-31,37,0*17<
2025-09-07 17:29:07.425 DEBUG [BluetoothWorker] BT: line:>$LK8EX1,101297,2,41,37,0*30<
2025-09-07 17:29:07.654 DEBUG [BluetoothWorker] BT: line:>$LK8EX1,101301,2,-16,37,0*11<
2025-09-07 17:29:08.086 DEBUG [BluetoothWorker] BT: line:>$LK8EX1,101293,2,68,37,2*3D<
2025-09-07 17:29:08.088 DEBUG [BluetoothWorker] BT: line:>$LK8EX1,101321,2,-305,37,0*22<
2025-09-07 17:29:08.133 DEBUG [SensorParser] GPGGA: no date from RMC line, bailing out
2025-09-07 17:29:08.291 DEBUG [BluetoothWorker] BT: line:>$LK8EX1,101299,2,23,37,0*3A<
2025-09-07 17:29:08.549 DEBUG [BluetoothWorker] BT: line:>$LK8EX1,101308,1,-60,37,0*1A<
2025-09-07 17:29:08.758 DEBUG [BluetoothWorker] BT: line:>$LK8EX1,101304,1,-3,37,0*23<
2025-09-07 17:29:08.989 DEBUG [BluetoothWorker] BT: line:>$LK8EX1,101305,1,-32,37,1*11<
2025-09-07 17:29:09.130 DEBUG [SensorParser] GPGGA: no date from RMC line, bailing out
2025-09-07 17:29:09.215 DEBUG [BluetoothWorker] BT: line:>$LK8EX1,101292,2,117,37,0*07<
2025-09-07 17:29:09.415 DEBUG [BluetoothWorker] BT: line:>$LK8EX1,101302,1,-10,37,0*17<
2025-09-07 17:29:09.610 DEBUG [BluetoothWorker] BT: line:>$LK8EX1,101286,2,169,37,0*0B<
2025-09-07 17:29:09.871 DEBUG [BluetoothWorker] BT: line:>$LK8EX1,101304,2,-70,37,0*14<
2025-09-07 17:29:09.984 DEBUG [BluetoothWorker] BT: line:>$LK8EX1,101308,2,-105,37,0*2B<
2025-09-07 17:29:10.131 DEBUG [SensorParser] GPGGA: no date from RMC line, bailing out
2025-09-07 17:29:10.163 DEBUG [BluetoothWorker] BT: line:>$LK8EX1,101310,1,-87,37,0*1A<
2025-09-07 17:29:10.374 DEBUG [BluetoothWorker] BT: line:>$LK8EX1,101297,1,62,37,0*32<
2025-09-07 17:29:10.571 DEBUG [BluetoothWorker] BT: line:>$LK8EX1,101297,2,42,37,0*33<
2025-09-07 17:29:10.788 DEBUG [BluetoothWorker] BT: line:>$LK8EX1,101289,2,75,37,0*38<
2025-09-07 17:29:11.000 DEBUG [BluetoothWorker] BT: line:>$LK8EX1,101294,2,59,37,0*3A<
2025-09-07 17:29:11.132 DEBUG [SensorParser] GPGGA: no date from RMC line, bailing out
2025-09-07 17:29:11.212 DEBUG [BluetoothWorker] BT: line:>$LK8EX1,101300,2,-4,37,1*22<
2025-09-07 17:29:11.413 DEBUG [BluetoothWorker] BT: line:>$LK8EX1,101298,2,26,37,0*3E<
2025-09-07 17:29:11.620 DEBUG [BluetoothWorker] BT: line:>$LK8EX1,101303,2,-44,37,0*14<
2025-09-07 17:29:11.834 DEBUG [BluetoothWorker] BT: line:>$LK8EX1,101299,2,9,37,0*02<
2025-09-07 17:29:12.045 DEBUG [BluetoothWorker] BT: line:>$LK8EX1,101305,2,-56,37,0*11<
2025-09-07 17:29:12.128 DEBUG [SensorParser] GPGGA: no date from RMC line, bailing out
2025-09-07 17:29:12.258 DEBUG [BluetoothWorker] BT: line:>$LK8EX1,101295,2,80,37,0*3F<
2025-09-07 17:29:12.494 DEBUG [BluetoothWorker] BT: line:>$LK8EX1,101302,1,-12,37,0*15<
2025-09-07 17:29:12.679 DEBUG [BluetoothWorker] BT: line:>$LK8EX1,101305,2,-56,37,0*11<
2025-09-07 17:29:12.884 DEBUG [BluetoothWorker] BT: line:>$LK8EX1,101300,1,25,37,0*3E<
2025-09-07 17:29:13.132 DEBUG [SensorParser] GPGGA: no date from RMC line, bailing out
2025-09-07 17:29:13.531 DEBUG [BluetoothWorker] BT: line:>$LK8EX1,101299,2,19,37,4*37<
2025-09-07 17:29:13.535 DEBUG [BluetoothWorker] BT: line:>$LK8EX1,101303,2,-73,37,0*10<
2025-09-07 17:29:13.611 DEBUG [BluetoothWorker] BT: line:>$LK8EX1,101307,2,-119,37,1*28<
2025-09-07 17:29:13.793 DEBUG [BluetoothWorker] BT: line:>$LK8EX1,101297,2,11,37,1*34<
2025-09-07 17:29:13.926 DEBUG [BluetoothWorker] BT: line:>$LK8EX1,101296,2,20,37,0*36<
2025-09-07 17:29:14.127 DEBUG [BluetoothWorker] BT: line:>$LK8EX1,101302,2,-35,37,0*13<
2025-09-07 17:29:14.131 DEBUG [SensorParser] GPGGA: no date from RMC line, bailing out
2025-09-07 17:29:14.354 DEBUG [BluetoothWorker] BT: line:>$LK8EX1,101298,2,26,37,0*3E<
2025-09-07 17:29:14.566 DEBUG [BluetoothWorker] BT: line:>$LK8EX1,101306,1,-53,37,0*14<
2025-09-07 17:29:14.762 DEBUG [BluetoothWorker] BT: line:>$LK8EX1,101306,1,-56,37,0*11<
2025-09-07 17:29:15.047 DEBUG [BluetoothWorker] BT: line:>$LK8EX1,101293,2,70,37,0*36<
2025-09-07 17:29:15.136 DEBUG [SensorParser] GPGGA: no date from RMC line, bailing out
2025-09-07 17:29:15.305 DEBUG [BluetoothWorker] BT: line:>$LK8EX1,101298,2,19,37,0*32<
2025-09-07 17:29:15.425 DEBUG [BluetoothWorker] BT: line:>$LK8EX1,101309,2,-108,37,0*27<
2025-09-07 17:29:15.628 DEBUG [BluetoothWorker] BT: line:>$LK8EX1,101303,2,-32,37,1*14<
2025-09-07 17:29:15.848 DEBUG [BluetoothWorker] BT: line:>$LK8EX1,101288,2,163,37,0*0F<
2025-09-07 17:29:16.079 DEBUG [BluetoothWorker] BT: line:>$LK8EX1,101310,2,-127,37,0*22<
2025-09-07 17:29:16.131 DEBUG [SensorParser] GPGGA: no date from RMC line, bailing out
2025-09-07 17:29:16.244 DEBUG [BluetoothWorker] BT: line:>$LK8EX1,101309,1,-108,37,0*24<
2025-09-07 17:29:16.475 DEBUG [BluetoothWorker] BT: line:>$LK8EX1,101303,2,-29,37,0*1F<
2025-09-07 17:29:16.686 DEBUG [BluetoothWorker] BT: line:>$LK8EX1,101297,2,45,37,0*34<
2025-09-07 17:29:16.867 DEBUG [BluetoothWorker] BT: line:>$LK8EX1,101295,2,59,37,0*3B<
2025-09-07 17:29:17.068 DEBUG [BluetoothWorker] BT: line:>$LK8EX1,101300,2,-34,37,0*10<
2025-09-07 17:29:17.131 DEBUG [SensorParser] GPGGA: no date from RMC line, bailing out
2025-09-07 17:29:17.282 DEBUG [BluetoothWorker] BT: line:>$LK8EX1,101309,2,-112,37,0*2C<
2025-09-07 17:29:17.473 DEBUG [BluetoothWorker] BT: line:>$LK8EX1,101297,2,37,37,0*31<
2025-09-07 17:29:17.704 DEBUG [BluetoothWorker] BT: line:>$LK8EX1,101296,2,57,37,0*36<
2025-09-07 17:29:17.921 DEBUG [BluetoothWorker] BT: line:>$LK8EX1,101304,2,-53,37,0*15<
2025-09-07 17:29:18.131 DEBUG [SensorParser] GPGGA: no date from RMC line, bailing out
2025-09-07 17:29:18.141 DEBUG [BluetoothWorker] BT: line:>$LK8EX1,101308,2,-99,37,0*1F<
2025-09-07 17:29:18.330 DEBUG [BluetoothWorker] BT: line:>$LK8EX1,101303,1,-25,37,0*10<
2025-09-07 17:29:18.539 DEBUG [BluetoothWorker] BT: line:>$LK8EX1,101298,1,41,37,0*3C<
2025-09-07 17:29:18.977 DEBUG [BluetoothWorker] BT: line:>$LK8EX1,101305,2,-74,37,0*11<
2025-09-07 17:29:19.078 DEBUG [BluetoothWorker] BT: line:>$LK8EX1,101295,2,17,37,0*31<
2025-09-07 17:29:19.132 DEBUG [SensorParser] GPGGA: no date from RMC line, bailing out
2025-09-07 17:29:19.272 DEBUG [BluetoothWorker] BT: line:>$LK8EX1,101293,2,53,37,1*36<
2025-09-07 17:29:19.426 DEBUG [BluetoothWorker] BT: line:>$LK8EX1,101300,2,-32,37,0*16<
2025-09-07 17:29:19.637 DEBUG [BluetoothWorker] BT: line:>$LK8EX1,101301,2,-33,37,0*16<
2025-09-07 17:29:19.830 DEBUG [BluetoothWorker] BT: line:>$LK8EX1,101287,2,148,37,0*09<
2025-09-07 17:29:20.022 DEBUG [BluetoothWorker] BT: line:>$LK8EX1,101297,2,24,37,0*33<
2025-09-07 17:29:20.132 DEBUG [SensorParser] GPGGA: no date from RMC line, bailing out
2025-09-07 17:29:20.227 DEBUG [BluetoothWorker] BT: line:>$LK8EX1,101297,2,23,37,0*34<
2025-09-07 17:29:20.439 DEBUG [BluetoothWorker] BT: line:>$LK8EX1,101300,2,-9,37,0*2E<
2025-09-07 17:29:20.673 DEBUG [BluetoothWorker] BT: line:>$LK8EX1,101290,2,105,37,0*06<
2025-09-07 17:29:20.979 DEBUG [BluetoothWorker] BT: line:>$LK8EX1,101305,2,-52,37,0*15<
2025-09-07 17:29:21.129 DEBUG [SensorParser] GPGGA: no date from RMC line, bailing out
2025-09-07 17:29:21.161 DEBUG [BluetoothWorker] BT: line:>$LK8EX1,101293,2,89,37,0*30<
2025-09-07 17:29:21.328 DEBUG [BluetoothWorker] BT: line:>$LK8EX1,101308,2,-93,37,0*15<
2025-09-07 17:29:21.517 DEBUG [BluetoothWorker] BT: line:>$LK8EX1,101306,1,-68,37,1*1D<
2025-09-07 17:29:21.733 DEBUG [BluetoothWorker] BT: line:>$LK8EX1,101307,1,-78,37,0*1C<
2025-09-07 17:29:21.943 DEBUG [BluetoothWorker] BT: line:>$LK8EX1,101304,2,-42,37,0*15<
2025-09-07 17:29:22.136 DEBUG [SensorParser] GPGGA: no date from RMC line, bailing out
2025-09-07 17:29:22.167 DEBUG [BluetoothWorker] BT: line:>$LK8EX1,101309,1,-84,37,0*11<
2025-09-07 17:29:22.360 DEBUG [BluetoothWorker] BT: line:>$LK8EX1,101307,1,-60,37,0*15<
2025-09-07 17:29:22.553 DEBUG [BluetoothWorker] BT: line:>$LK8EX1,101305,1,-25,37,0*16<
2025-09-07 17:29:22.779 DEBUG [BluetoothWorker] BT: line:>$LK8EX1,101287,2,176,37,0*04<
2025-09-07 17:29:22.987 DEBUG [BluetoothWorker] BT: line:>$LK8EX1,101303,2,-45,37,1*14<
2025-09-07 17:29:23.134 DEBUG [SensorParser] GPGGA: no date from RMC line, bailing out
2025-09-07 17:29:23.191 DEBUG [BluetoothWorker] BT: line:>$LK8EX1,101303,2,15,37,1*3C<
2025-09-07 17:29:23.400 DEBUG [BluetoothWorker] BT: line:>$LK8EX1,101305,2,-62,37,0*16<
2025-09-07 17:29:23.605 DEBUG [BluetoothWorker] BT: line:>$LK8EX1,101304,2,-44,37,0*13<
2025-09-07 17:29:23.817 DEBUG [BluetoothWorker] BT: line:>$LK8EX1,101295,2,57,37,0*35<
2025-09-07 17:29:24.132 DEBUG [SensorParser] GPGGA: no date from RMC line, bailing out
2025-09-07 17:29:24.427 DEBUG [BluetoothWorker] BT: line:>$LK8EX1,101292,2,76,37,0*31<
2025-09-07 17:29:24.430 DEBUG [BluetoothWorker] BT: line:>$LK8EX1,101297,2,-9,37,0*21<
2025-09-07 17:29:24.431 DEBUG [BluetoothWorker] BT: line:>$LK8EX1,101314,1,-133,37,0*20<
2025-09-07 17:29:24.638 DEBUG [BluetoothWorker] BT: line:>$LK8EX1,101291,2,135,37,0*04<
2025-09-07 17:29:24.872 DEBUG [BluetoothWorker] BT: line:>$LK8EX1,101298,2,28,37,0*30<
2025-09-07 17:29:25.132 DEBUG [SensorParser] GPGGA: no date from RMC line, bailing out
2025-09-07 17:29:25.133 DEBUG [BluetoothWorker] BT: line:>$LK8EX1,101303,2,-37,37,0*10<
2025-09-07 17:29:25.368 DEBUG [BluetoothWorker] BT: line:>$LK8EX1,101310,1,-100,37,0*24<
2025-09-07 17:29:25.516 DEBUG [BluetoothWorker] BT: line:>$LK8EX1,101320,1,-200,37,1*25<
2025-09-07 17:29:25.729 DEBUG [BluetoothWorker] BT: line:>$LK8EX1,101313,1,-76,37,0*17<
2025-09-07 17:29:25.922 DEBUG [BluetoothWorker] BT: line:>$LK8EX1,101307,1,12,37,0*3D<
2025-09-07 17:29:26.133 DEBUG [SensorParser] GPGGA: no date from RMC line, bailing out
2025-09-07 17:29:26.135 DEBUG [BluetoothWorker] BT: line:>$LK8EX1,101319,1,-120,37,0*2F<
2025-09-07 17:29:26.381 DEBUG [BluetoothWorker] BT: line:>$LK8EX1,101317,1,-66,37,0*12<
2025-09-07 17:29:26.548 DEBUG [BluetoothWorker] BT: line:>$LK8EX1,101324,0,-123,37,0*23<
2025-09-07 17:29:26.756 DEBUG [BluetoothWorker] BT: line:>$LK8EX1,101328,0,-137,37,0*2A<
2025-09-07 17:29:26.971 INFO [TrackService] Starting service onStartCommand, intent: Intent { act=restoreService cmp=org.xcontest.XCTrack/.TrackService }, startId: 4, current task: org.xcontest.XCTrack.navig.TaskTriangleClosing
2025-09-07 17:29:26.972 INFO [TrackService] (Re)starting GPS.
2025-09-07 17:29:26.972 INFO [internalGps] Stopping
2025-09-07 17:29:26.980 INFO [internalGps] Starting
2025-09-07 17:29:26.983 DEBUG [BluetoothWorker] BT: line:>$LK8EX1,101319,0,4,37,0*04<
2025-09-07 17:29:27.156 DEBUG [SensorParser] GPGGA: no date from RMC line, bailing out
2025-09-07 17:29:27.166 DEBUG [BluetoothWorker] BT: line:>$LK8EX1,101321,0,-12,37,1*14<
2025-09-07 17:29:27.397 DEBUG [BluetoothWorker] BT: line:>$LK8EX1,101326,0,-72,37,1*15<
2025-09-07 17:29:27.601 DEBUG [BluetoothWorker] BT: line:>$LK8EX1,101318,0,55,37,0*31<
2025-09-07 17:29:27.653 DEBUG [SensorParser] GPGGA: no date from RMC line, bailing out
2025-09-07 17:29:27.829 DEBUG [BluetoothWorker] BT: line:>$LK8EX1,101322,0,12,37,0*3B<
2025-09-07 17:29:28.043 DEBUG [BluetoothWorker] BT: line:>$LK8EX1,101322,0,12,37,0*3B<
2025-09-07 17:29:28.153 DEBUG [SensorParser] GPGGA: no date from RMC line, bailing out
2025-09-07 17:29:28.241 DEBUG [BluetoothWorker] BT: line:>$LK8EX1,101335,0,-134,37,0*25<
2025-09-07 17:29:28.447 DEBUG [BluetoothWorker] BT: line:>$LK8EX1,101328,0,-7,37,0*28<
2025-09-07 17:29:28.644 DEBUG [BluetoothWorker] BT: line:>$LK8EX1,101327,0,-6,37,0*26<
2025-09-07 17:29:28.653 DEBUG [SensorParser] GPGGA: no date from RMC line, bailing out
2025-09-07 17:29:28.940 DEBUG [BluetoothWorker] BT: line:>$LK8EX1,101333,0,-51,37,1*10<
2025-09-07 17:29:29.153 DEBUG [BluetoothWorker] BT: line:>$LK8EX1,101325,0,27,37,1*3B<
2025-09-07 17:29:29.154 DEBUG [SensorParser] GPGGA: no date from RMC line, bailing out
2025-09-07 17:29:29.353 DEBUG [BluetoothWorker] BT: line:>$LK8EX1,101329,0,-22,37,1*1F<
2025-09-07 17:29:29.653 DEBUG [SensorParser] GPGGA: no date from RMC line, bailing out
2025-09-07 17:29:29.868 DEBUG [BluetoothWorker] BT: line:>$LK8EX1,101339,0,-129,37,1*24<
2025-09-07 17:29:29.870 DEBUG [BluetoothWorker] BT: line:>$LK8EX1,101310,0,283,37,0*00<
2025-09-07 17:29:29.944 DEBUG [BluetoothWorker] BT: line:>$LK8EX1,101338,0,-69,37,0*11<
2025-09-07 17:29:30.153 DEBUG [SensorParser] GPGGA: no date from RMC line, bailing out
2025-09-07 17:29:30.174 DEBUG [BluetoothWorker] BT: line:>$LK8EX1,101322,0,124,37,0*0F<
2025-09-07 17:29:30.350 DEBUG [BluetoothWorker] BT: line:>$LK8EX1,101316,0,164,37,0*0C<
2025-09-07 17:29:30.571 DEBUG [BluetoothWorker] BT: line:>$LK8EX1,101332,0,-38,37,0*1F<
2025-09-07 17:29:30.766 DEBUG [BluetoothWorker] BT: line:>$LK8EX1,101333,0,-37,37,0*11<
2025-09-07 17:29:30.983 DEBUG [BluetoothWorker] BT: line:>$LK8EX1,101327,0,23,37,0*3C<
2025-09-07 17:29:31.150 DEBUG [SensorParser] GPGGA: no date from RMC line, bailing out
2025-09-07 17:29:31.163 DEBUG [BluetoothWorker] BT: line:>$LK8EX1,101341,0,-135,37,1*26<
2025-09-07 17:29:31.408 DEBUG [BluetoothWorker] BT: line:>$LK8EX1,101331,0,-17,37,0*11<
2025-09-07 17:29:31.628 DEBUG [BluetoothWorker] BT: line:>$LK8EX1,101330,0,2,37,0*09<
2025-09-07 17:29:31.834 DEBUG [BluetoothWorker] BT: line:>$LK8EX1,101335,0,-51,37,1*16<
2025-09-07 17:29:32.036 DEBUG [BluetoothWorker] BT: line:>$LK8EX1,101326,0,64,37,0*3E<
2025-09-07 17:29:32.156 DEBUG [SensorParser] GPGGA: no date from RMC line, bailing out
2025-09-07 17:29:32.244 DEBUG [BluetoothWorker] BT: line:>$LK8EX1,101333,0,-29,37,0*1E<
2025-09-07 17:29:32.450 DEBUG [BluetoothWorker] BT: line:>$LK8EX1,101342,0,-132,37,0*23<
2025-09-07 17:29:32.662 DEBUG [BluetoothWorker] BT: line:>$LK8EX1,101332,0,15,37,0*3D<
2025-09-07 17:29:32.930 DEBUG [BluetoothWorker] BT: line:>$LK8EX1,101332,0,8,37,0*01<
2025-09-07 17:29:33.154 DEBUG [SensorParser] GPGGA: no date from RMC line, bailing out
2025-09-07 17:29:33.159 DEBUG [BluetoothWorker] BT: line:>$LK8EX1,101332,0,-11,37,1*15<
2025-09-07 17:29:33.381 DEBUG [BluetoothWorker] BT: line:>$LK8EX1,101337,0,-83,37,1*1B<
2025-09-07 17:29:33.605 DEBUG [BluetoothWorker] BT: line:>$LK8EX1,101325,0,79,37,0*31<
2025-09-07 17:29:33.808 DEBUG [BluetoothWorker] BT: line:>$LK8EX1,101336,0,-63,37,0*15<
2025-09-07 17:29:34.053 DEBUG [BluetoothWorker] BT: line:>$LK8EX1,101331,0,6,37,0*0C<
2025-09-07 17:29:34.154 DEBUG [SensorParser] GPGGA: no date from RMC line, bailing out
2025-09-07 17:29:34.217 DEBUG [BluetoothWorker] BT: line:>$LK8EX1,101324,0,104,37,0*0B<
2025-09-07 17:29:34.425 DEBUG [BluetoothWorker] BT: line:>$LK8EX1,101336,0,-45,37,0*11<
2025-09-07 17:29:34.645 DEBUG [BluetoothWorker] BT: line:>$LK8EX1,101337,0,-45,37,0*10<
2025-09-07 17:29:34.870 DEBUG [BluetoothWorker] BT: line:>$LK8EX1,101339,0,-56,37,0*1C<
2025-09-07 17:29:35.154 DEBUG [SensorParser] GPGGA: no date from RMC line, bailing out
2025-09-07 17:29:35.313 DEBUG [BluetoothWorker] BT: line:>$LK8EX1,101346,0,-118,37,0*2F<
2025-09-07 17:29:35.316 DEBUG [BluetoothWorker] BT: line:>$LK8EX1,101318,0,191,37,0*08<
2025-09-07 17:29:35.377 DEBUG [BluetoothWorker] BT: line:>$LK8EX1,101329,0,9,37,1*0B<
2025-09-07 17:29:35.609 DEBUG [BluetoothWorker] BT: line:>$LK8EX1,101341,0,-129,37,0*2A<
2025-09-07 17:29:35.814 DEBUG [BluetoothWorker] BT: line:>$LK8EX1,101326,0,58,37,0*31<
2025-09-07 17:29:36.013 DEBUG [BluetoothWorker] BT: line:>$LK8EX1,101321,0,117,37,0*0C<
2025-09-07 17:29:36.153 DEBUG [SensorParser] GPGGA: no date from RMC line, bailing out
2025-09-07 17:29:36.269 DEBUG [BluetoothWorker] BT: line:>$LK8EX1,101335,0,-54,37,0*12<
2025-09-07 17:29:36.448 DEBUG [BluetoothWorker] BT: line:>$LK8EX1,101336,0,-66,37,0*10<
2025-09-07 17:29:36.643 DEBUG [BluetoothWorker] BT: line:>$LK8EX1,101333,0,-28,37,0*1F<
2025-09-07 17:29:36.858 DEBUG [BluetoothWorker] BT: line:>$LK8EX1,101324,0,87,37,0*31<
2025-09-07 17:29:37.087 DEBUG [BluetoothWorker] BT: line:>$LK8EX1,101331,0,-2,37,1*24<
2025-09-07 17:29:37.154 DEBUG [SensorParser] GPGGA: no date from RMC line, bailing out
2025-09-07 17:29:37.279 DEBUG [BluetoothWorker] BT: line:>$LK8EX1,101340,0,-85,37,1*1D<
2025-09-07 17:29:37.539 DEBUG [BluetoothWorker] BT: line:>$LK8EX1,101335,0,-32,37,1*13<
2025-09-07 17:29:37.736 DEBUG [BluetoothWorker] BT: line:>$LK8EX1,101326,0,66,37,0*3C<
2025-09-07 17:29:37.936 DEBUG [BluetoothWorker] BT: line:>$LK8EX1,101329,0,10,37,0*32<
2025-09-07 17:29:38.126 DEBUG [BluetoothWorker] BT: line:>$LK8EX1,101333,0,-46,37,0*17<
2025-09-07 17:29:38.156 DEBUG [SensorParser] GPGGA: no date from RMC line, bailing out
2025-09-07 17:29:38.347 DEBUG [BluetoothWorker] BT: line:>$LK8EX1,101333,0,-45,37,0*14<
2025-09-07 17:29:38.545 DEBUG [BluetoothWorker] BT: line:>$LK8EX1,101335,0,-38,37,0*18<
2025-09-07 17:29:38.760 DEBUG [BluetoothWorker] BT: line:>$LK8EX1,101332,0,0,37,0*09<
2025-09-07 17:29:38.978 DEBUG [BluetoothWorker] BT: line:>$LK8EX1,101337,0,-70,37,0*16<
2025-09-07 17:29:39.150 DEBUG [SensorParser] GPGGA: no date from RMC line, bailing out
2025-09-07 17:29:39.285 DEBUG [BluetoothWorker] BT: line:>$LK8EX1,101329,0,43,37,0*34<
2025-09-07 17:29:39.507 DEBUG [BluetoothWorker] BT: line:>$LK8EX1,101337,0,-41,37,1*15<
2025-09-07 17:29:39.702 DEBUG [BluetoothWorker] BT: line:>$LK8EX1,101332,0,20,37,0*3B<
2025-09-07 17:29:39.854 DEBUG [BluetoothWorker] BT: line:>$LK8EX1,101318,0,180,37,1*09<
2025-09-07 17:29:40.046 DEBUG [BluetoothWorker] BT: line:>$LK8EX1,101327,0,41,37,0*38<
2025-09-07 17:29:40.155 DEBUG [SensorParser] GPGGA: no date from RMC line, bailing out
2025-09-07 17:29:40.255 DEBUG [BluetoothWorker] BT: line:>$LK8EX1,101344,0,-130,37,0*27<
2025-09-07 17:29:40.760 DEBUG [BluetoothWorker] BT: line:>$LK8EX1,101357,-1,-269,37,0*06<
2025-09-07 17:29:40.764 DEBUG [BluetoothWorker] BT: line:>$LK8EX1,101347,0,-141,37,0*22<
2025-09-07 17:29:40.995 DEBUG [BluetoothWorker] BT: line:>$LK8EX1,101330,0,56,37,0*38<
2025-09-07 17:29:41.119 DEBUG [BluetoothWorker] BT: line:>$LK8EX1,101329,0,58,37,1*3F<
2025-09-07 17:29:41.153 DEBUG [SensorParser] GPGGA: no date from RMC line, bailing out
2025-09-07 17:29:41.304 DEBUG [BluetoothWorker] BT: line:>$LK8EX1,101338,0,-54,37,0*1F<
2025-09-07 17:29:41.520 DEBUG [BluetoothWorker] BT: line:>$LK8EX1,101331,0,25,37,0*3D<
2025-09-07 17:29:41.741 DEBUG [BluetoothWorker] BT: line:>$LK8EX1,101328,0,45,37,0*33<
2025-09-07 17:29:41.966 DEBUG [BluetoothWorker] BT: line:>$LK8EX1,101341,0,-117,37,0*27<
2025-09-07 17:29:42.139 DEBUG [BluetoothWorker] BT: line:>$LK8EX1,101335,0,-39,37,0*19<
2025-09-07 17:29:42.153 DEBUG [SensorParser] GPGGA: no date from RMC line, bailing out
2025-09-07 17:29:42.352 DEBUG [BluetoothWorker] BT: line:>$LK8EX1,101340,0,-89,37,0*10<
2025-09-07 17:29:42.558 DEBUG [BluetoothWorker] BT: line:>$LK8EX1,101346,0,-142,37,0*20<
2025-09-07 17:29:42.765 DEBUG [BluetoothWorker] BT: line:>$LK8EX1,101338,0,-24,37,0*18<
2025-09-07 17:29:43.016 DEBUG [BluetoothWorker] BT: line:>$LK8EX1,101324,0,122,37,0*0F<
2025-09-07 17:29:43.154 DEBUG [SensorParser] GPGGA: no date from RMC line, bailing out
2025-09-07 17:29:43.213 DEBUG [BluetoothWorker] BT: line:>$LK8EX1,101337,0,-55,37,0*11<
2025-09-07 17:29:43.408 DEBUG [BluetoothWorker] BT: line:>$LK8EX1,101333,0,-11,37,0*15<
2025-09-07 17:29:43.634 DEBUG [BluetoothWorker] BT: line:>$LK8EX1,101332,0,8,37,0*01<
2025-09-07 17:29:43.840 DEBUG [BluetoothWorker] BT: line:>$LK8EX1,101329,0,40,37,0*37<
2025-09-07 17:29:44.068 DEBUG [BluetoothWorker] BT: line:>$LK8EX1,101330,0,41,37,0*3E<
2025-09-07 17:29:44.154 DEBUG [SensorParser] GPGGA: no date from RMC line, bailing out
2025-09-07 17:29:44.241 DEBUG [BluetoothWorker] BT: line:>$LK8EX1,101338,0,-69,37,0*11<
2025-09-07 17:29:44.567 DEBUG [BluetoothWorker] BT: line:>$LK8EX1,101321,0,117,37,0*0C<
2025-09-07 17:29:44.780 DEBUG [BluetoothWorker] BT: line:>$LK8EX1,101331,0,3,37,0*09<
2025-09-07 17:29:44.982 DEBUG [BluetoothWorker] BT: line:>$LK8EX1,101329,0,29,37,0*38<
2025-09-07 17:29:45.155 DEBUG [SensorParser] GPGGA: no date from RMC line, bailing out
2025-09-07 17:29:45.213 DEBUG [BluetoothWorker] BT: line:>$LK8EX1,101333,0,-20,37,0*17<
2025-09-07 17:29:45.416 DEBUG [BluetoothWorker] BT: line:>$LK8EX1,101340,0,-79,37,0*1F<
2025-09-07 17:29:45.626 DEBUG [BluetoothWorker] BT: line:>$LK8EX1,101337,0,-26,37,0*15<
2025-09-07 17:29:46.152 DEBUG [SensorParser] GPGGA: no date from RMC line, bailing out
2025-09-07 17:29:46.201 DEBUG [BluetoothWorker] BT: line:>$LK8EX1,101341,0,-72,37,0*15<
2025-09-07 17:29:46.206 DEBUG [BluetoothWorker] BT: line:>$LK8EX1,101331,0,-3,37,0*24<
2025-09-07 17:29:46.267 DEBUG [BluetoothWorker] BT: line:>$LK8EX1,101341,0,-76,37,0*11<
2025-09-07 17:29:46.375 DEBUG [BluetoothWorker] BT: line:>$LK8EX1,101332,0,34,37,0*3E<
2025-09-07 17:29:46.567 DEBUG [BluetoothWorker] BT: line:>$LK8EX1,101324,0,126,37,1*0A<
2025-09-07 17:29:46.773 DEBUG [BluetoothWorker] BT: line:>$LK8EX1,101334,0,-10,37,0*13<
2025-09-07 17:29:47.008 DEBUG [BluetoothWorker] BT: line:>$LK8EX1,101335,0,-30,37,0*10<
2025-09-07 17:29:47.150 DEBUG [SensorParser] GPGGA: no date from RMC line, bailing out
2025-09-07 17:29:47.224 DEBUG [BluetoothWorker] BT: line:>$LK8EX1,101332,0,6,37,0*0F<
2025-09-07 17:29:47.435 DEBUG [BluetoothWorker] BT: line:>$LK8EX1,101331,0,29,37,0*31<
2025-09-07 17:29:47.670 DEBUG [BluetoothWorker] BT: line:>$LK8EX1,101321,0,123,37,0*0B<
2025-09-07 17:29:47.851 DEBUG [BluetoothWorker] BT: line:>$LK8EX1,101320,0,119,37,0*03<
2025-09-07 17:29:48.052 DEBUG [BluetoothWorker] BT: line:>$LK8EX1,101330,0,-22,37,0*16<
2025-09-07 17:29:48.154 DEBUG [SensorParser] GPGGA: no date from RMC line, bailing out
2025-09-07 17:29:48.261 DEBUG [BluetoothWorker] BT: line:>$LK8EX1,101325,0,26,37,0*3B<
2025-09-07 17:29:48.488 DEBUG [BluetoothWorker] BT: line:>$LK8EX1,101326,0,6,37,0*0A<
2025-09-07 17:29:48.768 DEBUG [BluetoothWorker] BT: line:>$LK8EX1,101335,0,-76,37,0*12<
2025-09-07 17:29:48.978 DEBUG [BluetoothWorker] BT: line:>$LK8EX1,101337,0,-86,37,1*1E<
2025-09-07 17:29:49.120 DEBUG [BluetoothWorker] BT: line:>$LK8EX1,101350,0,-218,37,0*2B<
2025-09-07 17:29:49.154 DEBUG [SensorParser] GPGGA: no date from RMC line, bailing out
2025-09-07 17:29:49.328 DEBUG [BluetoothWorker] BT: line:>$LK8EX1,101327,0,75,37,0*3F<
2025-09-07 17:29:49.540 DEBUG [BluetoothWorker] BT: line:>$LK8EX1,101332,0,-2,37,0*26<
2025-09-07 17:29:49.728 DEBUG [BluetoothWorker] BT: line:>$LK8EX1,101329,0,19,37,0*3B<
2025-09-07 17:29:49.946 DEBUG [BluetoothWorker] BT: line:>$LK8EX1,101332,0,-20,37,0*16<
2025-09-07 17:29:50.155 DEBUG [SensorParser] GPGGA: no date from RMC line, bailing out
2025-09-07 17:29:50.156 DEBUG [BluetoothWorker] BT: line:>$LK8EX1,101339,0,-96,37,0*10<
2025-09-07 17:29:50.453 DEBUG [BluetoothWorker] BT: line:>$LK8EX1,101333,0,-8,37,0*2D<
2025-09-07 17:29:50.698 DEBUG [BluetoothWorker] BT: line:>$LK8EX1,101337,0,-50,37,0*14<
2025-09-07 17:29:50.814 DEBUG [BluetoothWorker] BT: line:>$LK8EX1,101331,0,25,37,0*3D<
2025-09-07 17:29:51.031 DEBUG [BluetoothWorker] BT: line:>$LK8EX1,101326,0,93,37,1*37<
2025-09-07 17:29:51.153 DEBUG [SensorParser] GPGGA: no date from RMC line, bailing out
2025-09-07 17:29:51.648 DEBUG [BluetoothWorker] BT: line:>$LK8EX1,101338,0,-70,37,0*19<
2025-09-07 17:29:51.649 DEBUG [BluetoothWorker] BT: line:>$LK8EX1,101338,0,-67,37,0*1F<
2025-09-07 17:29:51.653 DEBUG [BluetoothWorker] BT: line:>$LK8EX1,101353,0,-253,37,0*27<
2025-09-07 17:29:51.863 DEBUG [BluetoothWorker] BT: line:>$LK8EX1,101338,0,-60,37,0*18<
2025-09-07 17:29:52.092 DEBUG [BluetoothWorker] BT: line:>$LK8EX1,101331,0,27,37,0*3F<
2025-09-07 17:29:52.151 DEBUG [SensorParser] GPGGA: no date from RMC line, bailing out
2025-09-07 17:29:52.265 DEBUG [BluetoothWorker] BT: line:>$LK8EX1,101327,0,76,37,0*3C<
2025-09-07 17:29:53.154 DEBUG [SensorParser] GPGGA: no date from RMC line, bailing out
2025-09-07 17:29:54.153 DEBUG [SensorParser] GPGGA: no date from RMC line, bailing out
2025-09-07 17:29:55.154 DEBUG [SensorParser] GPGGA: no date from RMC line, bailing out
2025-09-07 17:29:56.154 DEBUG [SensorParser] GPGGA: no date from RMC line, bailing out
2025-09-07 17:29:57.152 DEBUG [SensorParser] GPGGA: no date from RMC line, bailing out
2025-09-07 17:29:57.362 INFO [EventMapping] Event: BT_KO
2025-09-07 17:29:57.363 INFO [BluetoothLE] BluetoothSensorGeneric: close from: org.xcontest.XCTrack.sensors.r.run(SourceFile:119)
	java.lang.Thread.run(Thread.java:1119)
2025-09-07 17:29:57.364 ERROR [BluetoothWorker] Bluetooth error while reading
	EXCEPTION: java.io.IOException: bt socket closed, read return: -1
java.io.IOException: bt socket closed, read return: -1
	at android.bluetooth.BluetoothSocket.read(BluetoothSocket.java:677)
	at android.bluetooth.BluetoothInputStream.read(BluetoothInputStream.java:91)
	at sun.nio.cs.StreamDecoder.readBytes(StreamDecoder.java:291)
	at sun.nio.cs.StreamDecoder.implRead(StreamDecoder.java:355)
	at sun.nio.cs.StreamDecoder.read(StreamDecoder.java:181)
	at java.io.InputStreamReader.read(InputStreamReader.java:177)
	at java.io.BufferedReader.fill(BufferedReader.java:172)
	at java.io.BufferedReader.readLine(BufferedReader.java:337)
	at java.io.BufferedReader.readLine(BufferedReader.java:403)
	at org.xcontest.XCTrack.sensors.r.run(SourceFile:42)
	at java.lang.Thread.run(Thread.java:1119)
2025-09-07 17:29:58.153 DEBUG [SensorParser] GPGGA: no date from RMC line, bailing out
2025-09-07 17:29:59.153 DEBUG [SensorParser] GPGGA: no date from RMC line, bailing out
2025-09-07 17:30:00.153 DEBUG [SensorParser] GPGGA: no date from RMC line, bailing out
2025-09-07 17:30:01.154 DEBUG [SensorParser] GPGGA: no date from RMC line, bailing out
2025-09-07 17:30:02.154 DEBUG [SensorParser] GPGGA: no date from RMC line, bailing out
2025-09-07 17:30:03.154 DEBUG [SensorParser] GPGGA: no date from RMC line, bailing out
2025-09-07 17:30:04.153 DEBUG [SensorParser] GPGGA: no date from RMC line, bailing out
2025-09-07 17:30:05.153 DEBUG [SensorParser] GPGGA: no date from RMC line, bailing out
2025-09-07 17:30:06.155 DEBUG [SensorParser] GPGGA: no date from RMC line, bailing out
2025-09-07 17:30:07.154 DEBUG [SensorParser] GPGGA: no date from RMC line, bailing out
2025-09-07 17:30:08.155 DEBUG [SensorParser] GPGGA: no date from RMC line, bailing out
2025-09-07 17:30:09.154 DEBUG [SensorParser] GPGGA: no date from RMC line, bailing out
2025-09-07 17:30:10.074 ERROR [BluetoothWorker] Bluetooth exception while connecting
	EXCEPTION: java.io.IOException: read failed, socket might closed or timeout, read ret: -1
java.io.IOException: read failed, socket might closed or timeout, read ret: -1
	at android.bluetooth.BluetoothSocket.readAll(BluetoothSocket.java:924)
	at android.bluetooth.BluetoothSocket.readInt(BluetoothSocket.java:938)
	at android.bluetooth.BluetoothSocket.connect(BluetoothSocket.java:502)
	at org.xcontest.XCTrack.sensors.r.e(SourceFile:70)
	at org.xcontest.XCTrack.sensors.r.run(SourceFile:23)
	at java.lang.Thread.run(Thread.java:1119)
2025-09-07 17:30:10.156 DEBUG [SensorParser] GPGGA: no date from RMC line, bailing out
2025-09-07 17:30:11.154 DEBUG [SensorParser] GPGGA: no date from RMC line, bailing out
2025-09-07 17:30:11.950 INFO [BluetoothWorker] bluetooth connect (reflection) ok
2025-09-07 17:30:11.951 INFO [EventMapping] Event: BT_OK
2025-09-07 17:30:11.968 DEBUG [BluetoothWorker] BT: line:>$LK8EX1,101329,0,-37,37,0*1A<
2025-09-07 17:30:11.969 INFO [BluetoothWorker] Detected generic bluetooth device
2025-09-07 17:30:12.154 DEBUG [SensorParser] GPGGA: no date from RMC line, bailing out
2025-09-07 17:30:12.182 DEBUG [BluetoothWorker] BT: line:>$LK8EX1,101319,0,91,37,0*38<
2025-09-07 17:30:12.440 DEBUG [BluetoothWorker] BT: line:>$LK8EX1,101332,0,-61,37,0*13<
2025-09-07 17:30:12.596 DEBUG [BluetoothWorker] BT: line:>$LK8EX1,101322,0,75,37,0*3A<
2025-09-07 17:30:12.787 DEBUG [BluetoothWorker] BT: line:>$LK8EX1,101332,0,-63,37,0*11<
2025-09-07 17:30:12.996 DEBUG [BluetoothWorker] BT: line:>$LK8EX1,101329,0,-19,37,0*16<
2025-09-07 17:30:13.152 DEBUG [SensorParser] GPGGA: no date from RMC line, bailing out
2025-09-07 17:30:13.230 DEBUG [BluetoothWorker] BT: line:>$LK8EX1,101340,0,-140,37,0*24<
2025-09-07 17:30:13.518 DEBUG [BluetoothWorker] BT: line:>$LK8EX1,101320,0,97,37,0*34<
2025-09-07 17:30:13.742 DEBUG [BluetoothWorker] BT: line:>$LK8EX1,101333,0,-72,37,0*10<
2025-09-07 17:30:13.936 DEBUG [BluetoothWorker] BT: line:>$LK8EX1,101317,0,113,37,0*0D<
2025-09-07 17:30:14.075 DEBUG [BluetoothWorker] BT: line:>$LK8EX1,101329,0,-43,37,0*19<
2025-09-07 17:30:14.151 DEBUG [SensorParser] GPGGA: no date from RMC line, bailing out
2025-09-07 17:30:14.278 DEBUG [BluetoothWorker] BT: line:>$LK8EX1,101331,0,-41,37,0*12<
2025-09-07 17:30:14.497 DEBUG [BluetoothWorker] BT: line:>$LK8EX1,101319,0,99,37,0*30<
2025-09-07 17:30:14.712 DEBUG [BluetoothWorker] BT: line:>$LK8EX1,101329,0,-25,37,0*19<
2025-09-07 17:30:14.932 DEBUG [BluetoothWorker] BT: line:>$LK8EX1,101324,0,22,37,0*3E<
2025-09-07 17:30:15.142 DEBUG [BluetoothWorker] BT: line:>$LK8EX1,101317,0,100,37,0*0F<
2025-09-07 17:30:15.154 DEBUG [SensorParser] GPGGA: no date from RMC line, bailing out
2025-09-07 17:30:15.414 DEBUG [BluetoothWorker] BT: line:>$LK8EX1,101320,0,45,37,0*3B<
2025-09-07 17:30:15.609 DEBUG [BluetoothWorker] BT: line:>$LK8EX1,101322,0,43,37,0*3F<
2025-09-07 17:30:15.766 DEBUG [BluetoothWorker] BT: line:>$LK8EX1,101319,0,70,37,1*36<
2025-09-07 17:30:15.971 DEBUG [BluetoothWorker] BT: line:>$LK8EX1,101335,0,-118,37,1*2A<
2025-09-07 17:30:16.152 DEBUG [SensorParser] GPGGA: no date from RMC line, bailing out
2025-09-07 17:30:16.181 DEBUG [BluetoothWorker] BT: line:>$LK8EX1,101325,0,18,37,0*36<
2025-09-07 17:30:16.402 DEBUG [BluetoothWorker] BT: line:>$LK8EX1,101327,0,-16,37,0*17<
2025-09-07 17:30:16.621 DEBUG [BluetoothWorker] BT: line:>$LK8EX1,101322,0,39,37,0*32<
2025-09-07 17:30:16.809 DEBUG [BluetoothWorker] BT: line:>$LK8EX1,101321,0,42,37,0*3D<
2025-09-07 17:30:17.153 DEBUG [SensorParser] GPGGA: no date from RMC line, bailing out
2025-09-07 17:30:17.388 DEBUG [BluetoothWorker] BT: line:>$LK8EX1,101324,0,0,37,0*0E<
2025-09-07 17:30:17.397 DEBUG [BluetoothWorker] BT: line:>$LK8EX1,101330,0,-67,37,0*17<
2025-09-07 17:30:17.520 DEBUG [BluetoothWorker] BT: line:>$LK8EX1,101332,0,86,37,1*36<
2025-09-07 17:30:17.666 DEBUG [BluetoothWorker] BT: line:>$LK8EX1,101324,0,-51,37,0*17<
2025-09-07 17:30:17.957 DEBUG [BluetoothWorker] BT: line:>$LK8EX1,101340,0,-173,37,0*24<
2025-09-07 17:30:18.086 DEBUG [BluetoothWorker] BT: line:>$LK8EX1,101328,0,-4,37,1*2A<
2025-09-07 17:30:18.155 DEBUG [SensorParser] GPGGA: no date from RMC line, bailing out
2025-09-07 17:30:18.288 DEBUG [BluetoothWorker] BT: line:>$LK8EX1,101319,0,79,37,0*3E<
2025-09-07 17:30:18.501 DEBUG [BluetoothWorker] BT: line:>$LK8EX1,101332,0,-80,37,0*1C<
2025-09-07 17:30:18.710 DEBUG [BluetoothWorker] BT: line:>$LK8EX1,101323,0,40,37,0*3D<
2025-09-07 17:30:18.909 DEBUG [BluetoothWorker] BT: line:>$LK8EX1,101318,0,86,37,0*3F<
2025-09-07 17:30:19.153 DEBUG [SensorParser] GPGGA: no date from RMC line, bailing out
2025-09-07 17:30:19.204 DEBUG [BluetoothWorker] BT: line:>$LK8EX1,101321,0,45,37,0*3A<
2025-09-07 17:30:19.407 DEBUG [BluetoothWorker] BT: line:>$LK8EX1,101332,0,-88,37,0*14<
2025-09-07 17:30:19.566 DEBUG [BluetoothWorker] BT: line:>$LK8EX1,101325,0,6,37,0*09<
2025-09-07 17:30:19.776 DEBUG [BluetoothWorker] BT: line:>$LK8EX1,101338,0,-134,37,1*29<
2025-09-07 17:30:19.992 DEBUG [BluetoothWorker] BT: line:>$LK8EX1,101318,0,113,37,0*02<
2025-09-07 17:30:20.153 DEBUG [SensorParser] GPGGA: no date from RMC line, bailing out
2025-09-07 17:30:20.180 DEBUG [BluetoothWorker] BT: line:>$LK8EX1,101330,0,-36,37,0*13<
2025-09-07 17:30:20.395 DEBUG [BluetoothWorker] BT: line:>$LK8EX1,101323,0,58,37,0*34<
2025-09-07 17:30:20.602 DEBUG [BluetoothWorker] BT: line:>$LK8EX1,101323,0,44,37,0*39<
2025-09-07 17:30:20.815 DEBUG [BluetoothWorker] BT: line:>$LK8EX1,101314,0,143,37,0*0B<
2025-09-07 17:30:21.020 DEBUG [BluetoothWorker] BT: line:>$LK8EX1,101319,0,55,37,0*30<
2025-09-07 17:30:21.154 DEBUG [SensorParser] GPGGA: no date from RMC line, bailing out
2025-09-07 17:30:21.222 DEBUG [BluetoothWorker] BT: line:>$LK8EX1,101329,0,-93,37,0*14<
2025-09-07 17:30:21.423 DEBUG [BluetoothWorker] BT: line:>$LK8EX1,101319,0,-11,37,0*1D<
2025-09-07 17:30:21.649 DEBUG [BluetoothWorker] BT: line:>$LK8EX1,101326,0,-28,37,0*1B<
2025-09-07 17:30:21.890 DEBUG [BluetoothWorker] BT: line:>$LK8EX1,101329,0,-58,37,0*13<
2025-09-07 17:30:22.080 DEBUG [BluetoothWorker] BT: line:>$LK8EX1,101313,0,125,37,0*0C<
2025-09-07 17:30:22.152 DEBUG [SensorParser] GPGGA: no date from RMC line, bailing out
2025-09-07 17:30:22.274 DEBUG [BluetoothWorker] BT: line:>$LK8EX1,101319,0,26,37,0*34<
2025-09-07 17:30:22.833 DEBUG [BluetoothWorker] BT: line:>$LK8EX1,101323,0,-17,37,0*12<
2025-09-07 17:30:22.839 DEBUG [BluetoothWorker] BT: line:>$LK8EX1,101320,0,31,37,0*38<
2025-09-07 17:30:22.921 DEBUG [BluetoothWorker] BT: line:>$LK8EX1,101323,0,2,37,0*0B<
2025-09-07 17:30:23.154 DEBUG [SensorParser] GPGGA: no date from RMC line, bailing out
2025-09-07 17:30:23.185 DEBUG [BluetoothWorker] BT: line:>$LK8EX1,101318,0,57,37,0*33<
2025-09-07 17:30:23.394 DEBUG [BluetoothWorker] BT: line:>$LK8EX1,101333,0,-98,37,0*14<
2025-09-07 17:30:23.556 DEBUG [BluetoothWorker] BT: line:>$LK8EX1,101337,0,-143,37,1*26<
2025-09-07 17:30:23.768 DEBUG [BluetoothWorker] BT: line:>$LK8EX1,101327,0,-23,37,1*10<
2025-09-07 17:30:23.971 DEBUG [BluetoothWorker] BT: line:>$LK8EX1,101331,0,-48,37,0*1B<
2025-09-07 17:30:24.155 DEBUG [SensorParser] GPGGA: no date from RMC line, bailing out
2025-09-07 17:30:24.192 DEBUG [BluetoothWorker] BT: line:>$LK8EX1,101321,0,82,37,0*31<
2025-09-07 17:30:24.386 DEBUG [BluetoothWorker] BT: line:>$LK8EX1,101315,0,128,37,0*07<
2025-09-07 17:30:24.581 DEBUG [BluetoothWorker] BT: line:>$LK8EX1,101325,0,7,37,0*08<
2025-09-07 17:30:24.807 DEBUG [BluetoothWorker] BT: line:>$LK8EX1,101328,0,-32,37,0*1E<
2025-09-07 17:30:25.006 DEBUG [BluetoothWorker] BT: line:>$LK8EX1,101339,0,-151,37,0*2A<
2025-09-07 17:30:25.154 DEBUG [SensorParser] GPGGA: no date from RMC line, bailing out
2025-09-07 17:30:25.222 DEBUG [BluetoothWorker] BT: line:>$LK8EX1,101316,0,122,37,0*0E<
2025-09-07 17:30:25.438 DEBUG [BluetoothWorker] BT: line:>$LK8EX1,101326,0,-21,37,0*12<
2025-09-07 17:30:25.719 DEBUG [BluetoothWorker] BT: line:>$LK8EX1,101316,0,20,37,0*3D<
2025-09-07 17:30:25.885 DEBUG [BluetoothWorker] BT: line:>$LK8EX1,101325,0,3,37,1*0D<
2025-09-07 17:30:26.081 DEBUG [BluetoothWorker] BT: line:>$LK8EX1,101320,0,64,37,0*38<
2025-09-07 17:30:26.156 DEBUG [SensorParser] GPGGA: no date from RMC line, bailing out
2025-09-07 17:30:26.312 DEBUG [BluetoothWorker] BT: line:>$LK8EX1,101340,0,-185,37,0*2D<
2025-09-07 17:30:26.518 DEBUG [BluetoothWorker] BT: line:>$LK8EX1,101325,0,33,37,0*3F<
2025-09-07 17:30:26.708 DEBUG [BluetoothWorker] BT: line:>$LK8EX1,101337,0,-99,37,0*11<
2025-09-07 17:30:26.906 DEBUG [BluetoothWorker] BT: line:>$LK8EX1,101334,0,-55,37,0*12<
2025-09-07 17:30:26.977 INFO [TrackService] Starting service onStartCommand, intent: Intent { act=restoreService cmp=org.xcontest.XCTrack/.TrackService }, startId: 5, current task: org.xcontest.XCTrack.navig.TaskTriangleClosing
2025-09-07 17:30:26.978 INFO [TrackService] (Re)starting GPS.
2025-09-07 17:30:26.978 INFO [internalGps] Stopping
2025-09-07 17:30:26.988 INFO [internalGps] Starting
2025-09-07 17:30:27.112 DEBUG [BluetoothWorker] BT: line:>$LK8EX1,101338,0,-107,37,0*28<
2025-09-07 17:30:27.144 DEBUG [SensorParser] GPGGA: no date from RMC line, bailing out
2025-09-07 17:30:27.329 DEBUG [BluetoothWorker] BT: line:>$LK8EX1,101319,0,115,37,0*05<
2025-09-07 17:30:27.535 DEBUG [BluetoothWorker] BT: line:>$LK8EX1,101319,0,103,37,1*03<
2025-09-07 17:30:27.641 DEBUG [SensorParser] GPGGA: no date from RMC line, bailing out
2025-09-07 17:30:27.773 DEBUG [BluetoothWorker] BT: line:>$LK8EX1,101328,0,-16,37,0*18<
2025-09-07 17:30:28.145 DEBUG [SensorParser] GPGGA: no date from RMC line, bailing out
2025-09-07 17:30:28.278 DEBUG [BluetoothWorker] BT: line:>$LK8EX1,101343,0,-185,37,0*2E<
2025-09-07 17:30:28.281 DEBUG [BluetoothWorker] BT: line:>$LK8EX1,101320,0,94,37,0*37<
2025-09-07 17:30:28.395 DEBUG [BluetoothWorker] BT: line:>$LK8EX1,101325,0,25,37,0*38<
2025-09-07 17:30:28.598 DEBUG [BluetoothWorker] BT: line:>$LK8EX1,101332,0,-88,37,0*14<
2025-09-07 17:30:28.650 DEBUG [SensorParser] GPGGA: no date from RMC line, bailing out
2025-09-07 17:30:28.828 DEBUG [BluetoothWorker] BT: line:>$LK8EX1,101324,0,11,37,0*3E<
2025-09-07 17:30:29.019 DEBUG [BluetoothWorker] BT: line:>$LK8EX1,101328,0,-17,37,0*19<
2025-09-07 17:30:29.143 DEBUG [SensorParser] GPGGA: no date from RMC line, bailing out
2025-09-07 17:30:29.221 DEBUG [BluetoothWorker] BT: line:>$LK8EX1,101325,0,10,37,0*3E<
2025-09-07 17:30:29.517 DEBUG [BluetoothWorker] BT: line:>$LK8EX1,101339,0,-154,37,1*2E<
2025-09-07 17:30:29.641 DEBUG [SensorParser] GPGGA: no date from RMC line, bailing out
2025-09-07 17:30:29.706 DEBUG [BluetoothWorker] BT: line:>$LK8EX1,101309,0,198,37,0*01<
2025-09-07 17:30:29.864 DEBUG [BluetoothWorker] BT: line:>$LK8EX1,101323,0,8,37,1*00<
2025-09-07 17:30:30.063 DEBUG [BluetoothWorker] BT: line:>$LK8EX1,101328,0,-60,37,0*19<
2025-09-07 17:30:30.141 DEBUG [SensorParser] GPGGA: no date from RMC line, bailing out
2025-09-07 17:30:30.284 DEBUG [BluetoothWorker] BT: line:>$LK8EX1,101325,0,-14,37,0*17<
2025-09-07 17:30:30.517 DEBUG [BluetoothWorker] BT: line:>$LK8EX1,101329,0,-69,37,0*11<
2025-09-07 17:30:30.706 DEBUG [BluetoothWorker] BT: line:>$LK8EX1,101323,0,0,37,0*09<
2025-09-07 17:30:30.912 DEBUG [BluetoothWorker] BT: line:>$LK8EX1,101325,0,-3,37,0*21<
2025-09-07 17:30:31.116 DEBUG [BluetoothWorker] BT: line:>$LK8EX1,101325,0,-14,37,0*17<
2025-09-07 17:30:31.142 DEBUG [SensorParser] GPGGA: no date from RMC line, bailing out
2025-09-07 17:30:31.322 DEBUG [BluetoothWorker] BT: line:>$LK8EX1,101312,0,145,37,0*0B<
2025-09-07 17:30:31.511 DEBUG [BluetoothWorker] BT: line:>$LK8EX1,101341,0,-181,37,0*28<
2025-09-07 17:30:31.720 DEBUG [BluetoothWorker] BT: line:>$LK8EX1,101326,0,-26,37,0*15<
2025-09-07 17:30:31.958 DEBUG [BluetoothWorker] BT: line:>$LK8EX1,101312,0,137,37,0*0E<
2025-09-07 17:30:32.142 DEBUG [SensorParser] GPGGA: no date from RMC line, bailing out
2025-09-07 17:30:32.177 DEBUG [BluetoothWorker] BT: line:>$LK8EX1,101319,0,43,37,0*37<
2025-09-07 17:30:32.371 DEBUG [BluetoothWorker] BT: line:>$LK8EX1,101312,0,124,37,0*0C<
2025-09-07 17:30:32.598 DEBUG [BluetoothWorker] BT: line:>$LK8EX1,101323,0,-34,37,0*13<
2025-09-07 17:30:32.790 DEBUG [BluetoothWorker] BT: line:>$LK8EX1,101321,0,17,37,0*3D<
2025-09-07 17:30:33.010 DEBUG [BluetoothWorker] BT: line:>$LK8EX1,101319,0,32,37,0*31<
2025-09-07 17:30:33.141 DEBUG [SensorParser] GPGGA: no date from RMC line, bailing out
2025-09-07 17:30:33.289 DEBUG [BluetoothWorker] BT: line:>$LK8EX1,101313,0,103,37,0*08<
2025-09-07 17:30:33.723 DEBUG [BluetoothWorker] BT: line:>$LK8EX1,101322,0,11,37,0*38<
2025-09-07 17:30:33.755 DEBUG [BluetoothWorker] BT: line:>$LK8EX1,101321,0,24,37,0*3D<
2025-09-07 17:30:33.963 DEBUG [BluetoothWorker] BT: line:>$LK8EX1,101327,0,-57,37,0*12<
2025-09-07 17:30:34.139 DEBUG [SensorParser] GPGGA: no date from RMC line, bailing out
2025-09-07 17:30:34.179 DEBUG [BluetoothWorker] BT: line:>$LK8EX1,101327,0,-44,37,0*10<
2025-09-07 17:30:34.383 DEBUG [BluetoothWorker] BT: line:>$LK8EX1,101323,0,26,37,0*3D<
2025-09-07 17:30:34.580 DEBUG [BluetoothWorker] BT: line:>$LK8EX1,101326,0,-22,37,0*11<
2025-09-07 17:30:34.808 DEBUG [BluetoothWorker] BT: line:>$LK8EX1,101331,0,-54,37,0*16<
2025-09-07 17:30:34.989 DEBUG [BluetoothWorker] BT: line:>$LK8EX1,101327,0,17,37,0*3B<
2025-09-07 17:30:35.140 DEBUG [SensorParser] GPGGA: no date from RMC line, bailing out
2025-09-07 17:30:35.195 DEBUG [BluetoothWorker] BT: line:>$LK8EX1,101327,0,2,37,0*0F<
2025-09-07 17:30:35.402 DEBUG [BluetoothWorker] BT: line:>$LK8EX1,101321,0,54,37,0*3A<
2025-09-07 17:30:35.648 DEBUG [BluetoothWorker] BT: line:>$LK8EX1,101335,0,-110,37,1*22<
2025-09-07 17:30:35.850 DEBUG [BluetoothWorker] BT: line:>$LK8EX1,101332,0,-75,37,0*16<
2025-09-07 17:30:36.046 DEBUG [BluetoothWorker] BT: line:>$LK8EX1,101317,0,108,37,0*07<
2025-09-07 17:30:36.144 DEBUG [SensorParser] GPGGA: no date from RMC line, bailing out
2025-09-07 17:30:36.266 DEBUG [BluetoothWorker] BT: line:>$LK8EX1,101325,0,18,37,0*36<
2025-09-07 17:30:36.398 DEBUG [BluetoothWorker] BT: line:>$LK8EX1,101328,0,-19,37,0*17<
2025-09-07 17:30:36.594 DEBUG [BluetoothWorker] BT: line:>$LK8EX1,101331,0,-65,37,0*14<
2025-09-07 17:30:36.814 DEBUG [BluetoothWorker] BT: line:>$LK8EX1,101325,0,14,37,0*3A<
2025-09-07 17:30:36.996 DEBUG [BluetoothWorker] BT: line:>$LK8EX1,101330,0,-47,37,0*15<
2025-09-07 17:30:37.142 DEBUG [SensorParser] GPGGA: no date from RMC line, bailing out
2025-09-07 17:30:37.310 DEBUG [BluetoothWorker] BT: line:>$LK8EX1,101339,0,-115,37,0*2A<
2025-09-07 17:30:37.512 DEBUG [BluetoothWorker] BT: line:>$LK8EX1,101327,0,19,37,0*35<
2025-09-07 17:30:37.695 DEBUG [BluetoothWorker] BT: line:>$LK8EX1,101328,0,5,37,0*07<
2025-09-07 17:30:37.887 DEBUG [BluetoothWorker] BT: line:>$LK8EX1,101320,0,98,37,0*3B<
2025-09-07 17:30:38.088 DEBUG [BluetoothWorker] BT: line:>$LK8EX1,101335,0,-82,37,0*19<
2025-09-07 17:30:38.142 DEBUG [SensorParser] GPGGA: no date from RMC line, bailing out
2025-09-07 17:30:38.303 DEBUG [BluetoothWorker] BT: line:>$LK8EX1,101322,0,92,37,0*33<
2025-09-07 17:30:38.500 DEBUG [BluetoothWorker] BT: line:>$LK8EX1,101334,0,-46,37,0*10<
2025-09-07 17:30:38.708 DEBUG [BluetoothWorker] BT: line:>$LK8EX1,101333,0,-24,37,0*13<
2025-09-07 17:30:39.142 DEBUG [SensorParser] GPGGA: no date from RMC line, bailing out
2025-09-07 17:30:39.167 DEBUG [BluetoothWorker] BT: line:>$LK8EX1,101331,0,-5,37,0*22<
2025-09-07 17:30:39.170 DEBUG [BluetoothWorker] BT: line:>$LK8EX1,101323,0,96,37,0*36<
2025-09-07 17:30:39.329 DEBUG [BluetoothWorker] BT: line:>$LK8EX1,101326,0,51,37,0*38<
2025-09-07 17:30:39.592 DEBUG [BluetoothWorker] BT: line:>$LK8EX1,101326,0,39,37,0*36<
2025-09-07 17:30:39.814 DEBUG [BluetoothWorker] BT: line:>$LK8EX1,101331,0,-13,37,0*15<
2025-09-07 17:30:39.973 DEBUG [BluetoothWorker] BT: line:>$LK8EX1,101327,0,34,37,0*3A<
2025-09-07 17:30:40.140 DEBUG [SensorParser] GPGGA: no date from RMC line, bailing out
2025-09-07 17:30:40.157 DEBUG [BluetoothWorker] BT: line:>$LK8EX1,101335,0,-70,37,0*14<
2025-09-07 17:30:40.370 DEBUG [BluetoothWorker] BT: line:>$LK8EX1,101326,0,35,37,0*3A<
2025-09-07 17:30:40.599 DEBUG [BluetoothWorker] BT: line:>$LK8EX1,101335,0,-82,37,0*19<
2025-09-07 17:30:40.786 DEBUG [BluetoothWorker] BT: line:>$LK8EX1,101334,0,-56,37,0*11<
2025-09-07 17:30:41.014 DEBUG [BluetoothWorker] BT: line:>$LK8EX1,101316,0,177,37,0*0E<
2025-09-07 17:30:41.143 DEBUG [SensorParser] GPGGA: no date from RMC line, bailing out
2025-09-07 17:30:41.221 DEBUG [BluetoothWorker] BT: line:>$LK8EX1,101324,0,57,37,0*3C<
2025-09-07 17:30:41.440 DEBUG [BluetoothWorker] BT: line:>$LK8EX1,101322,0,76,37,0*39<
2025-09-07 17:30:41.713 DEBUG [BluetoothWorker] BT: line:>$LK8EX1,101329,0,7,37,1*05<
2025-09-07 17:30:41.911 DEBUG [BluetoothWorker] BT: line:>$LK8EX1,101327,0,-11,37,1*11<
2025-09-07 17:30:42.074 DEBUG [BluetoothWorker] BT: line:>$LK8EX1,101323,0,35,37,0*3F<
2025-09-07 17:30:42.140 DEBUG [SensorParser] GPGGA: no date from RMC line, bailing out
2025-09-07 17:30:42.274 DEBUG [BluetoothWorker] BT: line:>$LK8EX1,101329,0,-39,37,0*14<
2025-09-07 17:30:42.492 DEBUG [BluetoothWorker] BT: line:>$LK8EX1,101332,0,-83,37,0*1F<
2025-09-07 17:30:42.680 DEBUG [BluetoothWorker] BT: line:>$LK8EX1,101320,0,84,37,0*36<
2025-09-07 17:30:42.897 DEBUG [BluetoothWorker] BT: line:>$LK8EX1,101337,0,-124,37,0*26<
2025-09-07 17:30:43.122 DEBUG [BluetoothWorker] BT: line:>$LK8EX1,101329,0,-34,37,0*19<
2025-09-07 17:30:43.143 DEBUG [SensorParser] GPGGA: no date from RMC line, bailing out
2025-09-07 17:30:43.333 DEBUG [BluetoothWorker] BT: line:>$LK8EX1,101312,0,172,37,0*0F<
2025-09-07 17:30:43.522 DEBUG [BluetoothWorker] BT: line:>$LK8EX1,101333,0,-85,37,0*18<
2025-09-07 17:30:43.744 DEBUG [BluetoothWorker] BT: line:>$LK8EX1,101316,0,114,37,0*0B<
2025-09-07 17:30:43.931 DEBUG [BluetoothWorker] BT: line:>$LK8EX1,101329,0,-61,37,0*19<
2025-09-07 17:30:44.144 DEBUG [SensorParser] GPGGA: no date from RMC line, bailing out
2025-09-07 17:30:44.164 DEBUG [BluetoothWorker] BT: line:>$LK8EX1,101323,0,-4,37,0*20<
2025-09-07 17:30:44.613 DEBUG [BluetoothWorker] BT: line:>$LK8EX1,101325,0,-19,37,0*1A<
2025-09-07 17:30:44.618 DEBUG [BluetoothWorker] BT: line:>$LK8EX1,101324,0,-4,37,0*27<
2025-09-07 17:30:44.774 DEBUG [BluetoothWorker] BT: line:>$LK8EX1,101331,0,-73,37,0*13<
2025-09-07 17:30:44.990 DEBUG [BluetoothWorker] BT: line:>$LK8EX1,101321,0,50,37,0*3E<
2025-09-07 17:30:45.141 DEBUG [SensorParser] GPGGA: no date from RMC line, bailing out
2025-09-07 17:30:45.207 DEBUG [BluetoothWorker] BT: line:>$LK8EX1,101331,0,-82,37,0*1D<
2025-09-07 17:30:45.400 DEBUG [BluetoothWorker] BT: line:>$LK8EX1,101339,0,-148,37,0*22<
2025-09-07 17:30:45.728 DEBUG [BluetoothWorker] BT: line:>$LK8EX1,101340,0,-99,37,0*11<
2025-09-07 17:30:45.911 DEBUG [BluetoothWorker] BT: line:>$LK8EX1,101330,0,23,37,1*3B<
2025-09-07 17:30:46.057 DEBUG [BluetoothWorker] BT: line:>$LK8EX1,101315,0,189,37,0*0C<
2025-09-07 17:30:46.146 DEBUG [SensorParser] GPGGA: no date from RMC line, bailing out
2025-09-07 17:30:46.273 DEBUG [BluetoothWorker] BT: line:>$LK8EX1,101337,0,-91,37,1*18<
2025-09-07 17:30:46.497 DEBUG [BluetoothWorker] BT: line:>$LK8EX1,101332,0,-20,37,0*16<
2025-09-07 17:30:46.688 DEBUG [BluetoothWorker] BT: line:>$LK8EX1,101333,0,-39,37,0*1F<
2025-09-07 17:30:46.904 DEBUG [BluetoothWorker] BT: line:>$LK8EX1,101326,0,42,37,0*3A<
2025-09-07 17:30:47.108 DEBUG [BluetoothWorker] BT: line:>$LK8EX1,101325,0,61,37,0*38<
2025-09-07 17:30:47.143 DEBUG [SensorParser] GPGGA: no date from RMC line, bailing out
2025-09-07 17:30:47.301 DEBUG [BluetoothWorker] BT: line:>$LK8EX1,101335,0,-61,37,0*14<
2025-09-07 17:30:47.516 DEBUG [BluetoothWorker] BT: line:>$LK8EX1,101323,0,74,37,0*3A<
2025-09-07 17:30:47.734 DEBUG [BluetoothWorker] BT: line:>$LK8EX1,101327,0,50,37,0*38<
2025-09-07 17:30:47.947 DEBUG [BluetoothWorker] BT: line:>$LK8EX1,101324,0,79,37,0*30<
2025-09-07 17:30:48.141 DEBUG [SensorParser] GPGGA: no date from RMC line, bailing out
2025-09-07 17:30:48.182 DEBUG [BluetoothWorker] BT: line:>$LK8EX1,101330,0,-2,37,0*24<
2025-09-07 17:30:48.376 DEBUG [BluetoothWorker] BT: line:>$LK8EX1,101329,0,10,37,0*32<
2025-09-07 17:30:48.619 DEBUG [BluetoothWorker] BT: line:>$LK8EX1,101332,0,-11,37,0*14<
2025-09-07 17:30:48.821 DEBUG [BluetoothWorker] BT: line:>$LK8EX1,101331,0,14,37,0*3F<
2025-09-07 17:30:49.001 DEBUG [BluetoothWorker] BT: line:>$LK8EX1,101329,0,42,37,0*35<
2025-09-07 17:30:49.143 DEBUG [SensorParser] GPGGA: no date from RMC line, bailing out
2025-09-07 17:30:49.220 DEBUG [BluetoothWorker] BT: line:>$LK8EX1,101324,0,84,37,0*32<
2025-09-07 17:30:49.505 DEBUG [BluetoothWorker] BT: line:>$LK8EX1,101341,0,-130,37,0*22<
2025-09-07 17:30:50.057 DEBUG [BluetoothWorker] BT: line:>$LK8EX1,101331,0,2,37,2*0A<
2025-09-07 17:30:50.060 DEBUG [BluetoothWorker] BT: line:>$LK8EX1,101333,0,-7,37,3*21<
2025-09-07 17:30:50.140 DEBUG [SensorParser] GPGGA: no date from RMC line, bailing out
2025-09-07 17:30:50.170 DEBUG [BluetoothWorker] BT: line:>$LK8EX1,101334,0,-19,37,0*1A<
2025-09-07 17:30:50.363 DEBUG [BluetoothWorker] BT: line:>$LK8EX1,101332,0,6,37,0*0F<
2025-09-07 17:30:50.574 DEBUG [BluetoothWorker] BT: line:>$LK8EX1,101332,0,21,37,0*3A<
2025-09-07 17:30:50.788 DEBUG [BluetoothWorker] BT: line:>$LK8EX1,101332,0,24,37,0*3F<
2025-09-07 17:30:50.907 DEBUG [BluetoothWorker] BT: line:>$LK8EX1,101344,0,-119,37,0*2C<
2025-09-07 17:30:51.140 DEBUG [SensorParser] GPGGA: no date from RMC line, bailing out
2025-09-07 17:30:51.210 DEBUG [BluetoothWorker] BT: line:>$LK8EX1,101327,0,64,37,1*3E<
2025-09-07 17:30:51.403 DEBUG [BluetoothWorker] BT: line:>$LK8EX1,101321,0,146,37,0*08<
2025-09-07 17:30:51.581 DEBUG [BluetoothWorker] BT: line:>$LK8EX1,101331,0,7,37,0*0D<
2025-09-07 17:30:51.791 DEBUG [BluetoothWorker] BT: line:>$LK8EX1,101336,0,-72,37,0*15<
2025-09-07 17:30:51.972 DEBUG [BluetoothWorker] BT: line:>$LK8EX1,101328,0,42,37,0*34<
2025-09-07 17:30:52.139 DEBUG [SensorParser] GPGGA: no date from RMC line, bailing out
2025-09-07 17:30:52.187 DEBUG [BluetoothWorker] BT: line:>$LK8EX1,101330,0,8,37,0*03<
2025-09-07 17:30:52.413 DEBUG [BluetoothWorker] BT: line:>$LK8EX1,101331,0,6,37,0*0C<
2025-09-07 17:30:52.619 DEBUG [BluetoothWorker] BT: line:>$LK8EX1,101338,0,-83,37,0*15<
2025-09-07 17:30:52.834 DEBUG [BluetoothWorker] BT: line:>$LK8EX1,101335,0,-34,37,0*14<
2025-09-07 17:30:53.035 DEBUG [BluetoothWorker] BT: line:>$LK8EX1,101318,0,185,37,0*0D<
2025-09-07 17:30:53.141 DEBUG [SensorParser] GPGGA: no date from RMC line, bailing out
2025-09-07 17:30:53.223 DEBUG [BluetoothWorker] BT: line:>$LK8EX1,101339,0,-74,37,0*1C<
2025-09-07 17:30:53.433 DEBUG [BluetoothWorker] BT: line:>$LK8EX1,101354,0,-234,37,0*21<
2025-09-07 17:30:53.637 DEBUG [BluetoothWorker] BT: line:>$LK8EX1,101321,0,170,37,0*0D<
2025-09-07 17:30:53.898 DEBUG [BluetoothWorker] BT: line:>$LK8EX1,101444,-2,-1140,37,0*39<
2025-09-07 17:30:54.069 DEBUG [BluetoothWorker] BT: line:>$LK8EX1,101670,-8,-2000,37,0*30<
2025-09-07 17:30:54.143 DEBUG [SensorParser] GPGGA: no date from RMC line, bailing out
2025-09-07 17:30:54.281 DEBUG [BluetoothWorker] BT: line:>$LK8EX1,102102,-20,-2000,37,0*0B<
2025-09-07 17:30:54.486 DEBUG [BluetoothWorker] BT: line:>$LK8EX1,101323,-19,2000,37,0*2E<
2025-09-07 17:30:54.712 DEBUG [BluetoothWorker] BT: line:>$LK8EX1,101151,-11,2000,37,0*21<
2025-09-07 17:30:54.897 DEBUG [BluetoothWorker] BT: line:>$LK8EX1,101189,-5,2000,37,0*11<
2025-09-07 17:30:55.140 DEBUG [SensorParser] GPGGA: no date from RMC line, bailing out
2025-09-07 17:30:55.503 DEBUG [BluetoothWorker] BT: line:>$LK8EX1,101173,0,1512,37,0*39<
2025-09-07 17:30:55.504 DEBUG [BluetoothWorker] BT: line:>$LK8EX1,101173,2,1578,37,2*35<
2025-09-07 17:30:55.570 DEBUG [BluetoothWorker] BT: line:>$LK8EX1,101218,4,733,37,0*03<
2025-09-07 17:30:55.785 DEBUG [BluetoothWorker] BT: line:>$LK8EX1,101203,5,696,37,0*06<
2025-09-07 17:30:55.994 DEBUG [BluetoothWorker] BT: line:>$LK8EX1,101179,7,775,37,0*06<
2025-09-07 17:30:56.143 DEBUG [SensorParser] GPGGA: no date from RMC line, bailing out
2025-09-07 17:30:56.201 DEBUG [BluetoothWorker] BT: line:>$LK8EX1,101174,8,643,37,0*00<
2025-09-07 17:30:56.388 DEBUG [BluetoothWorker] BT: line:>$LK8EX1,101228,8,-103,37,0*24<
2025-09-07 17:30:56.621 DEBUG [BluetoothWorker] BT: line:>$LK8EX1,101236,8,-142,37,0*2E<
2025-09-07 17:30:56.828 DEBUG [BluetoothWorker] BT: line:>$LK8EX1,101259,7,-337,37,0*28<
2025-09-07 17:30:57.071 DEBUG [BluetoothWorker] BT: line:>$LK8EX1,101267,6,-341,37,0*25<
2025-09-07 17:30:57.142 DEBUG [SensorParser] GPGGA: no date from RMC line, bailing out
2025-09-07 17:30:57.263 DEBUG [BluetoothWorker] BT: line:>$LK8EX1,101298,5,-494,37,0*29<
2025-09-07 17:30:57.460 DEBUG [BluetoothWorker] BT: line:>$LK8EX1,101267,5,-119,37,0*29<
2025-09-07 17:30:57.680 DEBUG [BluetoothWorker] BT: line:>$LK8EX1,101270,5,-129,37,0*2C<
2025-09-07 17:30:57.885 DEBUG [BluetoothWorker] BT: line:>$LK8EX1,101256,5,17,37,0*39<
2025-09-07 17:30:58.082 DEBUG [BluetoothWorker] BT: line:>$LK8EX1,101267,5,-119,37,0*29<
2025-09-07 17:30:58.142 DEBUG [SensorParser] GPGGA: no date from RMC line, bailing out
2025-09-07 17:30:58.369 DEBUG [BluetoothWorker] BT: line:>$LK8EX1,101262,5,-46,37,0*17<
2025-09-07 17:30:58.553 DEBUG [BluetoothWorker] BT: line:>$LK8EX1,101261,5,-38,37,0*1D<
2025-09-07 17:30:58.801 DEBUG [BluetoothWorker] BT: line:>$LK8EX1,101270,5,-109,37,0*2E<
2025-09-07 17:30:59.009 DEBUG [BluetoothWorker] BT: line:>$LK8EX1,101264,5,-38,37,0*18<
2025-09-07 17:30:59.142 DEBUG [SensorParser] GPGGA: no date from RMC line, bailing out
2025-09-07 17:30:59.254 DEBUG [BluetoothWorker] BT: line:>$LK8EX1,101272,5,-111,37,0*25<
2025-09-07 17:30:59.452 DEBUG [BluetoothWorker] BT: line:>$LK8EX1,101254,5,98,37,1*3D<
2025-09-07 17:30:59.670 DEBUG [BluetoothWorker] BT: line:>$LK8EX1,101244,5,207,37,0*09<
2025-09-07 17:30:59.863 DEBUG [BluetoothWorker] BT: line:>$LK8EX1,101264,5,-69,37,0*1C<
2025-09-07 17:31:00.113 DEBUG [BluetoothWorker] BT: line:>$LK8EX1,101259,5,21,37,0*33<
2025-09-07 17:31:00.141 DEBUG [SensorParser] GPGGA: no date from RMC line, bailing out
2025-09-07 17:31:00.280 DEBUG [BluetoothWorker] BT: line:>$LK8EX1,101268,5,-67,37,0*1E<
2025-09-07 17:31:00.493 DEBUG [BluetoothWorker] BT: line:>$LK8EX1,101281,4,-192,37,0*23<
2025-09-07 17:31:00.949 DEBUG [BluetoothWorker] BT: line:>$LK8EX1,101278,4,-126,37,0*2A<
2025-09-07 17:31:00.951 DEBUG [BluetoothWorker] BT: line:>$LK8EX1,101270,4,-6,37,0*21<
2025-09-07 17:31:01.058 DEBUG [BluetoothWorker] BT: line:>$LK8EX1,101265,4,55,37,0*3E<
2025-09-07 17:31:01.144 DEBUG [SensorParser] GPGGA: no date from RMC line, bailing out
2025-09-07 17:31:01.271 DEBUG [BluetoothWorker] BT: line:>$LK8EX1,101273,4,-19,37,1*1D<
2025-09-07 17:31:01.476 DEBUG [BluetoothWorker] BT: line:>$LK8EX1,101282,4,-131,37,1*28<
2025-09-07 17:31:01.687 DEBUG [BluetoothWorker] BT: line:>$LK8EX1,101273,4,11,37,0*39<
2025-09-07 17:31:01.888 DEBUG [BluetoothWorker] BT: line:>$LK8EX1,101271,4,-6,37,0*20<
2025-09-07 17:31:02.092 DEBUG [BluetoothWorker] BT: line:>$LK8EX1,101270,4,32,37,0*3B<
2025-09-07 17:31:02.140 DEBUG [SensorParser] GPGGA: no date from RMC line, bailing out
2025-09-07 17:31:02.325 DEBUG [BluetoothWorker] BT: line:>$LK8EX1,101270,4,8,37,0*02<
2025-09-07 17:31:02.538 DEBUG [BluetoothWorker] BT: line:>$LK8EX1,101264,4,82,37,0*35<
2025-09-07 17:31:02.721 DEBUG [BluetoothWorker] BT: line:>$LK8EX1,101276,4,-80,37,0*19<
2025-09-07 17:31:02.920 DEBUG [BluetoothWorker] BT: line:>$LK8EX1,101274,4,-44,37,0*13<
2025-09-07 17:31:03.143 DEBUG [SensorParser] GPGGA: no date from RMC line, bailing out
2025-09-07 17:31:03.169 DEBUG [BluetoothWorker] BT: line:>$LK8EX1,101267,4,36,37,0*39<
2025-09-07 17:31:03.393 DEBUG [BluetoothWorker] BT: line:>$LK8EX1,101272,4,-38,37,0*1E<
2025-09-07 17:31:03.583 DEBUG [BluetoothWorker] BT: line:>$LK8EX1,101255,4,165,37,0*0F<
2025-09-07 17:31:03.793 DEBUG [BluetoothWorker] BT: line:>$LK8EX1,101268,4,-28,37,0*14<
2025-09-07 17:31:04.009 DEBUG [BluetoothWorker] BT: line:>$LK8EX1,101269,4,-33,37,0*1F<
2025-09-07 17:31:04.138 DEBUG [SensorParser] GPGGA: no date from RMC line, bailing out
2025-09-07 17:31:04.209 DEBUG [BluetoothWorker] BT: line:>$LK8EX1,101257,4,120,37,0*0C<
2025-09-07 17:31:04.417 DEBUG [BluetoothWorker] BT: line:>$LK8EX1,101280,4,-159,37,0*25<
2025-09-07 17:31:04.620 DEBUG [BluetoothWorker] BT: line:>$LK8EX1,101256,4,124,37,0*09<
2025-09-07 17:31:04.844 DEBUG [BluetoothWorker] BT: line:>$LK8EX1,101270,4,-49,37,0*1A<
2025-09-07 17:31:05.051 DEBUG [BluetoothWorker] BT: line:>$LK8EX1,101263,4,59,37,0*34<
2025-09-07 17:31:05.141 DEBUG [SensorParser] GPGGA: no date from RMC line, bailing out
2025-09-07 17:31:05.318 DEBUG [BluetoothWorker] BT: line:>$LK8EX1,101276,4,-84,37,0*1D<
2025-09-07 17:31:05.496 DEBUG [BluetoothWorker] BT: line:>$LK8EX1,101251,4,216,37,0*0C<
2025-09-07 17:31:05.696 DEBUG [BluetoothWorker] BT: line:>$LK8EX1,101273,4,-76,37,0*15<
2025-09-07 17:31:05.903 DEBUG [BluetoothWorker] BT: line:>$LK8EX1,101279,4,-117,37,0*29<
2025-09-07 17:31:06.141 DEBUG [SensorParser] GPGGA: no date from RMC line, bailing out
2025-09-07 17:31:06.429 DEBUG [BluetoothWorker] BT: line:>$LK8EX1,101276,4,-39,37,0*1B<
2025-09-07 17:31:06.431 DEBUG [BluetoothWorker] BT: line:>$LK8EX1,101272,3,62,37,0*3B<
2025-09-07 17:31:06.606 DEBUG [BluetoothWorker] BT: line:>$LK8EX1,101283,3,-66,37,1*1D<
2025-09-07 17:31:06.807 DEBUG [BluetoothWorker] BT: line:>$LK8EX1,101279,4,-31,37,0*1C<
2025-09-07 17:31:07.030 DEBUG [BluetoothWorker] BT: line:>$LK8EX1,101268,4,91,37,0*3B<
2025-09-07 17:31:07.141 DEBUG [SensorParser] GPGGA: no date from RMC line, bailing out
2025-09-07 17:31:07.191 DEBUG [BluetoothWorker] BT: line:>$LK8EX1,101270,4,30,37,0*39<
2025-09-07 17:31:07.438 DEBUG [BluetoothWorker] BT: line:>$LK8EX1,101267,4,45,37,0*3D<
2025-09-07 17:31:07.702 DEBUG [BluetoothWorker] BT: line:>$LK8EX1,101277,4,-34,37,0*17<
2025-09-07 17:31:07.812 DEBUG [BluetoothWorker] BT: line:>$LK8EX1,101277,4,-6,37,0*26<
2025-09-07 17:31:08.047 DEBUG [BluetoothWorker] BT: line:>$LK8EX1,101282,3,-60,37,0*1B<
2025-09-07 17:31:08.139 DEBUG [SensorParser] GPGGA: no date from RMC line, bailing out
2025-09-07 17:31:08.226 DEBUG [BluetoothWorker] BT: line:>$LK8EX1,101283,3,-67,37,0*1D<
2025-09-07 17:31:08.440 DEBUG [BluetoothWorker] BT: line:>$LK8EX1,101272,3,67,37,1*3F<
2025-09-07 17:31:08.624 DEBUG [BluetoothWorker] BT: line:>$LK8EX1,101281,3,-51,37,0*1A<
2025-09-07 17:31:08.894 DEBUG [BluetoothWorker] BT: line:>$LK8EX1,101278,3,0,37,1*04<
2025-09-07 17:31:09.059 DEBUG [BluetoothWorker] BT: line:>$LK8EX1,101275,4,19,37,0*37<
2025-09-07 17:31:09.142 DEBUG [SensorParser] GPGGA: no date from RMC line, bailing out
2025-09-07 17:31:09.318 DEBUG [BluetoothWorker] BT: line:>$LK8EX1,101277,4,-16,37,0*17<
2025-09-07 17:31:09.510 DEBUG [BluetoothWorker] BT: line:>$LK8EX1,101275,4,18,37,0*36<
2025-09-07 17:31:09.695 DEBUG [BluetoothWorker] BT: line:>$LK8EX1,101277,4,-21,37,0*13<
2025-09-07 17:31:09.912 DEBUG [BluetoothWorker] BT: line:>$LK8EX1,101274,4,-3,37,0*20<
2025-09-07 17:31:10.142 DEBUG [SensorParser] GPGGA: no date from RMC line, bailing out
2025-09-07 17:31:10.216 DEBUG [BluetoothWorker] BT: line:>$LK8EX1,101273,4,18,37,1*31<
2025-09-07 17:31:10.354 DEBUG [BluetoothWorker] BT: line:>$LK8EX1,101271,4,42,37,0*3D<
2025-09-07 17:31:10.554 DEBUG [BluetoothWorker] BT: line:>$LK8EX1,101271,4,39,37,1*30<
2025-09-07 17:31:10.838 DEBUG [BluetoothWorker] BT: line:>$LK8EX1,101272,4,13,37,0*3A<
2025-09-07 17:31:11.011 DEBUG [BluetoothWorker] BT: line:>$LK8EX1,101272,4,19,37,0*30<
2025-09-07 17:31:11.143 DEBUG [SensorParser] GPGGA: no date from RMC line, bailing out
2025-09-07 17:31:11.202 DEBUG [BluetoothWorker] BT: line:>$LK8EX1,101264,4,95,37,0*33<
2025-09-07 17:31:11.398 DEBUG [BluetoothWorker] BT: line:>$LK8EX1,101272,4,-4,37,0*21<
2025-09-07 17:31:12.141 DEBUG [SensorParser] GPGGA: no date from RMC line, bailing out
2025-09-07 17:31:13.142 DEBUG [SensorParser] GPGGA: no date from RMC line, bailing out
2025-09-07 17:31:13.330 DEBUG [BluetoothWorker] BT: line:>$LK8EX1,101269,4,41,37,0*37<
2025-09-07 17:31:13.459 DEBUG [BluetoothWorker] BT: line:>$LK8EX1,101268,4,37,37,2*35<
2025-09-07 17:31:14.141 DEBUG [SensorParser] GPGGA: no date from RMC line, bailing out
2025-09-07 17:31:15.141 DEBUG [SensorParser] GPGGA: no date from RMC line, bailing out
2025-09-07 17:31:16.147 DEBUG [SensorParser] GPGGA: no date from RMC line, bailing out
2025-09-07 17:31:17.143 DEBUG [SensorParser] GPGGA: no date from RMC line, bailing out
2025-09-07 17:31:18.142 DEBUG [SensorParser] GPGGA: no date from RMC line, bailing out
2025-09-07 17:31:19.142 DEBUG [SensorParser] GPGGA: no date from RMC line, bailing out
2025-09-07 17:31:20.143 DEBUG [SensorParser] GPGGA: no date from RMC line, bailing out
2025-09-07 17:31:20.794 DEBUG [BluetoothWorker] BT: line:>$LK8EX1,101265,4,69,37,4*35<
2025-09-07 17:31:21.143 DEBUG [SensorParser] GPGGA: no date from RMC line, bailing out
2025-09-07 17:31:21.737 DEBUG [BluetoothWorker] BT: line:>$LK8EX1,101268,4,17,37,0*35<
2025-09-07 17:31:22.142 DEBUG [SensorParser] GPGGA: no date from RMC line, bailing out
2025-09-07 17:31:23.141 DEBUG [SensorParser] GPGGA: no date from RMC line, bailing out
2025-09-07 17:31:24.144 DEBUG [SensorParser] GPGGA: no date from RMC line, bailing out
2025-09-07 17:31:25.142 DEBUG [SensorParser] GPGGA: no date from RMC line, bailing out
2025-09-07 17:31:26.140 DEBUG [SensorParser] GPGGA: no date from RMC line, bailing out
2025-09-07 17:31:26.974 INFO [TrackService] Starting service onStartCommand, intent: Intent { act=restoreService cmp=org.xcontest.XCTrack/.TrackService }, startId: 6, current task: org.xcontest.XCTrack.navig.TaskTriangleClosing
2025-09-07 17:31:26.974 INFO [TrackService] (Re)starting GPS.
2025-09-07 17:31:26.974 INFO [internalGps] Stopping
2025-09-07 17:31:26.982 INFO [internalGps] Starting
2025-09-07 17:31:27.151 DEBUG [SensorParser] GPGGA: no date from RMC line, bailing out
2025-09-07 17:31:27.652 DEBUG [SensorParser] GPGGA: no date from RMC line, bailing out
2025-09-07 17:31:28.150 DEBUG [SensorParser] GPGGA: no date from RMC line, bailing out
2025-09-07 17:31:28.652 DEBUG [SensorParser] GPGGA: no date from RMC line, bailing out
2025-09-07 17:31:29.151 DEBUG [SensorParser] GPGGA: no date from RMC line, bailing out
2025-09-07 17:31:29.651 DEBUG [SensorParser] GPGGA: no date from RMC line, bailing out
2025-09-07 17:31:30.152 DEBUG [SensorParser] GPGGA: no date from RMC line, bailing out
2025-09-07 17:31:31.151 DEBUG [SensorParser] GPGGA: no date from RMC line, bailing out
2025-09-07 17:31:32.154 DEBUG [SensorParser] GPGGA: no date from RMC line, bailing out
2025-09-07 17:31:32.630 DEBUG [BluetoothWorker] BT: line:>$LK8EX1,101267,4,21,37,2*3D<
2025-09-07 17:31:33.151 DEBUG [SensorParser] GPGGA: no date from RMC line, bailing out
2025-09-07 17:31:34.148 DEBUG [SensorParser] GPGGA: no date from RMC line, bailing out
2025-09-07 17:31:35.148 DEBUG [SensorParser] GPGGA: no date from RMC line, bailing out
2025-09-07 17:31:36.153 DEBUG [SensorParser] GPGGA: no date from RMC line, bailing out
2025-09-07 17:31:37.152 DEBUG [SensorParser] GPGGA: no date from RMC line, bailing out
2025-09-07 17:31:38.151 DEBUG [SensorParser] GPGGA: no date from RMC line, bailing out
2025-09-07 17:31:38.754 INFO [EventMapping] Event: BT_KO
2025-09-07 17:31:38.755 INFO [BluetoothLE] BluetoothSensorGeneric: close from: org.xcontest.XCTrack.sensors.r.run(SourceFile:119)
	java.lang.Thread.run(Thread.java:1119)
2025-09-07 17:31:38.758 ERROR [BluetoothWorker] Bluetooth error while reading
	EXCEPTION: java.io.IOException: bt socket closed, read return: -1
java.io.IOException: bt socket closed, read return: -1
	at android.bluetooth.BluetoothSocket.read(BluetoothSocket.java:677)
	at android.bluetooth.BluetoothInputStream.read(BluetoothInputStream.java:91)
	at sun.nio.cs.StreamDecoder.readBytes(StreamDecoder.java:291)
	at sun.nio.cs.StreamDecoder.implRead(StreamDecoder.java:355)
	at sun.nio.cs.StreamDecoder.read(StreamDecoder.java:181)
	at java.io.InputStreamReader.read(InputStreamReader.java:177)
	at java.io.BufferedReader.fill(BufferedReader.java:172)
	at java.io.BufferedReader.readLine(BufferedReader.java:337)
	at java.io.BufferedReader.readLine(BufferedReader.java:403)
	at org.xcontest.XCTrack.sensors.r.run(SourceFile:42)
	at java.lang.Thread.run(Thread.java:1119)
2025-09-07 17:31:39.150 DEBUG [SensorParser] GPGGA: no date from RMC line, bailing out
2025-09-07 17:31:40.151 DEBUG [SensorParser] GPGGA: no date from RMC line, bailing out
2025-09-07 17:31:41.150 DEBUG [SensorParser] GPGGA: no date from RMC line, bailing out
2025-09-07 17:31:42.149 DEBUG [SensorParser] GPGGA: no date from RMC line, bailing out
2025-09-07 17:31:43.149 DEBUG [SensorParser] GPGGA: no date from RMC line, bailing out
2025-09-07 17:31:44.151 DEBUG [SensorParser] GPGGA: no date from RMC line, bailing out
2025-09-07 17:31:45.147 DEBUG [SensorParser] GPGGA: no date from RMC line, bailing out
2025-09-07 17:31:46.149 DEBUG [SensorParser] GPGGA: no date from RMC line, bailing out
2025-09-07 17:31:47.150 DEBUG [SensorParser] GPGGA: no date from RMC line, bailing out
2025-09-07 17:31:48.152 DEBUG [SensorParser] GPGGA: no date from RMC line, bailing out
2025-09-07 17:31:49.152 DEBUG [SensorParser] GPGGA: no date from RMC line, bailing out
2025-09-07 17:31:50.151 DEBUG [SensorParser] GPGGA: no date from RMC line, bailing out
2025-09-07 17:31:51.151 DEBUG [SensorParser] GPGGA: no date from RMC line, bailing out
2025-09-07 17:31:51.473 ERROR [BluetoothWorker] Bluetooth exception while connecting
	EXCEPTION: java.io.IOException: read failed, socket might closed or timeout, read ret: -1
java.io.IOException: read failed, socket might closed or timeout, read ret: -1
	at android.bluetooth.BluetoothSocket.readAll(BluetoothSocket.java:924)
	at android.bluetooth.BluetoothSocket.readInt(BluetoothSocket.java:938)
	at android.bluetooth.BluetoothSocket.connect(BluetoothSocket.java:502)
	at org.xcontest.XCTrack.sensors.r.e(SourceFile:70)
	at org.xcontest.XCTrack.sensors.r.run(SourceFile:23)
	at java.lang.Thread.run(Thread.java:1119)
2025-09-07 17:31:52.154 DEBUG [SensorParser] GPGGA: no date from RMC line, bailing out
2025-09-07 17:31:53.150 DEBUG [SensorParser] GPGGA: no date from RMC line, bailing out
2025-09-07 17:31:54.148 DEBUG [SensorParser] GPGGA: no date from RMC line, bailing out
2025-09-07 17:31:55.149 DEBUG [SensorParser] GPGGA: no date from RMC line, bailing out
2025-09-07 17:31:56.151 DEBUG [SensorParser] GPGGA: no date from RMC line, bailing out
2025-09-07 17:31:57.152 DEBUG [SensorParser] GPGGA: no date from RMC line, bailing out
2025-09-07 17:31:58.154 DEBUG [SensorParser] GPGGA: no date from RMC line, bailing out
2025-09-07 17:31:59.155 DEBUG [SensorParser] GPGGA: no date from RMC line, bailing out
2025-09-07 17:31:59.179 ERROR [BluetoothWorker] Bluetooth connection failed: 
	EXCEPTION: java.io.IOException: read failed, socket might closed or timeout, read ret: -1
java.io.IOException: read failed, socket might closed or timeout, read ret: -1
	at android.bluetooth.BluetoothSocket.readAll(BluetoothSocket.java:924)
	at android.bluetooth.BluetoothSocket.waitSocketSignal(BluetoothSocket.java:877)
	at android.bluetooth.BluetoothSocket.connect(BluetoothSocket.java:517)
	at org.xcontest.XCTrack.sensors.r.e(SourceFile:152)
	at org.xcontest.XCTrack.sensors.r.run(SourceFile:23)
	at java.lang.Thread.run(Thread.java:1119)
2025-09-07 17:32:00.147 DEBUG [SensorParser] GPGGA: no date from RMC line, bailing out
2025-09-07 17:32:01.149 DEBUG [SensorParser] GPGGA: no date from RMC line, bailing out
2025-09-07 17:32:02.150 DEBUG [SensorParser] GPGGA: no date from RMC line, bailing out
2025-09-07 17:32:03.156 DEBUG [SensorParser] GPGGA: no date from RMC line, bailing out
2025-09-07 17:32:04.152 DEBUG [SensorParser] GPGGA: no date from RMC line, bailing out
2025-09-07 17:32:05.148 DEBUG [SensorParser] GPGGA: no date from RMC line, bailing out
2025-09-07 17:32:06.153 DEBUG [SensorParser] GPGGA: no date from RMC line, bailing out
2025-09-07 17:32:07.151 DEBUG [SensorParser] GPGGA: no date from RMC line, bailing out
2025-09-07 17:32:08.151 DEBUG [SensorParser] GPGGA: no date from RMC line, bailing out
2025-09-07 17:32:09.152 DEBUG [SensorParser] GPGGA: no date from RMC line, bailing out
2025-09-07 17:32:10.152 DEBUG [SensorParser] GPGGA: no date from RMC line, bailing out
2025-09-07 17:32:11.150 DEBUG [SensorParser] GPGGA: no date from RMC line, bailing out
2025-09-07 17:32:12.152 DEBUG [SensorParser] GPGGA: no date from RMC line, bailing out
2025-09-07 17:32:13.151 DEBUG [SensorParser] GPGGA: no date from RMC line, bailing out
2025-09-07 17:32:14.152 DEBUG [SensorParser] GPGGA: no date from RMC line, bailing out
2025-09-07 17:32:15.146 DEBUG [SensorParser] GPGGA: no date from RMC line, bailing out
2025-09-07 17:32:16.149 DEBUG [SensorParser] GPGGA: no date from RMC line, bailing out
2025-09-07 17:32:17.149 DEBUG [SensorParser] GPGGA: no date from RMC line, bailing out
2025-09-07 17:32:18.149 DEBUG [SensorParser] GPGGA: no date from RMC line, bailing out
2025-09-07 17:32:19.152 DEBUG [SensorParser] GPGGA: no date from RMC line, bailing out
2025-09-07 17:32:20.152 DEBUG [SensorParser] GPGGA: no date from RMC line, bailing out
2025-09-07 17:32:21.151 DEBUG [SensorParser] GPGGA: no date from RMC line, bailing out
2025-09-07 17:32:22.148 DEBUG [SensorParser] GPGGA: no date from RMC line, bailing out
2025-09-07 17:32:23.150 DEBUG [SensorParser] GPGGA: no date from RMC line, bailing out
2025-09-07 17:32:24.150 DEBUG [SensorParser] GPGGA: no date from RMC line, bailing out
2025-09-07 17:32:25.152 DEBUG [SensorParser] GPGGA: no date from RMC line, bailing out
2025-09-07 17:32:26.152 DEBUG [SensorParser] GPGGA: no date from RMC line, bailing out
2025-09-07 17:32:26.971 INFO [TrackService] Starting service onStartCommand, intent: Intent { act=restoreService cmp=org.xcontest.XCTrack/.TrackService }, startId: 7, current task: org.xcontest.XCTrack.navig.TaskTriangleClosing
2025-09-07 17:32:26.971 INFO [TrackService] (Re)starting GPS.
2025-09-07 17:32:26.971 INFO [internalGps] Stopping
2025-09-07 17:32:26.980 INFO [internalGps] Starting
2025-09-07 17:32:27.143 DEBUG [SensorParser] GPGGA: no date from RMC line, bailing out
2025-09-07 17:32:27.636 DEBUG [SensorParser] GPGGA: no date from RMC line, bailing out
2025-09-07 17:32:28.139 DEBUG [SensorParser] GPGGA: no date from RMC line, bailing out
2025-09-07 17:32:28.635 DEBUG [SensorParser] GPGGA: no date from RMC line, bailing out
2025-09-07 17:32:29.137 DEBUG [SensorParser] GPGGA: no date from RMC line, bailing out
2025-09-07 17:32:29.639 DEBUG [SensorParser] GPGGA: no date from RMC line, bailing out
2025-09-07 17:32:30.140 DEBUG [SensorParser] GPGGA: no date from RMC line, bailing out
2025-09-07 17:32:31.139 DEBUG [SensorParser] GPGGA: no date from RMC line, bailing out
2025-09-07 17:32:32.140 DEBUG [SensorParser] GPGGA: no date from RMC line, bailing out
2025-09-07 17:32:33.140 DEBUG [SensorParser] GPGGA: no date from RMC line, bailing out
2025-09-07 17:32:34.141 DEBUG [SensorParser] GPGGA: no date from RMC line, bailing out
2025-09-07 17:32:35.140 DEBUG [SensorParser] GPGGA: no date from RMC line, bailing out
2025-09-07 17:32:36.132 DEBUG [SensorParser] GPGGA: no date from RMC line, bailing out
2025-09-07 17:32:37.132 DEBUG [SensorParser] GPGGA: no date from RMC line, bailing out
2025-09-07 17:32:38.138 DEBUG [SensorParser] GPGGA: no date from RMC line, bailing out
2025-09-07 17:32:39.141 DEBUG [SensorParser] GPGGA: no date from RMC line, bailing out
2025-09-07 17:32:40.133 DEBUG [SensorParser] GPGGA: no date from RMC line, bailing out
2025-09-07 17:32:41.132 DEBUG [SensorParser] GPGGA: no date from RMC line, bailing out
2025-09-07 17:32:41.607 INFO [BluetoothWorker] bluetooth connect ok
2025-09-07 17:32:41.608 INFO [EventMapping] Event: BT_OK
2025-09-07 17:32:42.137 DEBUG [SensorParser] GPGGA: no date from RMC line, bailing out
2025-09-07 17:32:43.132 DEBUG [SensorParser] GPGGA: no date from RMC line, bailing out
2025-09-07 17:32:44.137 DEBUG [SensorParser] GPGGA: no date from RMC line, bailing out
2025-09-07 17:32:45.138 DEBUG [SensorParser] GPGGA: no date from RMC line, bailing out
2025-09-07 17:32:46.137 DEBUG [SensorParser] GPGGA: no date from RMC line, bailing out
2025-09-07 17:32:47.140 DEBUG [SensorParser] GPGGA: no date from RMC line, bailing out
2025-09-07 17:32:48.141 DEBUG [SensorParser] GPGGA: no date from RMC line, bailing out
2025-09-07 17:32:49.133 DEBUG [SensorParser] GPGGA: no date from RMC line, bailing out
2025-09-07 17:32:50.131 DEBUG [SensorParser] GPGGA: no date from RMC line, bailing out
2025-09-07 17:32:51.137 DEBUG [SensorParser] GPGGA: no date from RMC line, bailing out
2025-09-07 17:32:52.132 DEBUG [SensorParser] GPGGA: no date from RMC line, bailing out
2025-09-07 17:32:53.132 DEBUG [SensorParser] GPGGA: no date from RMC line, bailing out
2025-09-07 17:32:54.142 DEBUG [SensorParser] GPGGA: no date from RMC line, bailing out
2025-09-07 17:32:55.140 DEBUG [SensorParser] GPGGA: no date from RMC line, bailing out
2025-09-07 17:32:56.141 DEBUG [SensorParser] GPGGA: no date from RMC line, bailing out
2025-09-07 17:32:57.141 DEBUG [SensorParser] GPGGA: no date from RMC line, bailing out
2025-09-07 17:32:58.105 INFO [MainActivity] MainActivity onPause
2025-09-07 17:32:58.147 DEBUG [SensorParser] GPGGA: no date from RMC line, bailing out
2025-09-07 17:32:59.137 DEBUG [SensorParser] GPGGA: no date from RMC line, bailing out
2025-09-07 17:33:00.134 DEBUG [SensorParser] GPGGA: no date from RMC line, bailing out
2025-09-07 17:33:01.143 DEBUG [SensorParser] GPGGA: no date from RMC line, bailing out
2025-09-07 17:33:02.137 DEBUG [SensorParser] GPGGA: no date from RMC line, bailing out
2025-09-07 17:33:03.138 DEBUG [SensorParser] GPGGA: no date from RMC line, bailing out
2025-09-07 17:33:04.140 DEBUG [SensorParser] GPGGA: no date from RMC line, bailing out
2025-09-07 17:33:05.140 DEBUG [SensorParser] GPGGA: no date from RMC line, bailing out
2025-09-07 17:33:06.131 DEBUG [SensorParser] GPGGA: no date from RMC line, bailing out
2025-09-07 17:33:07.134 DEBUG [SensorParser] GPGGA: no date from RMC line, bailing out
2025-09-07 17:33:08.134 DEBUG [SensorParser] GPGGA: no date from RMC line, bailing out
2025-09-07 17:33:09.140 DEBUG [SensorParser] GPGGA: no date from RMC line, bailing out
2025-09-07 17:33:10.142 DEBUG [SensorParser] GPGGA: no date from RMC line, bailing out
2025-09-07 17:33:11.133 DEBUG [SensorParser] GPGGA: no date from RMC line, bailing out
2025-09-07 17:33:12.140 DEBUG [SensorParser] GPGGA: no date from RMC line, bailing out
2025-09-07 17:33:13.143 DEBUG [SensorParser] GPGGA: no date from RMC line, bailing out
2025-09-07 17:33:14.142 DEBUG [SensorParser] GPGGA: no date from RMC line, bailing out
2025-09-07 17:33:15.141 DEBUG [SensorParser] GPGGA: no date from RMC line, bailing out
2025-09-07 17:33:16.143 DEBUG [SensorParser] GPGGA: no date from RMC line, bailing out
2025-09-07 17:33:17.142 DEBUG [SensorParser] GPGGA: no date from RMC line, bailing out
2025-09-07 17:33:18.142 DEBUG [SensorParser] GPGGA: no date from RMC line, bailing out
2025-09-07 17:33:19.138 DEBUG [SensorParser] GPGGA: no date from RMC line, bailing out
2025-09-07 17:33:20.144 DEBUG [SensorParser] GPGGA: no date from RMC line, bailing out
2025-09-07 17:33:21.139 DEBUG [SensorParser] GPGGA: no date from RMC line, bailing out
2025-09-07 17:33:22.140 DEBUG [SensorParser] GPGGA: no date from RMC line, bailing out
2025-09-07 17:33:23.135 DEBUG [SensorParser] GPGGA: no date from RMC line, bailing out
2025-09-07 17:33:24.138 DEBUG [SensorParser] GPGGA: no date from RMC line, bailing out
2025-09-07 17:33:25.140 DEBUG [SensorParser] GPGGA: no date from RMC line, bailing out
2025-09-07 17:33:26.138 DEBUG [SensorParser] GPGGA: no date from RMC line, bailing out
2025-09-07 17:33:26.963 INFO [TrackService] Starting service onStartCommand, intent: Intent { act=restoreService cmp=org.xcontest.XCTrack/.TrackService }, startId: 8, current task: org.xcontest.XCTrack.navig.TaskTriangleClosing
2025-09-07 17:33:26.964 INFO [TrackService] (Re)starting GPS.
2025-09-07 17:33:26.964 INFO [internalGps] Stopping
2025-09-07 17:33:26.971 INFO [internalGps] Starting
2025-09-07 17:33:27.146 DEBUG [SensorParser] GPGGA: no date from RMC line, bailing out
2025-09-07 17:33:27.644 DEBUG [SensorParser] GPGGA: no date from RMC line, bailing out
2025-09-07 17:33:28.143 DEBUG [SensorParser] GPGGA: no date from RMC line, bailing out
2025-09-07 17:33:28.642 DEBUG [SensorParser] GPGGA: no date from RMC line, bailing out
2025-09-07 17:33:29.141 DEBUG [SensorParser] GPGGA: no date from RMC line, bailing out
2025-09-07 17:33:29.643 DEBUG [SensorParser] GPGGA: no date from RMC line, bailing out
2025-09-07 17:33:30.143 DEBUG [SensorParser] GPGGA: no date from RMC line, bailing out
2025-09-07 17:33:30.532 DEBUG [BluetoothWorker] BT: line:>$GNGGA,173224,4912.6830,N,12305.3989,W,1,8,1.0,22.5,M,0.0,M,,*7E<
2025-09-07 17:33:30.533 INFO [BluetoothWorker] Detected generic bluetooth device
2025-09-07 17:33:30.559 DEBUG [BluetoothWorker] BT: line:>$GNRMC,173224,A,4912.6830,N,12305.3989,W,0.09,0.0,070925,,,A*40<
2025-09-07 17:33:31.142 DEBUG [SensorParser] GPGGA: no date from RMC line, bailing out
2025-09-07 17:33:31.924 DEBUG [BluetoothWorker] BT: line:>$LK8EX1,101152,14,2,37,0*3A<
2025-09-07 17:33:32.145 DEBUG [SensorParser] GPGGA: no date from RMC line, bailing out
2025-09-07 17:33:33.144 DEBUG [SensorParser] GPGGA: no date from RMC line, bailing out
2025-09-07 17:33:34.137 DEBUG [SensorParser] GPGGA: no date from RMC line, bailing out
2025-09-07 17:33:35.137 DEBUG [SensorParser] GPGGA: no date from RMC line, bailing out
2025-09-07 17:33:36.139 DEBUG [SensorParser] GPGGA: no date from RMC line, bailing out
2025-09-07 17:33:37.144 DEBUG [SensorParser] GPGGA: no date from RMC line, bailing out
2025-09-07 17:33:38.141 DEBUG [SensorParser] GPGGA: no date from RMC line, bailing out
2025-09-07 17:33:39.144 DEBUG [SensorParser] GPGGA: no date from RMC line, bailing out
2025-09-07 17:33:40.140 DEBUG [SensorParser] GPGGA: no date from RMC line, bailing out
2025-09-07 17:33:41.145 DEBUG [SensorParser] GPGGA: no date from RMC line, bailing out
2025-09-07 17:33:42.144 DEBUG [SensorParser] GPGGA: no date from RMC line, bailing out
2025-09-07 17:33:43.145 DEBUG [SensorParser] GPGGA: no date from RMC line, bailing out
2025-09-07 17:33:44.144 DEBUG [SensorParser] GPGGA: no date from RMC line, bailing out
2025-09-07 17:33:45.142 DEBUG [SensorParser] GPGGA: no date from RMC line, bailing out
2025-09-07 17:33:46.146 DEBUG [SensorParser] GPGGA: no date from RMC line, bailing out
2025-09-07 17:33:47.142 DEBUG [SensorParser] GPGGA: no date from RMC line, bailing out
2025-09-07 17:33:47.766 DEBUG [BluetoothWorker] BT: line:>$GNGGA,173224,4912.6830,N,12305.3989,W,1,8,1.0,22.5,M,0.0,M,,*7E<
2025-09-07 17:33:48.142 DEBUG [SensorParser] GPGGA: no date from RMC line, bailing out
2025-09-07 17:33:49.143 DEBUG [SensorParser] GPGGA: no date from RMC line, bailing out
2025-09-07 17:33:50.143 DEBUG [SensorParser] GPGGA: no date from RMC line, bailing out
2025-09-07 17:33:51.148 DEBUG [SensorParser] GPGGA: no date from RMC line, bailing out
2025-09-07 17:33:52.142 DEBUG [SensorParser] GPGGA: no date from RMC line, bailing out
2025-09-07 17:33:53.146 DEBUG [SensorParser] GPGGA: no date from RMC line, bailing out
2025-09-07 17:33:54.146 DEBUG [SensorParser] GPGGA: no date from RMC line, bailing out
2025-09-07 17:33:55.144 DEBUG [SensorParser] GPGGA: no date from RMC line, bailing out
2025-09-07 17:33:56.151 DEBUG [SensorParser] GPGGA: no date from RMC line, bailing out
2025-09-07 17:33:57.155 DEBUG [SensorParser] GPGGA: no date from RMC line, bailing out
2025-09-07 17:33:58.147 DEBUG [SensorParser] GPGGA: no date from RMC line, bailing out
2025-09-07 17:33:59.145 DEBUG [SensorParser] GPGGA: no date from RMC line, bailing out
2025-09-07 17:34:00.141 DEBUG [SensorParser] GPGGA: no date from RMC line, bailing out
2025-09-07 17:34:01.145 DEBUG [SensorParser] GPGGA: no date from RMC line, bailing out
2025-09-07 17:34:02.145 DEBUG [SensorParser] GPGGA: no date from RMC line, bailing out
2025-09-07 17:34:03.145 DEBUG [SensorParser] GPGGA: no date from RMC line, bailing out
2025-09-07 17:34:04.144 DEBUG [SensorParser] GPGGA: no date from RMC line, bailing out
2025-09-07 17:34:04.250 INFO [EventMapping] Event: BT_KO
2025-09-07 17:34:04.251 INFO [BluetoothLE] BluetoothSensorGeneric: close from: org.xcontest.XCTrack.sensors.r.run(SourceFile:119)
	java.lang.Thread.run(Thread.java:1119)
2025-09-07 17:34:04.252 ERROR [BluetoothWorker] Bluetooth error while reading
	EXCEPTION: java.io.IOException: bt socket closed, read return: -1
java.io.IOException: bt socket closed, read return: -1
	at android.bluetooth.BluetoothSocket.read(BluetoothSocket.java:677)
	at android.bluetooth.BluetoothInputStream.read(BluetoothInputStream.java:91)
	at sun.nio.cs.StreamDecoder.readBytes(StreamDecoder.java:291)
	at sun.nio.cs.StreamDecoder.implRead(StreamDecoder.java:355)
	at sun.nio.cs.StreamDecoder.read(StreamDecoder.java:181)
	at java.io.InputStreamReader.read(InputStreamReader.java:177)
	at java.io.BufferedReader.fill(BufferedReader.java:172)
	at java.io.BufferedReader.readLine(BufferedReader.java:337)
	at java.io.BufferedReader.readLine(BufferedReader.java:403)
	at org.xcontest.XCTrack.sensors.r.run(SourceFile:42)
	at java.lang.Thread.run(Thread.java:1119)
2025-09-07 17:34:05.145 DEBUG [SensorParser] GPGGA: no date from RMC line, bailing out
2025-09-07 17:34:06.145 DEBUG [SensorParser] GPGGA: no date from RMC line, bailing out
2025-09-07 17:34:07.137 DEBUG [SensorParser] GPGGA: no date from RMC line, bailing out
2025-09-07 17:34:08.137 DEBUG [SensorParser] GPGGA: no date from RMC line, bailing out
2025-09-07 17:34:09.139 DEBUG [SensorParser] GPGGA: no date from RMC line, bailing out
2025-09-07 17:34:10.140 DEBUG [SensorParser] GPGGA: no date from RMC line, bailing out
2025-09-07 17:34:11.135 DEBUG [SensorParser] GPGGA: no date from RMC line, bailing out
2025-09-07 17:34:11.382 INFO [BluetoothWorker] bluetooth connect ok
2025-09-07 17:34:11.383 INFO [EventMapping] Event: BT_OK
2025-09-07 17:34:11.475 DEBUG [BluetoothWorker] BT: line:>$GNGGA,173224,4912.6828,N,12305.3975,W,1,8,1.0,27.5,M,0.0,M,,*71<
2025-09-07 17:34:11.475 INFO [BluetoothWorker] Detected generic bluetooth device
2025-09-07 17:34:11.481 DEBUG [BluetoothWorker] BT: line:>$GNRMC,173224,A,4912.6828,N,12305.3975,W,0.09,0.0,070925,,,A*4A<
2025-09-07 17:34:11.482 DEBUG [BluetoothWorker] BT: line:>$LK8EX1,101099,18,-23,37,0*2E<
2025-09-07 17:34:11.618 DEBUG [BluetoothWorker] BT: line:>$GNGGA,173224,4912.6828,N,12305.3975,W,1,8,1.0,27.5,M,0.0,M,,*71<
2025-09-07 17:34:11.620 DEBUG [BluetoothWorker] BT: line:>$GNRMC,173224,A,4912.6828,N,12305.3975,W,0.09,0.0,070925,,,A*4A<
2025-09-07 17:34:11.622 INFO [MainActivity] Preferences changed (Sensors.ManualQnh), reloading.
2025-09-07 17:34:11.622 DEBUG [Info] adding loc: SensorsLocation(isReal=true, isValid=true, time=1757266344000, coord=LonLat{lon=-123.08995833333333, lat=49.21138}, altGps=27.5, speedGps=0.04629996, bearingGps=0.0, headingCompass=10.887488876634961, airspeedSensor=null, pressure=101262.80508204794, msOfGPGGA=1757266451618, speedComputed=0.0, bearingComputed=0.0, headingComputed=0.0, airspeedComputed=0.0, horizontalAccuracy=1.0)
2025-09-07 17:34:11.640 INFO [MainActivity] Preferences changed (Sec.GpsTimeOffset), reloading.
2025-09-07 17:34:11.651 INFO [EventMapping] Event: SYSTEM_GPS_OK
2025-09-07 17:34:11.651 INFO [MainActivity] Preferences changed (App.GuessLongitude), reloading.
2025-09-07 17:34:11.652 INFO [MainActivity] Preferences changed (App.GuessLatitude), reloading.
2025-09-07 17:34:11.654 DEBUG [BluetoothWorker] BT: line:>$LK8EX1,101090,19,82,37,0*00<
2025-09-07 17:34:11.878 DEBUG [BluetoothWorker] BT: line:>$GNGGA,173224,4912.6828,N,12305.3975,W,1,8,1.0,27.6,M,0.0,M,,*72<
2025-09-07 17:34:11.884 DEBUG [BluetoothWorker] BT: line:>$GNRMC,173224,A,4912.6828,N,12305.3975,W,0.09,0.0,070925,,,A*4A<
2025-09-07 17:34:11.885 DEBUG [BluetoothWorker] BT: line:>$LK8EX1,101093,19,23,37,0*08<
2025-09-07 17:34:12.139 DEBUG [SensorParser] GPGGA: no date from RMC line, bailing out
2025-09-07 17:34:13.140 DEBUG [SensorParser] GPGGA: no date from RMC line, bailing out
2025-09-07 17:34:14.145 DEBUG [SensorParser] GPGGA: no date from RMC line, bailing out
2025-09-07 17:34:14.312 DEBUG [BluetoothWorker] BT: line:>$GNGGA,173224,4912.6830,N,12305.3975,W,1,8,1.0,27.6,M,0.0,M,,*7B<
2025-09-07 17:34:14.408 DEBUG [BluetoothWorker] BT: line:>$GNRMC,173224,A,4912.6830,N,12305.3975,W,0.09,0.0,070925,,,A*43<
2025-09-07 17:34:14.408 DEBUG [BluetoothWorker] BT: line:>$LK8EX1,101104,19,-82,37,1*20<
2025-09-07 17:34:14.409 DEBUG [BluetoothWorker] BT: line:>$GNGGA,173224,4912.6828,N,12305.3975,W,1,8,1.0,27.6,M,0.0,M,,*72<
2025-09-07 17:34:15.145 DEBUG [SensorParser] GPGGA: no date from RMC line, bailing out
2025-09-07 17:34:15.513 DEBUG [BluetoothWorker] BT: line:>$GNRMC,173224,A,4912.6828,N,12305.3975,W,0.09,0.0,070925,,,A*4A<
2025-09-07 17:34:15.526 DEBUG [BluetoothWorker] BT: line:>$LK8EX1,101093,19,20,37,0*0B<
2025-09-07 17:34:15.857 DEBUG [BluetoothWorker] BT: line:>$GNGGA,173224,4912.6830,N,12305.3975,W,1,8,1.0,27.6,M,0.0,M,,*7B<
2025-09-07 17:34:15.865 DEBUG [BluetoothWorker] BT: line:>$GNRMC,173224,A,4912.6830,N,12305.3975,W,0.09,0.0,070925,,,A*43<
2025-09-07 17:34:15.874 DEBUG [BluetoothWorker] BT: line:>$LK8EX1,101092,19,6,37,0*3E<
2025-09-07 17:34:16.060 DEBUG [BluetoothWorker] BT: line:>$GNGGA,173224,4912.6830,N,12305.3975,W,1,8,1.0,27.5,M,0.0,M,,*78<
2025-09-07 17:34:16.135 DEBUG [SensorParser] GPGGA: no date from RMC line, bailing out
2025-09-07 17:34:16.151 DEBUG [BluetoothWorker] BT: line:>$GNRMC,173224,A,4912.6830,N,12305.3975,W,0.09,0.0,070925,,,A*43<
2025-09-07 17:34:16.151 DEBUG [BluetoothWorker] BT: line:>$LK8EX1,101098,19,-43,37,0*28<
2025-09-07 17:34:16.152 DEBUG [BluetoothWorker] BT: line:>$GNGGA,173224,4912.6830,N,12305.3975,W,1,8,1.0,27.5,M,0.0,M,,*78<
2025-09-07 17:34:16.153 DEBUG [BluetoothWorker] BT: line:>$GNRMC,173224,A,4912.6830,N,12305.3975,W,0.09,0.0,070925,,,A*43<
2025-09-07 17:34:16.153 DEBUG [BluetoothWorker] BT: line:>$LK8EX1,101089,19,78,37,0*0D<
2025-09-07 17:34:16.154 DEBUG [BluetoothWorker] BT: line:>$GNGGA,173224,4912.6830,N,12305.3975,W,1,8,1.0,27.6,M,0.0,M,,*7B<
2025-09-07 17:34:16.190 DEBUG [BluetoothWorker] BT: line:>$GNRMC,$LK8EX1,101099,19,-33,37,0*2E<
2025-09-07 17:34:16.190 DEBUG [SensorParser] lineNMEA: invalid nmea checksum: $GNRMC,$LK8EX1,101099,19,-33,37,0*2E
2025-09-07 17:34:16.191 DEBUG [BluetoothWorker] BT: line:>$GNGGA,173224,4912.6830,N,12305.3975,W,1,8,1.0,27.5,M,0.0,M,,*78<
2025-09-07 17:34:16.191 DEBUG [BluetoothWorker] BT: line:>$GNRMC,173224,A,4912.6830,N,12305.3975,W,0.09,0.0,070925,,,A*43<
2025-09-07 17:34:16.192 DEBUG [BluetoothWorker] BT: line:>$LK8EX1,101087,19,83,37,0*07<
2025-09-07 17:34:16.192 DEBUG [BluetoothWorker] BT: line:>$GNGGA,173224,4912.6830,N,12305.3975,W,1,8,1.0,27.6,M,0.0,M,,*7B<
2025-09-07 17:34:16.192 DEBUG [BluetoothWorker] BT: line:>$GNRMC,173224,A,4912.6830,N,12305.3975,W,0.09,0.0,070925,,,A*43<
2025-09-07 17:34:16.447 DEBUG [BluetoothWorker] BT: line:>$LK8EX1,101097,19,-15,37,1*25<
2025-09-07 17:34:16.448 DEBUG [BluetoothWorker] BT: line:>$GNGGA,173224,4912.6830,N,12305.3975,W,1,8,1.0,27.5,M,0.0,M,,*78<
2025-09-07 17:34:16.449 DEBUG [BluetoothWorker] BT: line:>$GNRMC,173224,A,4912.6830,N,12305.3975,W,0.09,0.0,070925,,,A*43<
2025-09-07 17:34:16.450 DEBUG [BluetoothWorker] BT: line:>$LK8EX1,101087,19,96,37,0*03<
2025-09-07 17:34:16.450 DEBUG [BluetoothWorker] BT: line:>$GNGGA,173224,4912.6830,N,12305.3975,W,1,8,1.0,27.5,M,0.0,M,,*78<
2025-09-07 17:34:16.450 DEBUG [BluetoothWorker] BT: line:>$GNRMC,173224,A,4912.6830,N,12305.3975,W,0.09,0.0,070925,,,A*43<
2025-09-07 17:34:16.451 DEBUG [BluetoothWorker] BT: line:>$LK8EX1,101085,19,120,37,0*3D<
2025-09-07 17:34:16.451 DEBUG [BluetoothWorker] BT: line:>$GNGGA,173224,4912.6830,N,12305.3975,W,1,8,1.0,27.5,M,0.0,M,,*78<
2025-09-07 17:34:16.451 DEBUG [BluetoothWorker] BT: line:>$GNRMC,173224,A,4912.6830,N,12305.3975,W,0.09,0.0,070925,,,A*43<
2025-09-07 17:34:16.451 DEBUG [BluetoothWorker] BT: line:>$LK8EX1,101095,19,-30,37,0*21<
2025-09-07 17:34:16.452 DEBUG [BluetoothWorker] BT: line:>$GNGGA,173224,4912.6830,N,12305.3975,W,1,8,1.0,27.5,M,0.0,M,,*78<
2025-09-07 17:34:16.452 DEBUG [BluetoothWorker] BT: line:>$GNRMC,173224,A,4912.6830,N,12305.3975,W,0.09,0.0,070925,,,A*43<
2025-09-07 17:34:16.970 DEBUG [BluetoothWorker] BT: line:>$LK8EX1,101087,19,36,37,0*09<
2025-09-07 17:34:16.971 DEBUG [BluetoothWorker] BT: line:>$GNGGA,173224,4912.6830,N,12305.3975,W,1,8,1.0,27.5,M,0.0,M,,*78<
2025-09-07 17:34:16.971 DEBUG [BluetoothWorker] BT: line:>$GNRMC,173224,A,4912.6830,N,12305.3975,W,0.09,0.0,070925,,,A*43<
2025-09-07 17:34:16.972 DEBUG [BluetoothWorker] BT: line:>$LK8EX1,101106,19,-173,37,1*1D<
2025-09-07 17:34:16.972 DEBUG [BluetoothWorker] BT: line:>$GNGGA,173224,4912.6830,N,12305.3975,W,1,8,1.0,27.6,M,0.0,M,,*7B<
2025-09-07 17:34:16.972 DEBUG [BluetoothWorker] BT: line:>$GNRMC,173224,A,4912.6830,N,12305.3975,W,0.09,0.0,070925,,,A*43<
2025-09-07 17:34:17.013 INFO [org.xcontest.XCTrack.info.r:f()41] Location is obsolete, set NO SIGNAL: 5361
2025-09-07 17:34:17.031 DEBUG [Nofix worker] Nofix, writing point at 1757266349380
2025-09-07 17:34:17.031 INFO [MainActivity] Preferences changed (Sensors.ManualQnh), reloading.
2025-09-07 17:34:17.137 DEBUG [SensorParser] GPGGA: no date from RMC line, bailing out
2025-09-07 17:34:17.463 DEBUG [BluetoothWorker] BT: line:>$LK8EX1,101097,19,-34,37,1*26<
2025-09-07 17:34:17.463 DEBUG [BluetoothWorker] BT: line:>$GNGGA,173224,4912.6830,N,12305.3975,W,1,8,1.0,27.6,M,0.0,M,,*7B<
2025-09-07 17:34:17.463 DEBUG [BluetoothWorker] BT: line:>$GNRMC,173224,A,4912.6830,N,12305.3975,W,0.09,0.0,070925,,,A*43<
2025-09-07 17:34:17.463 DEBUG [BluetoothWorker] BT: line:>$LK8EX1,101102,19,-87,37,0*22<
2025-09-07 17:34:17.464 DEBUG [BluetoothWorker] BT: line:>$GNGGA,173224,4912.6830,N,12305.3975,W,1,8,1.0,27.6,M,0.0,M,,*7B<
2025-09-07 17:34:17.464 DEBUG [BluetoothWorker] BT: line:>$GNRMC,173224,A,4912.6830,N,12305.3975,W,0.09,0.0,070925,,,A*43<
2025-09-07 17:34:17.464 DEBUG [BluetoothWorker] BT: line:>$LK8EX1,101095,19,0,37,0*3F<
2025-09-07 17:34:18.138 DEBUG [SensorParser] GPGGA: no date from RMC line, bailing out
2025-09-07 17:34:19.143 DEBUG [SensorParser] GPGGA: no date from RMC line, bailing out
2025-09-07 17:34:20.144 DEBUG [SensorParser] GPGGA: no date from RMC line, bailing out
2025-09-07 17:34:20.931 DEBUG [BluetoothWorker] BT: line:>$GNGGA,173224,4912.6830,N,12305.3975,W,1,8,1.0,27.4,M,0.0,M,,*79<
2025-09-07 17:34:21.145 DEBUG [SensorParser] GPGGA: no date from RMC line, bailing out
2025-09-07 17:34:21.426 DEBUG [BluetoothWorker] BT: line:>$GNRMC,173224,A,4912.6830,N,12305.3975,W,0.09,0.0,070925,,,A*43<
2025-09-07 17:34:21.427 DEBUG [BluetoothWorker] BT: line:>$LK8EX1,101089,19,57,37,0*00<
2025-09-07 17:34:21.428 DEBUG [BluetoothWorker] BT: line:>$GNGGA,173224,4912.6830,N,12305.3975,W,1,8,1.0,27.3,M,0.0,M,,*7E<
2025-09-07 17:34:21.430 DEBUG [BluetoothWorker] BT: line:>$GNRMC,173224,A,4912.6830,N,12305.3975,W,0.09,0.0,070925,,,A*43<
2025-09-07 17:34:21.431 DEBUG [BluetoothWorker] BT: line:>$LK8EX1,101099,19,-49,37,1*22<
2025-09-07 17:34:21.432 DEBUG [BluetoothWorker] BT: line:>$GNGGA,173224,4912.6830,N,12305.3975,W,1,8,1.0,27.3,M,0.0,M,,*7E<
2025-09-07 17:34:22.031 DEBUG [Nofix worker] Nofix, writing point at 1757266354380
2025-09-07 17:34:22.032 INFO [MainActivity] Preferences changed (Sensors.ManualQnh), reloading.
2025-09-07 17:34:22.141 DEBUG [SensorParser] GPGGA: no date from RMC line, bailing out
2025-09-07 17:34:22.413 DEBUG [BluetoothWorker] BT: line:>$GNRMC,173224,A,4912.6830,N,12305.3975,W,0.09,0.0,070925,,,A*43<
2025-09-07 17:34:22.415 DEBUG [BluetoothWorker] BT: line:>$LK8EX1,101085,19,139,37,0*35<
2025-09-07 17:34:22.415 DEBUG [BluetoothWorker] BT: line:>$GNGGA,173224,4912.6830,N,12305.3975,W,1,8,1.0,27.4,M,0.0,M,,*79<
2025-09-07 17:34:22.416 DEBUG [BluetoothWorker] BT: line:>$GNRMC,173224,A,4912.6830,N,12305.3975,W,0.09,0.0,070925,,,A*43<
2025-09-07 17:34:22.417 DEBUG [BluetoothWorker] BT: line:>$LK8EX1,101079,19,189,37,0*3D<
2025-09-07 17:34:23.137 DEBUG [SensorParser] GPGGA: no date from RMC line, bailing out
2025-09-07 17:34:24.138 DEBUG [SensorParser] GPGGA: no date from RMC line, bailing out
2025-09-07 17:34:25.135 DEBUG [SensorParser] GPGGA: no date from RMC line, bailing out
2025-09-07 17:34:25.617 INFO [MainActivity] MainActivity onResume
2025-09-07 17:34:26.135 DEBUG [SensorParser] GPGGA: no date from RMC line, bailing out
2025-09-07 17:34:26.967 INFO [TrackService] Starting service onStartCommand, intent: Intent { act=restoreService cmp=org.xcontest.XCTrack/.TrackService }, startId: 9, current task: org.xcontest.XCTrack.navig.TaskTriangleClosing
2025-09-07 17:34:26.968 INFO [TrackService] (Re)starting GPS.
2025-09-07 17:34:26.968 INFO [internalGps] Stopping
2025-09-07 17:34:26.972 INFO [internalGps] Starting
2025-09-07 17:34:27.032 DEBUG [Nofix worker] Nofix, writing point at 1757266359381
2025-09-07 17:34:27.032 INFO [MainActivity] Preferences changed (Sensors.ManualQnh), reloading.
2025-09-07 17:34:27.114 DEBUG [SensorParser] GPGGA: no date from RMC line, bailing out
2025-09-07 17:34:27.616 DEBUG [SensorParser] GPGGA: no date from RMC line, bailing out
2025-09-07 17:34:28.118 DEBUG [SensorParser] GPGGA: no date from RMC line, bailing out
2025-09-07 17:34:28.613 DEBUG [SensorParser] GPGGA: no date from RMC line, bailing out
2025-09-07 17:34:29.113 DEBUG [SensorParser] GPGGA: no date from RMC line, bailing out
2025-09-07 17:34:29.539 INFO [MainActivity] MainActivity onPause
2025-09-07 17:34:29.628 DEBUG [SensorParser] GPGGA: no date from RMC line, bailing out
2025-09-07 17:34:30.113 DEBUG [SensorParser] GPGGA: no date from RMC line, bailing out
2025-09-07 17:34:31.122 DEBUG [SensorParser] GPGGA: no date from RMC line, bailing out
2025-09-07 17:34:32.032 DEBUG [Nofix worker] Nofix, writing point at 1757266364381
2025-09-07 17:34:32.032 INFO [AltitudeInfo] Baro data is obsolete. Baro gone.
2025-09-07 17:34:32.113 DEBUG [SensorParser] GPGGA: no date from RMC line, bailing out
2025-09-07 17:34:33.120 DEBUG [SensorParser] GPGGA: no date from RMC line, bailing out
2025-09-07 17:34:34.120 DEBUG [SensorParser] GPGGA: no date from RMC line, bailing out
2025-09-07 17:34:35.114 DEBUG [SensorParser] GPGGA: no date from RMC line, bailing out
2025-09-07 17:34:35.284 DEBUG [BluetoothWorker] BT: line:>$GNGGA,173224,4912.6830,N,12305.3975,W,1,8,1.0,27.4,M,0.0,M,,*79<
2025-09-07 17:34:36.117 DEBUG [SensorParser] GPGGA: no date from RMC line, bailing out
2025-09-07 17:34:36.271 DEBUG [BluetoothWorker] BT: line:>$GNRMC,173224,A,4912.6830,N,12305.3975,W,0.09,0.0,070925,,,A*43<
2025-09-07 17:34:36.273 DEBUG [BluetoothWorker] BT: line:>$LK8EX1,101081,19,111,37,0*3B<
2025-09-07 17:34:36.274 DEBUG [BluetoothWorker] BT: line:>$GNGGA,173224,4912.6830,N,12305.3975,W,1,8,1.0,27.4,M,0.0,M,,*79<
2025-09-07 17:34:36.275 DEBUG [BluetoothWorker] BT: line:>$GNRMC,173224,A,4912.6830,N,12305.3975,W,0.09,0.0,070925,,,A*43<
2025-09-07 17:34:36.275 DEBUG [BluetoothWorker] BT: line:>$LK8EX1,101091,19,-19,37,0*2E<
2025-09-07 17:34:36.275 DEBUG [BluetoothWorker] BT: line:>$GNGGA,173224,4912.6830,N,12305.3975,W,1,8,1.0,27.4,M,0.0,M,,*79<
2025-09-07 17:34:36.275 DEBUG [BluetoothWorker] BT: line:>$GNRMC,173224,A,4912.6830,N,12305.3975,W,0.09,0.0,070925,,,A*43<
2025-09-07 17:34:36.275 DEBUG [BluetoothWorker] BT: line:>$LK8EX1,101092,19,-14,37,3*23<
2025-09-07 17:34:36.770 DEBUG [BluetoothWorker] BT: line:>$GNGGA$GNRMC,173224,A,4912.6830,N,12305.3975,W,0.09,0.0,070925,,,A*43<
2025-09-07 17:34:36.771 DEBUG [SensorParser] lineNMEA: invalid nmea checksum: $GNGGA$GNRMC,173224,A,4912.6830,N,12305.3975,W,0.09,0.0,070925,,,A*43
2025-09-07 17:34:36.771 DEBUG [BluetoothWorker] BT: line:>$LK8EX1,101090,19,-19,37,3*2C<
2025-09-07 17:34:36.773 DEBUG [BluetoothWorker] BT: line:>$GNGGA,173224,4912.6830,N,12305.3975,W,1,8,1.0,27.4,M,0.0,M,,*79<
2025-09-07 17:34:36.774 DEBUG [BluetoothWorker] BT: line:>$GNRMC,173224,A,4912.6830,N,12305.3975,W,0.09,0.0,070925,,,A*43<
2025-09-07 17:34:36.775 DEBUG [BluetoothWorker] BT: line:>$LK8EX1,101092,19,-4,37,5*14<
2025-09-07 17:34:36.776 DEBUG [BluetoothWorker] BT: line:>$GNGGA,173224,4912.6830,N,12305.3975,W,1,8,1.0,27.4,M,0.0,M,,*79<
2025-09-07 17:34:37.045 DEBUG [Nofix worker] Nofix, writing point at 1757266369394
2025-09-07 17:34:37.045 INFO [MainActivity] Preferences changed (Sensors.ManualQnh), reloading.
2025-09-07 17:34:37.133 DEBUG [SensorParser] GPGGA: no date from RMC line, bailing out
2025-09-07 17:34:37.264 DEBUG [BluetoothWorker] BT: line:>$GNRMC,173224,A,4912.6830,N,12305.3975,W,0.09,0.0,070925,,,A*43<
2025-09-07 17:34:37.264 DEBUG [BluetoothWorker] BT: line:>$LK8EX1,101088,19,48,37,3*0C<
2025-09-07 17:34:37.265 DEBUG [BluetoothWorker] BT: line:>$GNGGA,173224,4912.6830,N,12305.3975,W,1,8,1.0,27.4,M,0.0,M,,*79<
2025-09-07 17:34:37.265 DEBUG [BluetoothWorker] BT: line:>$GNRMC,173224,A,4912.6830,N,12305.3975,W,0.09,0.0,070925,,,A*43<
2025-09-07 17:34:37.266 DEBUG [BluetoothWorker] BT: line:>$LK8EX1,101093,19,-13,37,2*24<
2025-09-07 17:34:37.266 DEBUG [BluetoothWorker] BT: line:>$GNGGA,173224,4912.6830,N,12305.3975,W,1,8,1.0,27.4,M,0.0,M,,*79<
2025-09-07 17:34:37.758 DEBUG [BluetoothWorker] BT: line:>$GNRMC,173224,A,4912.6830,N,12305.3975,W,0.09,0.0,070925,,,A*43<
2025-09-07 17:34:37.759 DEBUG [BluetoothWorker] BT: line:>$LK8EX1,101087,19,59,37,0*00<
2025-09-07 17:34:37.759 DEBUG [BluetoothWorker] BT: line:>$GNGGA,173224,4912.6830,N,12305.3975,W,1,8,1.0,27.4,M,0.0,M,,*79<
2025-09-07 17:34:37.760 DEBUG [BluetoothWorker] BT: line:>$GNRMC,173224,A,4912.6830,N,12305.3975,W,0.09,0.0,070925,,,A*43<
2025-09-07 17:34:37.760 DEBUG [BluetoothWorker] BT: line:>$LK8EX1,101094,19,-21,37,1*21<
2025-09-07 17:34:37.760 DEBUG [BluetoothWorker] BT: line:>$GNGGA,173224,4912.6830,N,12305.3975,W,1,8,1.0,27.4,M,0.0,M,,*79<
2025-09-07 17:34:38.116 DEBUG [SensorParser] GPGGA: no date from RMC line, bailing out
2025-09-07 17:34:38.747 DEBUG [BluetoothWorker] BT: line:>$GNRMC,173224,A,4912.6830,N,12305.3975,W,0.09,0.0,070925,,,A*43<
2025-09-07 17:34:38.747 DEBUG [BluetoothWorker] BT: line:>$LK8EX1,101090,19,29,37,0*01<
2025-09-07 17:34:38.748 DEBUG [BluetoothWorker] BT: line:>$GNGGA,173224,4912.6830,N,12305.3975,W,1,8,1.0,27.4,M,0.0,M,,*79<
2025-09-07 17:34:38.748 DEBUG [BluetoothWorker] BT: line:>$GNRMC,173224,A,4912.6830,N,12305.3975,W,0.09,0.0,070925,,,A*43<
2025-09-07 17:34:38.749 DEBUG [BluetoothWorker] BT: line:>$LK8EX1,101083,19,92,37,0*03<
2025-09-07 17:34:38.749 DEBUG [BluetoothWorker] BT: line:>$GNGGA,173224,4912.6830,N,12305.3975,W,1,8,1.0,27.4,M,0.0,M,,*79<
2025-09-07 17:34:39.127 DEBUG [SensorParser] GPGGA: no date from RMC line, bailing out
2025-09-07 17:34:39.246 DEBUG [BluetoothWorker] BT: line:>$GNRMC,173224,A,4912.6830,N,12305.3975,W,0.09,0.0,070925,,,A*43<
2025-09-07 17:34:39.246 DEBUG [BluetoothWorker] BT: line:>$LK8EX1,101090,19,28,37,3*03<
2025-09-07 17:34:39.247 DEBUG [BluetoothWorker] BT: line:>$GNGGA,173224,4912.6830,N,12305.3975,W,1,8,1.0,27.4,M,0.0,M,,*79<
2025-09-07 17:34:39.247 DEBUG [BluetoothWorker] BT: line:>$GNRMC,173224,A,4912.6830,N,12305.3975,W,0.09,0.0,070925,,,A*43<
2025-09-07 17:34:39.248 DEBUG [BluetoothWorker] BT: line:>$LK8EX1,101093,19,-9,37,1*1C<
2025-09-07 17:34:39.248 DEBUG [BluetoothWorker] BT: line:>$GNGGA,173224,4912.6830,N,12305.3975,W,1,8,1.0,27.4,M,0.0,M,,*79<
2025-09-07 17:34:40.117 DEBUG [SensorParser] GPGGA: no date from RMC line, bailing out
2025-09-07 17:34:40.237 DEBUG [BluetoothWorker] BT: line:>$GNRMC,173224,A,4912.6830,N,12305.3975,W,0.09,0.0,070925,,,A*43<
2025-09-07 17:34:40.238 DEBUG [BluetoothWorker] BT: line:>$LK8EX1,101093,19,-25,37,1*22<
2025-09-07 17:34:40.239 DEBUG [BluetoothWorker] BT: line:>$GNGGA,173224,4912.6830,N,12305.3975,W,1,8,1.0,27.5,M,0.0,M,,*78<
2025-09-07 17:34:40.240 DEBUG [BluetoothWorker] BT: line:>$GNRMC,173224,A,4912.6830,N,12305.3975,W,0.09,0.0,070925,,,A*43<
2025-09-07 17:34:40.241 DEBUG [BluetoothWorker] BT: line:>$LK8EX1,101081,19,9,37,0*33<
2025-09-07 17:34:40.242 DEBUG [BluetoothWorker] BT: line:>$GNGGA,173224,4912.6830,N,12305.3975,W,1,8,1.0,27.4,M,0.0,M,,*79<
2025-09-07 17:34:41.114 DEBUG [SensorParser] GPGGA: no date from RMC line, bailing out
2025-09-07 17:34:41.717 DEBUG [BluetoothWorker] BT: line:>$GNRMC,173224,A,4912.6830,N,12305.3975,W,0.09$GNGGA,173224,4912.6830,N,12305.3975,W,1,8,1.0,27.9,M,0.0,M,,*74<
2025-09-07 17:34:41.717 DEBUG [SensorParser] lineNMEA: invalid nmea checksum: $GNRMC,173224,A,4912.6830,N,12305.3975,W,0.09$GNGGA,173224,4912.6830,N,12305.3975,W,1,8,1.0,27.9,M,0.0,M,,*74
2025-09-07 17:34:41.718 DEBUG [BluetoothWorker] BT: line:>$GNRMC,173224,A,4912.6830,N,12305.3975,W,0.09,0.0,070925,,,A*43<
2025-09-07 17:34:41.718 DEBUG [BluetoothWorker] BT: line:>$LK8EX1,101094,19,-52,37,0*24<
2025-09-07 17:34:41.718 DEBUG [BluetoothWorker] BT: line:>$GNGGA,173224,4912.6830,N,12305.3975,W,1,8,1.0,28.0,M,0.0,M,,*72<
2025-09-07 17:34:41.719 DEBUG [BluetoothWorker] BT: line:>$GNRMC,173224,A,4912.6830,N,12305.3975,W,0.09,0.0,070925,,,A*43<
2025-09-07 17:34:41.719 DEBUG [BluetoothWorker] BT: line:>$LK8EX1,101077,19,131,37,4*34<
2025-09-07 17:34:42.046 DEBUG [Nofix worker] Nofix, writing point at 1757266374395
2025-09-07 17:34:42.046 INFO [MainActivity] Preferences changed (Sensors.ManualQnh), reloading.
2025-09-07 17:34:42.114 DEBUG [SensorParser] GPGGA: no date from RMC line, bailing out
2025-09-07 17:34:43.120 DEBUG [SensorParser] GPGGA: no date from RMC line, bailing out
2025-09-07 17:34:43.206 DEBUG [BluetoothWorker] BT: line:>$GNGGA,173224,4912.6830,N,12305.3975,W,1,8,1.0,28.0,M,0.0,M,,*72<
2025-09-07 17:34:43.207 DEBUG [BluetoothWorker] BT: line:>$GNRMC,173224,A,4912.6830,N,12305.3975,W,0.09,0.0,070925,,,A*43<
2025-09-07 17:34:43.208 DEBUG [BluetoothWorker] BT: line:>$LK8EX1,101083,19,57,37,0*0A<
2025-09-07 17:34:43.208 DEBUG [BluetoothWorker] BT: line:>$GNGGA,173224,4912.6830,N,12305.3975,W,1,8,1.0,28.1,M,0.0,M,,*73<
2025-09-07 17:34:43.209 DEBUG [BluetoothWorker] BT: line:>$GNRMC,173224,A,4912.6830,N,12305.3975,W,0.09,0.0,070925,,,A*43<
2025-09-07 17:34:43.210 DEBUG [BluetoothWorker] BT: line:>$LK8EX1,101082,19,48,37,0*05<
2025-09-07 17:34:43.702 DEBUG [BluetoothWorker] BT: line:>$GNGGA,173224,4912.6830,N,12305.3975,W,1,8,1.0,28.1,M,0.0,M,,*73<
2025-09-07 17:34:43.703 DEBUG [BluetoothWorker] BT: line:>$GNRMC,173224,A,4912.6830,N,12305.3975,W,0.09,0.0,070925,,,A*43<
2025-09-07 17:34:43.704 DEBUG [BluetoothWorker] BT: line:>$LK8EX1,101088,19,-38,37,5*20<
2025-09-07 17:34:43.705 DEBUG [BluetoothWorker] BT: line:>$GNGGA,173224,4912.6830,N,12305.3975,W,1,8,1.0,28.2,M,0.0,M,,*70<
2025-09-07 17:34:43.706 DEBUG [BluetoothWorker] BT: line:>$GNRMC,173224,A,4912.6830,N,12305.3975,W,0.09,0.0,070925,,,A*43<
2025-09-07 17:34:43.707 DEBUG [BluetoothWorker] BT: line:>$LK8EX1,101080,20,56,37,2*00<
2025-09-07 17:34:44.122 DEBUG [SensorParser] GPGGA: no date from RMC line, bailing out
2025-09-07 17:34:44.194 DEBUG [BluetoothWorker] BT: line:>$GNGGA,173224,4912.6830,N,12305.3975,W,1,8,1.0,28.2,M,0.0,M,,*70<
2025-09-07 17:34:44.196 DEBUG [BluetoothWorker] BT: line:>$GNRMC,173224,A,4912.6830,N,12305.3975,W,0.09,0.0,070925,,,A*43<
2025-09-07 17:34:44.197 DEBUG [BluetoothWorker] BT: line:>$LK8EX1,101090,19,-51,37,1*22<
2025-09-07 17:34:44.197 DEBUG [BluetoothWorker] BT: line:>$GNGGA,173224,4912.6830,N,12305.3975,W,1,8,1.0,28.2,M,0.0,M,,*70<
2025-09-07 17:34:44.198 DEBUG [BluetoothWorker] BT: line:>$GNRMC,173224,A,4912.6830,N,12305.3975,W,0.09,0.0,070925,,,A*43<
2025-09-07 17:34:44.199 DEBUG [BluetoothWorker] BT: line:>$LK8EX1,101073,20,21,37,5*0B<
2025-09-07 17:34:44.200 DEBUG [BluetoothWorker] BT: line:>$GNGGA,173224,4912.6830,N,12305.3975,W,1,8,1.0,28.4,M,0.0,M,,*76<
2025-09-07 17:34:44.201 DEBUG [BluetoothWorker] BT: line:>$GNRMC,173224,A,4912.6830,N,12305.3975,W,0.09,0.0,070925,,,A*43<
2025-09-07 17:34:44.203 DEBUG [BluetoothWorker] BT: line:>$LK8EX1,101078,20,2,37,5*31<
2025-09-07 17:34:44.203 DEBUG [BluetoothWorker] BT: line:>$GNGGA,173224,4912.6833,N,12305.3970,W,1,8,1.0,29.3,M,0.0,M,,*76<
2025-09-07 17:34:44.204 DEBUG [BluetoothWorker] BT: line:>$GNRMC,173224,A,4912.6833,N,12305.3970,W,0.09,0.0,070925,,,A*45<
2025-09-07 17:34:44.205 DEBUG [BluetoothWorker] BT: line:>$LK8EX1,101084,20,0,37,0*35<
2025-09-07 17:34:44.689 DEBUG [BluetoothWorker] BT: line:>$GNGGA,173224,4912.6837,N,12305.3970,W,1,8,1.0,30.3,M,0.0,M,,*7A<
2025-09-07 17:34:44.691 DEBUG [BluetoothWorker] BT: line:>$GNRMC,173224,A,4912.6837,N,12305.3970,W,0.09,0.0,070925,,,A*41<
2025-09-07 17:34:44.692 DEBUG [BluetoothWorker] BT: line:>$LK8EX1,101081,20,1,37,0*31<
2025-09-07 17:34:44.694 DEBUG [BluetoothWorker] BT: line:>$GNGGA,173224,4912.6839,N,12305.3966,W,1,8,1.0,31.3,M,0.0,M,,*72<
2025-09-07 17:34:44.695 DEBUG [BluetoothWorker] BT: line:>$GNRMC,173224,A,4912.6839,N,12305.3966,W,0.09,0.0,070925,,,A*48<
2025-09-07 17:34:44.695 DEBUG [BluetoothWorker] BT: line:>$LK8EX1,101066,20,6,37,4*3B<
2025-09-07 17:34:44.696 DEBUG [BluetoothWorker] BT: line:>$GNGGA,173224,4912.6844,N,12305.3966,W,1,8,1.0,3$GNGGA,173224,4912.6844,N,12305.3966,W,1,8,1.0,32.3,M,0.0,M,,*7B<
2025-09-07 17:34:44.697 DEBUG [SensorParser] lineNMEA: invalid nmea checksum: $GNGGA,173224,4912.6844,N,12305.3966,W,1,8,1.0,3$GNGGA,173224,4912.6844,N,12305.3966,W,1,8,1.0,32.3,M,0.0,M,,*7B
2025-09-07 17:34:44.697 DEBUG [BluetoothWorker] BT: line:>$GNRMC,173224,A,4912.6844,N,12305.3966,W,0.09,0.0,070925,,,A*42<
2025-09-07 17:34:44.698 DEBUG [BluetoothWorker] BT: line:>$LK8EX1,101066,20,157,37,0*3A<
2025-09-07 17:34:44.699 DEBUG [BluetoothWorker] BT: line:>$GNGGA,173224,4912.6844,N,12305.3966,W,1,8,1.0,32.4,M,0.0,M,,*7C<
2025-09-07 17:34:44.699 DEBUG [BluetoothWorker] BT: line:>$GNRMC,173224,A,4912.6844,N,12305.3966,W,0.09,0.0,070925,,,A*42<
2025-09-07 17:34:44.700 DEBUG [BluetoothWorker] BT: line:>$LK8EX1,101068,20,97,37,1*08<
2025-09-07 17:34:45.123 DEBUG [SensorParser] GPGGA: no date from RMC line, bailing out
2025-09-07 17:34:45.185 DEBUG [BluetoothWorker] BT: line:>$GNGGA,173224,4912.6844,N,12305.3966,W,1,8,1.0,32.4,M,0.0,M,,*7C<
2025-09-07 17:34:45.186 DEBUG [BluetoothWorker] BT: line:>$GNRMC,173224,A,4912.6844,N,12305.3966,W,0.09,0.0,070925,,,A*42<
2025-09-07 17:34:45.187 DEBUG [BluetoothWorker] BT: line:>$LK8EX1,101070,20,68,37,1*01<
2025-09-07 17:34:45.187 DEBUG [BluetoothWorker] BT: line:>$GNGGA,173224,4912.6844,N,12305.3966,W,1,8,1.0,32.4,M,0.0,M,,*7C<
2025-09-07 17:34:45.188 DEBUG [BluetoothWorker] BT: line:>$GNRMC,173224,A,4912.6844,N,12305.3966,W,0.09,0.0,070925,,,A*42<
2025-09-07 17:34:45.189 DEBUG [BluetoothWorker] BT: line:>$LK8EX1,101076,20,-22,37,1*24<
2025-09-07 17:34:45.679 DEBUG [BluetoothWorker] BT: line:>$GNGGA,173224,4912.6846,N,12305.3966,W,1,8,1.0,32.5,M,0.0,M,,*7F<
2025-09-07 17:34:45.680 DEBUG [BluetoothWorker] BT: line:>$GNRMC,173224,A,4912.6846,N,12305.3966,W,0.09,0.0,070925,,,A*40<
2025-09-07 17:34:45.682 DEBUG [BluetoothWorker] BT: line:>$LK8EX1,101073,21,-3,37,1*13<
2025-09-07 17:34:45.682 DEBUG [BluetoothWorker] BT: line:>$GNGGA,173224,4912.6846,N,12305.3966,W,1,8,1.0,32.5,M,0.0,M,,*7F<
2025-09-07 17:34:45.682 DEBUG [BluetoothWorker] BT: line:>$GNRMC,173224,A,4912.6846,N,12305.3966,W,0.09,0.0,070925,,,A*40<
2025-09-07 17:34:45.683 DEBUG [BluetoothWorker] BT: line:>$LK8EX1,101071,20,34,37,1*09<
2025-09-07 17:34:45.683 DEBUG [BluetoothWorker] BT: line:>$GNGGA,173224,4912.6846,N,12305.3966,W,1,8,1.0,32.6,M,0.0,M,,*7C<
2025-09-07 17:34:45.684 DEBUG [BluetoothWorker] BT: line:>$GNRMC,173224,A,4912.6846,N,12305.3966,W,0.09,0.0,070925,,,A*40<
2025-09-07 17:34:45.684 DEBUG [BluetoothWorker] BT: line:>$LK8EX1,101071,20,26,37,0*0B<
2025-09-07 17:34:45.685 DEBUG [BluetoothWorker] BT: line:>$GNGGA,173224,4912.6846,N,12305.3966,W,1,8,1.0,32.6,M,0.0,M,,*7C<
2025-09-07 17:34:45.685 DEBUG [BluetoothWorker] BT: line:>$GNRMC,173224,A,4912.6846,N,12305.3966,W,0.09,0.0,070925,,,A*40<
2025-09-07 17:34:45.686 DEBUG [BluetoothWorker] BT: line:>$LK8EX1,101075,20,-14,37,0*23<
2025-09-07 17:34:46.123 DEBUG [SensorParser] GPGGA: no date from RMC line, bailing out
2025-09-07 17:34:46.174 DEBUG [BluetoothWorker] BT: line:>$GNGGA,173224,4912.6846,N,12305.3966,W,1,8,1.0,32.7,M,0.0,M,,*7D<
2025-09-07 17:34:46.176 DEBUG [BluetoothWorker] BT: line:>$GNRMC,173224,A,4912.6846,N,12305.3966,W,0.09,0.0,070925,,,A*40<
2025-09-07 17:34:46.178 DEBUG [BluetoothWorker] BT: line:>$LK8EX1,101072,20,21,37,1*0E<
2025-09-07 17:34:46.178 DEBUG [BluetoothWorker] BT: line:>$GNGGA,173224,4912.6846,N,12305.3966,W,1,8,1.0,32.7,M,0.0,M,,*7D<
2025-09-07 17:34:46.178 DEBUG [BluetoothWorker] BT: line:>$GNRMC,173224,A,4912.6846,N,12305.3966,W,0.09,0.0,070925,,,A*40<
2025-09-07 17:34:46.179 DEBUG [BluetoothWorker] BT: line:>$LK8EX1,101077,20,-37,37,1*21<
2025-09-07 17:34:46.179 DEBUG [BluetoothWorker] BT: line:>$GNGGA,173224,4912.6846,N,12305.3966,W,1,8,1.0,32.8,M,0.0,M,,*72<
2025-09-07 17:34:46.180 DEBUG [BluetoothWorker] BT: line:>$GNRMC,173224,A,4912.6846,N,12305.3966,W,0.09,0.0,070925,,,A*40<
2025-09-07 17:34:46.180 DEBUG [BluetoothWorker] BT: line:>$LK8EX1,101072,20,36,37,4*0D<
2025-09-07 17:34:46.181 DEBUG [BluetoothWorker] BT: line:>$GNGGA,173224,4912.6846,N,12305.3966,W,1,8,1.0,32.8,M,0.0,M,,*72<
2025-09-07 17:34:46.181 DEBUG [BluetoothWorker] BT: line:>$GNRMC,173224,A,4912.6846,N,12305.3966,W,0.09,0.0,070925,,,A*40<
2025-09-07 17:34:46.182 DEBUG [BluetoothWorker] BT: line:>$LK8EX1,101068,20,4,37,0*33<
2025-09-07 17:34:46.667 DEBUG [BluetoothWorker] BT: line:>$GNGGA,173224,4912.6851,N,12305.3966,W,1,8,1.$GNRMC,173224,A,4912.6851,N,12305.3966,W,0.09,0.0,070925,,,A*46<
2025-09-07 17:34:46.667 DEBUG [SensorParser] lineNMEA: invalid nmea checksum: $GNGGA,173224,4912.6851,N,12305.3966,W,1,8,1.$GNRMC,173224,A,4912.6851,N,12305.3966,W,0.09,0.0,070925,,,A*46
2025-09-07 17:34:46.668 DEBUG [BluetoothWorker] BT: line:>$LK8EX1,101072,20,2,37,4*3A<
2025-09-07 17:34:46.668 DEBUG [BluetoothWorker] BT: line:>$GNGGA,173224,4912.6849,N,12305.3966,W,1,8,1.0,33.1,M,0.0,M,,*75<
2025-09-07 17:34:46.668 DEBUG [BluetoothWorker] BT: line:>$GNRMC,173224,A,4912.6849,N,12305.3966,W,0.09,0.0,070925,,,A*4F<
2025-09-07 17:34:46.669 DEBUG [BluetoothWorker] BT: line:>$LK8EX1,101065,21,77,37,4*0F<
2025-09-07 17:34:46.669 DEBUG [BluetoothWorker] BT: line:>$GNGGA,173224,4912.6851,N,12305.3966,W,1,8,1.0,33.2,M,0.0,M,,*7F<
2025-09-07 17:34:47.046 DEBUG [Nofix worker] Nofix, writing point at 1757266379395
2025-09-07 17:34:47.047 INFO [MainActivity] Preferences changed (Sensors.ManualQnh), reloading.
2025-09-07 17:34:47.117 DEBUG [SensorParser] GPGGA: no date from RMC line, bailing out
2025-09-07 17:34:47.658 DEBUG [BluetoothWorker] BT: line:>$GNRMC,173224,A,4912.6851,N,12305.3966,W,0.09,0.0,070925,,,A*46<
2025-09-07 17:34:47.659 DEBUG [BluetoothWorker] BT: line:>$LK8EX1,101070,21,28,37,4*01<
2025-09-07 17:34:47.660 DEBUG [BluetoothWorker] BT: line:>$GNGGA,173224,4912.6851,N,12305.3966,W,1,8,1.0,33.2,M,0.0,M,,*7F<
2025-09-07 17:34:47.661 DEBUG [BluetoothWorker] BT: line:>$GNRMC,173224,A,4912.6851,N,12305.3966,W,0.09,0.0,070925,,,A*46<
2025-09-07 17:34:47.661 DEBUG [BluetoothWorker] BT: line:>$LK8EX1,101067,21,73,37,2*0F<
2025-09-07 17:34:47.662 DEBUG [BluetoothWorker] BT: line:>$GNGGA,173224,4912.6851,N,12305.3966,W,1,8,1.0,33.2,M,0.0,M,,*7F<
2025-09-07 17:34:47.662 DEBUG [BluetoothWorker] BT: line:>$GNRMC,173224,A,4912.6851,N,12305.3966,W,0.09,0.0,070925,,,A*46<
2025-09-07 17:34:47.663 DEBUG [BluetoothWorker] BT: line:>$LK8EX1,101077,20,-55,37,1*25<
2025-09-07 17:34:47.663 DEBUG [BluetoothWorker] BT: line:>$GNGGA,173224,4912.6851,N,12305.3966,W,1,8,1.0,33.2,M,0.0,M,,*7F<
2025-09-07 17:34:47.663 DEBUG [BluetoothWorker] BT: line:>$GNRMC,173224,A,4912.6851,N,12305.3966,W,0.09,0.0,070925,,,A*46<
2025-09-07 17:34:47.663 DEBUG [BluetoothWorker] BT: line:>$LK8EX1,101078,20,-56,37,1*29<
2025-09-07 17:34:47.664 DEBUG [BluetoothWorker] BT: line:>$GNGGA,173224,4912.6851,N,12305.3966,W,1,8,1.0,33.2,M,0.0,M,,*7F<
2025-09-07 17:34:48.116 DEBUG [SensorParser] GPGGA: no date from RMC line, bailing out
2025-09-07 17:34:48.155 DEBUG [BluetoothWorker] BT: line:>$GNRMC,173224,A,4912.6851,N,12305.3966,W,0.09,0.0,070925,,,A*46<
2025-09-07 17:34:48.156 DEBUG [BluetoothWorker] BT: line:>$LK8EX1,101080,20,-60,37,1*2B<
2025-09-07 17:34:48.156 DEBUG [BluetoothWorker] BT: line:>$GNGGA,173224,4912.6851,N,12305.3966,W,1,8,1.0,33.3,M,0.0,M,,*7E<
2025-09-07 17:34:48.157 DEBUG [BluetoothWorker] BT: line:>$GNRMC,173224,A,4912.6851,N,12305.3966,W,0.09,0.0,070925,,,A*46<
2025-09-07 17:34:48.157 DEBUG [BluetoothWorker] BT: line:>$LK8EX1,101070,20,79,37,1*01<
2025-09-07 17:34:48.158 DEBUG [BluetoothWorker] BT: line:>$GNGGA,173224,4912.6851,N,12305.3966,W,1,8,1.0,33.3,M,0.0,M,,*7E<
2025-09-07 17:34:49.114 DEBUG [SensorParser] GPGGA: no date from RMC line, bailing out
2025-09-07 17:34:50.114 DEBUG [SensorParser] GPGGA: no date from RMC line, bailing out
2025-09-07 17:34:51.116 DEBUG [SensorParser] GPGGA: no date from RMC line, bailing out
2025-09-07 17:34:52.048 DEBUG [Nofix worker] Nofix, writing point at 1757266384397
2025-09-07 17:34:52.049 INFO [MainActivity] Preferences changed (Sensors.ManualQnh), reloading.
2025-09-07 17:34:52.117 DEBUG [SensorParser] GPGGA: no date from RMC line, bailing out
2025-09-07 17:34:53.122 DEBUG [SensorParser] GPGGA: no date from RMC line, bailing out
2025-09-07 17:34:54.094 DEBUG [BluetoothWorker] BT: line:>$GNRMC,173224,A,4912.6851,N,12305.3966,W,0.09,0.0,070925,,,A*46<
2025-09-07 17:34:54.095 DEBUG [BluetoothWorker] BT: line:>$LK8EX1,101073,20,34,37,1*0B<
2025-09-07 17:34:54.096 DEBUG [BluetoothWorker] BT: line:>$GNGGA,173224,4912.6851,N,12305.3966,W,1,8,1.0,33.3,M,0.0,M,,*7E<
2025-09-07 17:34:54.096 DEBUG [BluetoothWorker] BT: line:>$GNRMC,173224,A,4912.6851,N,12305.3966,W,0.09,0.0,070925,,,A*46<
2025-09-07 17:34:54.097 DEBUG [BluetoothWorker] BT: line:>$LK8EX1,101079,20,-27,37,1*2E<
2025-09-07 17:34:54.097 DEBUG [BluetoothWorker] BT: line:>$GNGGA,173224,4912.6851,N,12305.3966,W,1,8,1.0,33.3,M,0.0,M,,*7E<
2025-09-07 17:34:54.112 DEBUG [SensorParser] GPGGA: no date from RMC line, bailing out
2025-09-07 17:34:55.085 DEBUG [BluetoothWorker] BT: line:>$GNRMC,173224,A,4912.6851,N,12305.3966,W,0.09,0.0,070925,,,A*46<
2025-09-07 17:34:55.085 DEBUG [BluetoothWorker] BT: line:>$LK8EX1,101074,20,25,37,0*0D<
2025-09-07 17:34:55.086 DEBUG [BluetoothWorker] BT: line:>$GNGGA,173224,4912.6851,N,12305.3966,W,1,8,1.0,33.3,M,0.0,M,,*7E<
2025-09-07 17:34:55.086 DEBUG [BluetoothWorker] BT: line:>$GNRMC,173224,A,4912.6851,N,12305.3966,W,0.09,0.0,070925,,,A*46<
2025-09-07 17:34:55.087 DEBUG [BluetoothWorker] BT: line:>$LK8EX1,101078,20,-32,37,6*2C<
2025-09-07 17:34:55.087 DEBUG [BluetoothWorker] BT: line:>$GNGGA,173224,4912.6851,N,12305.3966,W,1,8,1.0,33.3,M,0.0,M,,*7E<
2025-09-07 17:34:55.114 DEBUG [SensorParser] GPGGA: no date from RMC line, bailing out
2025-09-07 17:34:55.580 DEBUG [BluetoothWorker] BT: line:>$GNRMC,173224,A,4912.6851,N,12305.3966,W,0.09,0.0,070925,,,A*46<
2025-09-07 17:34:55.581 DEBUG [BluetoothWorker] BT: line:>$LK8EX1,101070,20,10,37,0*0F<
2025-09-07 17:34:55.581 DEBUG [BluetoothWorker] BT: line:>$GNGGA,173224,4912.6851,N,12305.3966,W,1,8,1.0,33.3,M,0.0,M,,*7E<
2025-09-07 17:34:55.582 DEBUG [BluetoothWorker] BT: line:>$GNRMC,173224,A,4912.6851,N,12305.3966,W,0.09,0.0,070925,,,A*46<
2025-09-07 17:34:55.582 DEBUG [BluetoothWorker] BT: line:>$LK8EX1,101080,20,-56,37,1*2E<
2025-09-07 17:34:55.583 DEBUG [BluetoothWorker] BT: line:>$GNGGA,173224,4912.6851,N,12305.3966,W,1,8,1.0,33.3,M,0.0,M,,*7E<
2025-09-07 17:34:56.114 DEBUG [SensorParser] GPGGA: no date from RMC line, bailing out
2025-09-07 17:34:57.049 DEBUG [Nofix worker] Nofix, writing point at 1757266389398
2025-09-07 17:34:57.050 INFO [MainActivity] Preferences changed (Sensors.ManualQnh), reloading.
2025-09-07 17:34:57.115 DEBUG [SensorParser] GPGGA: no date from RMC line, bailing out
2025-09-07 17:34:58.113 DEBUG [SensorParser] GPGGA: no date from RMC line, bailing out
2025-09-07 17:34:58.550 DEBUG [BluetoothWorker] BT: line:>$GNRMC,173224,A,4912.6851,N,12305.3966,W,0.09,0.0,070925,,,A*46<
2025-09-07 17:34:58.550 DEBUG [BluetoothWorker] BT: line:>$LK8EX1,101066,20,106,37,1*3F<
2025-09-07 17:34:58.551 DEBUG [BluetoothWorker] BT: line:>$GNGGA,173224,4912.6851,N,12305.3966,W,1,8,1.0,33.3,M,0.0,M,,*7E<
2025-09-07 17:34:58.551 DEBUG [BluetoothWorker] BT: line:>$GNRMC,173224,A,4912.6851,N,12305.3966,W,0.09,0.0,070925,,,A*46<
2025-09-07 17:34:58.552 DEBUG [BluetoothWorker] BT: line:>$LK8EX1,101075,20,-27,37,1*22<
2025-09-07 17:34:58.552 DEBUG [BluetoothWorker] BT: line:>$GNGGA,173224,4912.6851,N,12305.3966,W,1,8,1.0,33.3,M,0.0,M,,*7E<
2025-09-07 17:34:59.114 DEBUG [SensorParser] GPGGA: no date from RMC line, bailing out
2025-09-07 17:35:00.035 DEBUG [BluetoothWorker] BT: line:>$GNRMC,173224,A,4912.6851,N,12305.3966,W,0.09,0.0,070925,,,A*46<
2025-09-07 17:35:00.036 DEBUG [BluetoothWorker] BT: line:>$LK8EX1,101078,20,-63,37,1*2F<
2025-09-07 17:35:00.037 DEBUG [BluetoothWorker] BT: line:>$GNGGA,173224,4912.6853,N,12305.3966,W,1,8,1.0,33.4,M,0.0,M,,*7B<
2025-09-07 17:35:00.038 DEBUG [BluetoothWorker] BT: line:>$GNRMC,173224,A,4912.6853,N,12305.3966,W,0.09,0.0,070925,,,A*44<
2025-09-07 17:35:00.039 DEBUG [BluetoothWorker] BT: line:>$LK8EX1,101074,21,-20,37,1*25<
2025-09-07 17:35:00.039 DEBUG [BluetoothWorker] BT: line:>$GNGGA,173224,4912.6853,N,12305.3966,W,1,8,1.0,33.4,M,0.0,M,,*7B<
2025-09-07 17:35:00.116 DEBUG [SensorParser] GPGGA: no date from RMC line, bailing out
2025-09-07 17:35:00.530 DEBUG [BluetoothWorker] BT: line:>$GNRMC,173224,A,4912.6853,N,12305.3966,W,0.09,0.0,070925,,,A*44<
2025-09-07 17:35:00.531 DEBUG [BluetoothWorker] BT: line:>$LK8EX1,101067,21,47,37,1*0B<
2025-09-07 17:35:00.532 DEBUG [BluetoothWorker] BT: line:>$GNGGA,173224,4912.6853,N,12305.3966,W,1,8,1.0,33.4,M,0.0,M,,*7B<
2025-09-07 17:35:00.533 DEBUG [BluetoothWorker] BT: line:>$GNRMC,173224,A,4912.6853,N,12305.3966,W,0.09,0.0,070925,,,A*44<
2025-09-07 17:35:00.534 DEBUG [BluetoothWorker] BT: line:>$LK8EX1,101069,21,31,37,3*06<
2025-09-07 17:35:00.535 DEBUG [BluetoothWorker] BT: line:>$GNGGA,173224,4912.6853,N,12305.3966,W,1,8,1.0,33.4,M,0.0,M,,*7B<
2025-09-07 17:35:00.535 DEBUG [BluetoothWorker] BT: line:>$GNRMC,173224,A,4912.6853,N,12305.3966,W,0.09,0.0,070925,,,A*44<
2025-09-07 17:35:00.536 DEBUG [BluetoothWorker] BT: line:>$LK8EX1,101069,21,16,37,6*06<
2025-09-07 17:35:00.537 DEBUG [BluetoothWorker] BT: line:>$GNGGA,173224,4912.6853,N,12305.3966,W,1,8,1.0,33.4,M,0.0,M,,*7B<
2025-09-07 17:35:00.538 DEBUG [BluetoothWorker] BT: line:>$GNRMC,173224,A,4912.6853,N,12305.3966,W,0.09,0.0,070925,,,A*44<
2025-09-07 17:35:00.539 DEBUG [BluetoothWorker] BT: line:>$LK8EX1,101068,21,28,37,6*0A<
2025-09-07 17:35:01.113 DEBUG [SensorParser] GPGGA: no date from RMC line, bailing out
2025-09-07 17:35:02.049 DEBUG [Nofix worker] Nofix, writing point at 1757266394398
2025-09-07 17:35:02.050 INFO [MainActivity] Preferences changed (Sensors.ManualQnh), reloading.
2025-09-07 17:35:02.113 DEBUG [SensorParser] GPGGA: no date from RMC line, bailing out
2025-09-07 17:35:02.509 DEBUG [BluetoothWorker] BT: line:>$GNGGA,173224,4912.6853,N,12305.3966,W,1,8,1.0,33.4,M,0.0,M,,*7B<
2025-09-07 17:35:02.510 DEBUG [BluetoothWorker] BT: line:>$GNRMC,173224,A,4912.6853,N,12305.3966,W,0.09,0.0,070925,,,A*44<
2025-09-07 17:35:02.510 DEBUG [BluetoothWorker] BT: line:>$LK8EX1,101073,21,-47,37,3*21<
2025-09-07 17:35:02.510 DEBUG [BluetoothWorker] BT: line:>$GNGGA,173224,4912.6853,N,12305.3966,W,1,8,1.0,33.4,M,0.0,M,,*7B<
2025-09-07 17:35:02.510 DEBUG [BluetoothWorker] BT: line:>$GNRMC,173224,A,4912.6853,N,12305.3966,W,0.09,0.0,070925,,,A*44<
2025-09-07 17:35:02.510 DEBUG [BluetoothWorker] BT: line:>$LK8EX1,101065,21,67,37,2*08<
2025-09-07 17:35:03.002 DEBUG [BluetoothWorker] BT: line:>$GNGGA,$GNRMC,173224,A,4912.6853,N,12305.3966,W,0.09,0.0,070925,,,A*44<
2025-09-07 17:35:03.003 DEBUG [SensorParser] lineNMEA: invalid nmea checksum: $GNGGA,$GNRMC,173224,A,4912.6853,N,12305.3966,W,0.09,0.0,070925,,,A*44
2025-09-07 17:35:03.003 DEBUG [BluetoothWorker] BT: line:>$LK8EX1,101079,21,-95,37,1*26<
2025-09-07 17:35:03.003 DEBUG [BluetoothWorker] BT: line:>$GNGGA,173224,4912.6853,N,12305.3966,W,1,8,1.0,33.4,M,0.0,M,,*7B<
2025-09-07 17:35:03.004 DEBUG [BluetoothWorker] BT: line:>$GNRMC,173224,A,4912.6853,N,12305.3966,W,0.09,0.0,070925,,,A*44<
2025-09-07 17:35:03.004 DEBUG [BluetoothWorker] BT: line:>$LK8EX1,101081,21,-113,37,1*1E<
2025-09-07 17:35:03.004 DEBUG [BluetoothWorker] BT: line:>$GNGGA,173224,4912.6853,N,12305.3966,W,1,8,1.0,33.4,M,0.0,M,,*7B<
2025-09-07 17:35:03.004 DEBUG [BluetoothWorker] BT: line:>$GNRMC,173224,A,4912.6853,N,12305.3966,W,0.09,0.0,070925,,,A*44<
2025-09-07 17:35:03.005 DEBUG [BluetoothWorker] BT: line:>$LK8EX1,101069,21,38,37,1*0D<
2025-09-07 17:35:03.005 DEBUG [BluetoothWorker] BT: line:>$GNGGA,173224,4912.6853,N,12305.3966,W,1,8,1.0,33.4,M,0.0,M,,*7B<
2025-09-07 17:35:03.006 DEBUG [BluetoothWorker] BT: line:>$GNRMC,173224,A,4912.6853,N,12305.3966,W,0.09,0.0,070925,,,A*44<
2025-09-07 17:35:03.006 DEBUG [BluetoothWorker] BT: line:>$LK8EX1,101076,20,-31,37,0*27<
2025-09-07 17:35:03.006 DEBUG [BluetoothWorker] BT: line:>$GNGGA,173224,4912.6853,N,12305.3966,W,1,8,1.0,33.4,M,0.0,M,,*7B<
2025-09-07 17:35:03.112 DEBUG [SensorParser] GPGGA: no date from RMC line, bailing out
2025-09-07 17:35:03.497 DEBUG [BluetoothWorker] BT: line:>$GNRMC,173224,A,4912.6853,N,12305.3966,W,0.09,0.0,070925,,,A*44<
2025-09-07 17:35:03.498 DEBUG [BluetoothWorker] BT: line:>$LK8EX1,101076,20,-35,37,6*25<
2025-09-07 17:35:03.498 DEBUG [BluetoothWorker] BT: line:>$GNGGA,173224,4912.6853,N,12305.3966,W,1,8,1.0,33.4,M,0.0,M,,*7B<
2025-09-07 17:35:03.498 DEBUG [BluetoothWorker] BT: line:>$GNRMC,173224,A,4912.6853,N,12305.3966,W,0.09,0.0,070925,,,A*44<
2025-09-07 17:35:03.499 DEBUG [BluetoothWorker] BT: line:>$LK8EX1,101072,20,18,37,3*06<
2025-09-07 17:35:03.499 DEBUG [BluetoothWorker] BT: line:>$GNGGA,173224,4912.6853,N,12305.3966,W,1,8,1.0,33.4,M,0.0,M,,*7B<
2025-09-07 17:35:04.114 DEBUG [SensorParser] GPGGA: no date from RMC line, bailing out
2025-09-07 17:35:04.491 DEBUG [BluetoothWorker] BT: line:>$GNRMC,173224,A,4912.6853,N,12305.3966,W,0.09,0.0,070925,,,A*44<
2025-09-07 17:35:04.491 DEBUG [BluetoothWorker] BT: line:>$LK8EX1,101069,21,43,37,3*03<
2025-09-07 17:35:04.492 DEBUG [BluetoothWorker] BT: line:>$GNGGA,173224,4912.6853,N,12305.3966,W,1,8,1.0,33.4,M,0.0,M,,*7B<
2025-09-07 17:35:04.492 DEBUG [BluetoothWorker] BT: line:>$GNRMC,173224,A,4912.6853,N,12305.3966,W,0.09,0.0,070925,,,A*44<
2025-09-07 17:35:04.492 DEBUG [BluetoothWorker] BT: line:>$LK8EX1,101074,21,-23,37,6*21<
2025-09-07 17:35:04.493 DEBUG [BluetoothWorker] BT: line:>$GNGGA,173224,4912.6853,N,12305.3966,W,1,8,1.0,33.4,M,0.0,M,,*7B<
2025-09-07 17:35:05.116 DEBUG [SensorParser] GPGGA: no date from RMC line, bailing out
2025-09-07 17:35:05.480 DEBUG [BluetoothWorker] BT: line:>$GNRMC,173224,A,4912.6853,N,12305.3966,W,0.09,0.0,070925,,,A*44<
2025-09-07 17:35:05.481 DEBUG [BluetoothWorker] BT: line:>$LK8EX1,101077,20,-39,37,1*2F<
2025-09-07 17:35:05.482 DEBUG [BluetoothWorker] BT: line:>$GNGGA,173224,4912.6853,N,12305.3966,W,1,8,1.0,33.3,M,0.0,M,,*7C<
2025-09-07 17:35:05.482 DEBUG [BluetoothWorker] BT: line:>$GNRMC,173224,A,4912.6853,N,12305.3966,W,0.09,0.0,070925,,,A*44<
2025-09-07 17:35:05.482 DEBUG [BluetoothWorker] BT: line:>$LK8EX1,101080,20,-89,37,1*2C<
2025-09-07 17:35:05.483 DEBUG [BluetoothWorker] BT: line:>$GNGGA,173224,4912.6853,N,12305.3966,W,1,8,1.0,33.4,M,0.0,M,,*7B<
2025-09-07 17:35:06.122 DEBUG [SensorParser] GPGGA: no date from RMC line, bailing out
2025-09-07 17:35:06.965 DEBUG [BluetoothWorker] BT: line:>$GNRMC,173224,A,4912.6853,N,12305.3966,W,0.09,0.0,070925,,,A*44<
2025-09-07 17:35:06.967 DEBUG [BluetoothWorker] BT: line:>$LK8EX1,101064,21,8,37,0*32<
2025-09-07 17:35:06.968 DEBUG [BluetoothWorker] BT: line:>$GNGGA,173224,4912.6855,N,12305.3966,W,1,8,1.0,33.3,M,0.0,M,,*7A<
2025-09-07 17:35:06.969 DEBUG [BluetoothWorker] BT: line:>$GNRMC,173224,A,4912.6855,N,12305.3966,W,0.09,0.0,070925,,,A*42<
2025-09-07 17:35:06.970 DEBUG [BluetoothWorker] BT: line:>$LK8EX1,101064,21,3,37,0*39<
2025-09-07 17:35:06.970 DEBUG [BluetoothWorker] BT: line:>$GNGGA,173224,4912.6855,N,12305.3966,W,1,8,1.0,33.2,M,0.0,M,,*7B<
2025-09-07 17:35:07.049 DEBUG [Nofix worker] Nofix, writing point at 1757266399398
2025-09-07 17:35:07.050 INFO [MainActivity] Preferences changed (Sensors.ManualQnh), reloading.
2025-09-07 17:35:07.119 DEBUG [SensorParser] GPGGA: no date from RMC line, bailing out
2025-09-07 17:35:08.123 DEBUG [SensorParser] GPGGA: no date from RMC line, bailing out
2025-09-07 17:35:08.450 DEBUG [BluetoothWorker] BT: line:>$GNRMC,173224,A,4912.6855,N,12305.3966,W,0$GNRMC,173224,A,4912.6855,N,12305.3966,W,0.09,0.0,070925,,,A*42<
2025-09-07 17:35:08.451 DEBUG [SensorParser] lineNMEA: invalid nmea checksum: $GNRMC,173224,A,4912.6855,N,12305.3966,W,0$GNRMC,173224,A,4912.6855,N,12305.3966,W,0.09,0.0,070925,,,A*42
2025-09-07 17:35:08.451 DEBUG [BluetoothWorker] BT: line:>$LK8EX1,101068,21,3,37,1*34<
2025-09-07 17:35:08.453 DEBUG [BluetoothWorker] BT: line:>$GNGGA,173224,4912.6855,N,12305.3966,W,1,8,1.0,33.0,M,0.0,M,,*79<
2025-09-07 17:35:08.454 DEBUG [BluetoothWorker] BT: line:>$GNRMC,173224,A,4912.6855,N,12305.3966,W,0.09,0.0,070925,,,A*42<
2025-09-07 17:35:08.455 DEBUG [BluetoothWorker] BT: line:>$LK8EX1,101062,21,38,37,0*07<
2025-09-07 17:35:08.456 DEBUG [BluetoothWorker] BT: line:>$GNGGA,173224,4912.6855,N,12305.3966,W,1,8,1.0,33.0,M,0.0,M,,*79<
2025-09-07 17:35:08.457 DEBUG [BluetoothWorker] BT: line:>$GNRMC,173224,A,4912.6855,N,12305.3966,W,0.09,0.0,070925,,,A*42<
2025-09-07 17:35:08.457 DEBUG [BluetoothWorker] BT: line:>$LK8EX1,101074,21,-79,37,0*28<
2025-09-07 17:35:08.458 DEBUG [BluetoothWorker] BT: line:>$GNGGA,173224,4912.6855,N,12305.3966,W,1,8,1.0,32.9,M,0.0,M,,*71<
2025-09-07 17:35:08.459 DEBUG [BluetoothWorker] BT: line:>$GNRMC,173224,A,4912.6855,N,12305.3966,W,0.09,0.0,070925,,,A*42<
2025-09-07 17:35:08.459 DEBUG [BluetoothWorker] BT: line:>$LK8EX1,101067,21,9,37,3*33<
2025-09-07 17:35:08.460 DEBUG [BluetoothWorker] BT: line:>$GNGGA,173224,4912.6855,N,12305.3966,W,1,8,1.0,32.9,M,0.0,M,,*71<
2025-09-07 17:35:08.944 DEBUG [BluetoothWorker] BT: line:>$GNRMC,173224,A,4912.6855,N,12305.3966,W,0.09,0.0,070925,,,A*42<
2025-09-07 17:35:08.945 DEBUG [BluetoothWorker] BT: line:>$LK8EX1,101066,21,40,37,2*0E<
2025-09-07 17:35:08.946 DEBUG [BluetoothWorker] BT: line:>$GNGGA,173224,4912.6855,N,12305.3966,W,1,8,1.0,32.9,M,0.0,M,,*71<
2025-09-07 17:35:08.947 DEBUG [BluetoothWorker] BT: line:>$GNRMC,173224,A,4912.6855,N,12305.3966,W,0.09,0.0,070925,,,A*42<
2025-09-07 17:35:08.948 DEBUG [BluetoothWorker] BT: line:>$LK8EX1,101062,21,77,37,6*0A<
2025-09-07 17:35:08.948 DEBUG [BluetoothWorker] BT: line:>$GNGGA,173224,4912.6855,N,12305.3966,W,1,8,1.0,32.9,M,0.0,M,,*71<
2025-09-07 17:35:08.949 DEBUG [BluetoothWorker] BT: line:>$GNRMC,173224,A,4912.6855,N,12305.3966,W,0.09,0.0,070925,,,A*42<
2025-09-07 17:35:08.950 DEBUG [BluetoothWorker] BT: line:>$LK8EX1,101063,21,49,37,1*01<
2025-09-07 17:35:08.951 DEBUG [BluetoothWorker] BT: line:>$GNGGA,173224,4912.6855,N,12305.3966,W,1,8,1.0,32.9,M,0.0,M,,*71<
2025-09-07 17:35:08.951 DEBUG [BluetoothWorker] BT: line:>$GNRMC,173224,A,4912.6855,N,12305.3966,W,0.09,0.0,070925,,,A*42<
2025-09-07 17:35:08.952 DEBUG [BluetoothWorker] BT: line:>$LK8EX1,101059,21,96,37,1*0A<
2025-09-07 17:35:08.952 DEBUG [BluetoothWorker] BT: line:>$GNGGA,173224,4912.6855,N,12305.3966,W,1,8,1.0,32.9,M,0.0,M,,*71<
2025-09-07 17:35:09.122 DEBUG [SensorParser] GPGGA: no date from RMC line, bailing out
2025-09-07 17:35:09.442 DEBUG [BluetoothWorker] BT: line:>$GNRMC,173224,A,4912.6855,N,12305.3966,W,0.09,0.0,070925,,,A*42<
2025-09-07 17:35:09.444 DEBUG [BluetoothWorker] BT: line:>$LK8EX1,101063,21,48,37,1*00<
2025-09-07 17:35:09.445 DEBUG [BluetoothWorker] BT: line:>$GNGGA,173224,4912.6855,N,12305.3966,W,1,8,1.0,32.9,M,0.0,M,,*71<
2025-09-07 17:35:09.445 DEBUG [BluetoothWorker] BT: line:>$GNRMC,173224,A,4912.6855,N,12305.3966,W,0.09,0.0,070925,,,A*42<
2025-09-07 17:35:09.446 DEBUG [BluetoothWorker] BT: line:>$LK8EX1,101058,21,106,37,1*33<
2025-09-07 17:35:09.447 DEBUG [BluetoothWorker] BT: line:>$GNGGA,173224,4912.6855,N,12305.3966,W,1,8,1.0,32.9,M,0.0,M,,*71<
2025-09-07 17:35:10.120 DEBUG [SensorParser] GPGGA: no date from RMC line, bailing out
2025-09-07 17:35:10.429 DEBUG [BluetoothWorker] BT: line:>$GNRMC,173224,A,4912.6855,N,12305.3966,W,0.09,0.0,070925,,,A*42<
2025-09-07 17:35:10.430 DEBUG [BluetoothWorker] BT: line:>$LK8EX1,101068,21,-3,37,1*19<
2025-09-07 17:35:10.430 DEBUG [BluetoothWorker] BT: line:>$GNGGA,173224,4912.6855,N,12305.3966,W,1,8,1.0,32.8,M,0.0,M,,*70<
2025-09-07 17:35:10.430 DEBUG [BluetoothWorker] BT: line:>$GNRMC,173224,A,4912.6855,N,12305.3966,W,0.09,0.0,070925,,,A*42<
2025-09-07 17:35:10.431 DEBUG [BluetoothWorker] BT: line:>$LK8EX1,101062,21,1,36,2*3E<
2025-09-07 17:35:10.431 DEBUG [BluetoothWorker] BT: line:>$GNGGA,173224,4912.6855,N,12305.3966,W,1,8,1.0,32.3,M,0.0,M,,*7B<
2025-09-07 17:35:10.924 DEBUG [BluetoothWorker] BT: line:>$GNRMC,173224,A,4912.6855,N,12305.3966,W,0.09,0.0$LK8EX1,101063,21,24,37,0*0B<
2025-09-07 17:35:10.925 DEBUG [SensorParser] lineNMEA: invalid nmea checksum: $GNRMC,173224,A,4912.6855,N,12305.3966,W,0.09,0.0$LK8EX1,101063,21,24,37,0*0B
2025-09-07 17:35:10.926 DEBUG [BluetoothWorker] BT: line:>$GNGGA,173224,4912.6855,N,12305.3966,W,1,8,1.0,31.8,M,0.0,M,,*73<
2025-09-07 17:35:10.927 DEBUG [BluetoothWorker] BT: line:>$GNRMC,173224,A,4912.6855,N,12305.3966,W,0.09,0.0,070925,,,A*42<
2025-09-07 17:35:10.927 DEBUG [BluetoothWorker] BT: line:>$LK8EX1,101066,21,-9,37,0*1C<
2025-09-07 17:35:10.928 DEBUG [BluetoothWorker] BT: line:>$GNGGA,173224,4912.6855,N,12305.3966,W,1,8,1.0,31.9,M,0.0,M,,*72<
2025-09-07 17:35:10.929 DEBUG [BluetoothWorker] BT: line:>$GNRMC,173224,A,4912.6855,N,12305.3966,W,0.09,0.0,070925,,,A*42<
2025-09-07 17:35:11.120 DEBUG [SensorParser] GPGGA: no date from RMC line, bailing out
2025-09-07 17:35:11.418 DEBUG [BluetoothWorker] BT: line:>$LK8EX1,101059,21,63,37,0*01<
2025-09-07 17:35:11.419 DEBUG [BluetoothWorker] BT: line:>$GNGGA,173224,4912.6855,N,12305.3966,W,1,8,1.0,31.8,M,0.0,M,,*73<
2025-09-07 17:35:11.420 DEBUG [BluetoothWorker] BT: line:>$GNRMC,173224,A,4912.6855,N,12305.3966,W,0.09,0.0,070925,,,A*42<
2025-09-07 17:35:11.421 DEBUG [BluetoothWorker] BT: line:>$LK8EX1,101070,21,-71,37,2*26<
2025-09-07 17:35:11.422 DEBUG [BluetoothWorker] BT: line:>$GNGGA,173224,4912.6855,N,12305.3966,W,1,8,1.0,31.7,M,0.0,M,,*7C<
2025-09-07 17:35:11.423 DEBUG [BluetoothWorker] BT: line:>$GNRMC,173224,A,4912.6855,N,12305.3966,W,0.09,0.0,070925,,,A*42<
2025-09-07 17:35:11.424 DEBUG [BluetoothWorker] BT: line:>$LK8EX1,101067,21,-10,37,6*23<
2025-09-07 17:35:11.424 DEBUG [BluetoothWorker] BT: line:>$GNGGA,173224,4912.6855,N,12305.3966,W,1,8,1.0,31.7,M,0.0,M,,*7C<
2025-09-07 17:35:11.425 DEBUG [BluetoothWorker] BT: line:>$GNRMC,173224,A,4912.6855,N,12305.3966,W,0.09,0.0,070925,,,A*42<
2025-09-07 17:35:11.426 DEBUG [BluetoothWorker] BT: line:>$LK8EX1,101060,21,88,37,1*0F<
2025-09-07 17:35:11.427 DEBUG [BluetoothWorker] BT: line:>$GNGGA,173224,4912.6855,N,12305.3966,W,1,8,1.0,31.7,M,0.0,M,,*7C<
2025-09-07 17:35:11.427 DEBUG [BluetoothWorker] BT: line:>$GNRMC,173224,A,4912.6855,N,12305.3966,W,0.09,0.0,070925,,,A*42<
2025-09-07 17:35:11.917 DEBUG [BluetoothWorker] BT: line:>$LK8EX1,101067,21,-5,37,1*10<
2025-09-07 17:35:11.918 DEBUG [BluetoothWorker] BT: line:>$GNGGA,173224,4912.6855,N,12305.3966,W,1,8,1.0,31.7,M,0.0,M,,*7C<
2025-09-07 17:35:11.919 DEBUG [BluetoothWorker] BT: line:>$GNRMC,173224,A,4912.6855,N,12305.3966,W,0.09,0.0,070925,,,A*42<
2025-09-07 17:35:11.920 DEBUG [BluetoothWorker] BT: line:>$LK8EX1,101069,21,-22,37,1*2B<
2025-09-07 17:35:11.920 DEBUG [BluetoothWorker] BT: line:>$GNGGA,173224,4912.6855,N,12305.3966,W,1,8,1.0,31.7,M,0.0,M,,*7C<
2025-09-07 17:35:11.921 DEBUG [BluetoothWorker] BT: line:>$GNRMC,173224,A,4912.6855,N,12305.3966,W,0.09,0.0,070925,,,A*42<
2025-09-07 17:35:12.050 DEBUG [Nofix worker] Nofix, writing point at 1757266404399
2025-09-07 17:35:12.119 DEBUG [SensorParser] GPGGA: no date from RMC line, bailing out
2025-09-07 17:35:12.412 DEBUG [BluetoothWorker] BT: line:>$LK8EX1,101069,21,-36,37,1*2E<
2025-09-07 17:35:12.414 DEBUG [BluetoothWorker] BT: line:>$GNGGA,173224,4912.6855,N,12305.3966,W,1,8,1.0,31.6,M,0.0,M,,*7D<
2025-09-07 17:35:12.414 DEBUG [BluetoothWorker] BT: line:>$GNRMC,173224,A,4912.6855,N,12305.3966,W,0.09,0.0,070925,,,A*42<
2025-09-07 17:35:12.415 DEBUG [BluetoothWorker] BT: line:>$LK8EX1,101067,21,-44,37,2*26<
2025-09-07 17:35:12.416 DEBUG [BluetoothWorker] BT: line:>$GNGGA,173224,4912.6855,N,12305.3966,W,1,8,1.0,31.6,M,0.0,M,,*7D<
2025-09-07 17:35:12.416 DEBUG [BluetoothWorker] BT: line:>$GNRMC,173224,A,4912.6855,N,12305.3966,W,0.09,0.0,070925,,,A*42<
2025-09-07 17:35:12.417 DEBUG [BluetoothWorker] BT: line:>$LK8EX1,101059,21,25,37,0*03<
2025-09-07 17:35:13.121 DEBUG [SensorParser] GPGGA: no date from RMC line, bailing out
2025-09-07 17:35:13.894 DEBUG [BluetoothWorker] BT: line:>$GNGGA,173224,4912.6855,N,12305.3966,W,1,8,1.0,31.6,M,0.0,M,,*7D<
2025-09-07 17:35:13.895 DEBUG [BluetoothWorker] BT: line:>$GNRMC,173224,A,4912.6855,N,12305.3966,W,0.09,0.0,070925,,,A*42<
2025-09-07 17:35:13.896 DEBUG [BluetoothWorker] BT: line:>$LK8EX1,101067,21,-8,36,2*1F<
2025-09-07 17:35:13.896 DEBUG [BluetoothWorker] BT: line:>$GNGGA,173224,4912.6855,N,12305.3966,W,1,8,1.0,31.5,M,0.0,M,,*7E<
2025-09-07 17:35:13.897 DEBUG [BluetoothWorker] BT: line:>$GNRMC,173224,A,4912.6855,N,12305.3966,W,0.09,0.0,070925,,,A*42<
2025-09-07 17:35:13.898 DEBUG [BluetoothWorker] BT: line:>$LK8EX1,101060,21,1,36,0*3E<
2025-09-07 17:35:14.122 DEBUG [SensorParser] GPGGA: no date from RMC line, bailing out
2025-09-07 17:35:14.389 DEBUG [BluetoothWorker] BT: line:>$GNGGA,173224,$GNRMC,173224,A,4912.6853,N,12305.3966,W,0.09,0.0,070925,,,A*44<
2025-09-07 17:35:14.390 DEBUG [SensorParser] lineNMEA: invalid nmea checksum: $GNGGA,173224,$GNRMC,173224,A,4912.6853,N,12305.3966,W,0.09,0.0,070925,,,A*44
2025-09-07 17:35:14.390 DEBUG [BluetoothWorker] BT: line:>$LK8EX1,101055,21,68,36,3*04<
2025-09-07 17:35:14.391 DEBUG [BluetoothWorker] BT: line:>$GNGGA,173224,4912.6853,N,12305.3966,W,1,8,1.0,31.2,M,0.0,M,,*7F<
2025-09-07 17:35:14.392 DEBUG [BluetoothWorker] BT: line:>$GNRMC,173224,A,4912.6853,N,12305.3966,W,0.09,0.0,070925,,,A*44<
2025-09-07 17:35:14.393 DEBUG [BluetoothWorker] BT: line:>$LK8EX1,101063,21,-16,37,2*25<
2025-09-07 17:35:14.394 DEBUG [BluetoothWorker] BT: line:>$GNGGA,173224,4912.6853,N,12305.3966,W,1,8,1.0,31.3,M,0.0,M,,*7E<
2025-09-07 17:35:14.884 DEBUG [BluetoothWorker] BT: line:>$GNRMC,173224,A,4912.6853,N,12305.3966,W,0.09,0.0,070925,,,A*44<
2025-09-07 17:35:14.886 DEBUG [BluetoothWorker] BT: line:>$LK8EX1,101054,22,90,37,6*05<
2025-09-07 17:35:14.887 DEBUG [BluetoothWorker] BT: line:>$GNGGA,173224,4912.6853,N,12305.3966,W,1,8,1.0,31.2,M,0.0,M,,*7F<
2025-09-07 17:35:14.888 DEBUG [BluetoothWorker] BT: line:>$GNRMC,173224,A,4912.6853,N,12305.3966,W,0.09,0.0,070925,,,A*44<
2025-09-07 17:35:14.889 DEBUG [BluetoothWorker] BT: line:>$LK8EX1,101065,21,-38,37,1*2C<
2025-09-07 17:35:14.890 DEBUG [BluetoothWorker] BT: line:>$GNGGA,173224,4912.6853,N,12305.3966,W,1,8,1.0,31.3,M,0.0,M,,*7E<
2025-09-07 17:35:14.891 DEBUG [BluetoothWorker] BT: line:>$GNRMC,173224,A,4912.6853,N,12305.3966,W,0.09,0.0,070925,,,A*44<
2025-09-07 17:35:14.892 DEBUG [BluetoothWorker] BT: line:>$LK8EX1,101070,21,-89,37,0*23<
2025-09-07 17:35:14.892 DEBUG [BluetoothWorker] BT: line:>$GNGGA,173224,4912.6853,N,12305.3966,W,1,8,1.0,31.2,M,0.0,M,,*7F<
2025-09-07 17:35:14.894 DEBUG [BluetoothWorker] BT: line:>$GNRMC,173224,A,4912.6853,N,12305.3966,W,0.09,0.0,070925,,,A*44<
2025-09-07 17:35:14.894 DEBUG [BluetoothWorker] BT: line:>$LK8EX1,101058,21,62,37,1*00<
2025-09-07 17:35:14.895 DEBUG [BluetoothWorker] BT: line:>$GNGGA,173224,4912.6853,N,12305.3966,W,1,8,1.0,31.2,M,0.0,M,,*7F<
2025-09-07 17:35:15.122 DEBUG [SensorParser] GPGGA: no date from RMC line, bailing out
2025-09-07 17:35:15.379 DEBUG [BluetoothWorker] BT: line:>$GNRMC,173224,A,4912.6853,N,12305.3966,W,0.09,0.0,070925,,,A*44<
2025-09-07 17:35:15.381 DEBUG [BluetoothWorker] BT: line:>$LK8EX1,101058,21,37,37,0*01<
2025-09-07 17:35:15.382 DEBUG [BluetoothWorker] BT: line:>$GNGGA,173224,4912.6853,N,12305.3966,W,1,8,1.0,31.2,M,0.0,M,,*7F<
2025-09-07 17:35:15.383 DEBUG [BluetoothWorker] BT: line:>$GNRMC,173224,A,4912.6853,N,12305.3966,W,0.09,0.0,070925,,,A*44<
2025-09-07 17:35:15.383 DEBUG [BluetoothWorker] BT: line:>$LK8EX1,101077,21,-173,37,0*10<
2025-09-07 17:35:15.384 DEBUG [BluetoothWorker] BT: line:>$GNGGA,173224,4912.6853,N,12305.3966,W,1,8,1.0,31.1,M,0.0,M,,*7C<
2025-09-07 17:35:15.385 DEBUG [BluetoothWorker] BT: line:>$GNRMC,173224,A,4912.6853,N,12305.3966,W,0.09,0.0,070925,,,A*44<
2025-09-07 17:35:15.385 DEBUG [BluetoothWorker] BT: line:>$LK8EX1,101059,21,42,37,3*01<
2025-09-07 17:35:15.386 DEBUG [BluetoothWorker] BT: line:>$GNGGA,173224,4912.6853,N,12305.3966,W,1,8,1.0,31.1,M,0.0,M,,*7C<
2025-09-07 17:35:15.387 DEBUG [BluetoothWorker] BT: line:>$GNRMC,173224,A,4912.6853,N,12305.3966,W,0.09,0.0,070925,,,A*44<
2025-09-07 17:35:15.387 DEBUG [BluetoothWorker] BT: line:>$LK8EX1,101061,21,10,37,2*0C<
2025-09-07 17:35:15.388 DEBUG [BluetoothWorker] BT: line:>$GNGGA,173224,4912.6853,N,12305.3970,W,1,8,1.0,31.1,M,0.0,M,,*7B<
2025-09-07 17:35:15.874 DEBUG [BluetoothWorker] BT: line:>$GNRMC,173224,A,4912.6853,N,12305.3970,W,0.09,0.0,070925,,,A*43<
2025-09-07 17:35:15.875 DEBUG [BluetoothWorker] BT: line:>$LK8EX1,101050,22,133,37,1*3E<
2025-09-07 17:35:15.876 DEBUG [BluetoothWorker] BT: line:>$GNGGA,173224,4912.6853,N,12305.3970,W,1,8,1.0,31.1,M,0.0,M,,*7B<
2025-09-07 17:35:15.877 DEBUG [BluetoothWorker] BT: line:>$GNRMC,173224,A,4912.6853,N,12305.3970,W,0.09,0.0,070925,,,A*43<
2025-09-07 17:35:15.878 DEBUG [BluetoothWorker] BT: line:>$LK8EX1,101067,22,-84,37,1*2A<
2025-09-07 17:35:15.878 DEBUG [BluetoothWorker] BT: line:>$GNGGA,173224,4912.6853,N,12305.3970,W,1,8,1.0,31.1,M,0.0,M,,*7B<
2025-09-07 17:35:16.119 DEBUG [SensorParser] GPGGA: no date from RMC line, bailing out
2025-09-07 17:35:16.368 DEBUG [BluetoothWorker] BT: line:>$GNRMC,173224,A,4912.6853,N,12305.3970,W,$GNGGA,173224,4912.6853,N,12305.3970,W,1,8,1.0,31.1,M,0.0,M,,*7B<
2025-09-07 17:35:16.368 DEBUG [SensorParser] lineNMEA: invalid nmea checksum: $GNRMC,173224,A,4912.6853,N,12305.3970,W,$GNGGA,173224,4912.6853,N,12305.3970,W,1,8,1.0,31.1,M,0.0,M,,*7B
2025-09-07 17:35:16.368 DEBUG [BluetoothWorker] BT: line:>$GNRMC,173224,A,4912.6853,N,12305.3970,W,0.09,0.0,070925,,,A*43<
2025-09-07 17:35:16.369 DEBUG [BluetoothWorker] BT: line:>$LK8EX1,101080,21,-211,37,1*1E<
2025-09-07 17:35:16.369 DEBUG [BluetoothWorker] BT: line:>$GNGGA,173224,4912.6853,N,12305.3970,W,1,8,1.0,30.9,M,0.0,M,,*72<
2025-09-07 17:35:16.370 DEBUG [BluetoothWorker] BT: line:>$GNRMC,173224,A,4912.6853,N,12305.3970,W,0.09,0.0,070925,,,A*43<
2025-09-07 17:35:16.370 DEBUG [BluetoothWorker] BT: line:>$LK8EX1,101052,21,168,37,0*30<
2025-09-07 17:35:16.370 DEBUG [BluetoothWorker] BT: line:>$GNGGA,173224,4912.6853,N,12305.3970,W,1,8,1.0,30.8,M,0.0,M,,*73<
2025-09-07 17:35:16.371 DEBUG [BluetoothWorker] BT: line:>$GNRMC,173224,A,4912.6853,N,12305.3970,W,0.09,0.0,070925,,,A*43<
2025-09-07 17:35:16.371 DEBUG [BluetoothWorker] BT: line:>$LK8EX1,101065,21,-7,37,1*10<
2025-09-07 17:35:16.371 DEBUG [BluetoothWorker] BT: line:>$GNGGA,173513,4912.6853,N,12305.3970,W,1,8,1.0,30.7,M,0.0,M,,*7F<
2025-09-07 17:35:16.372 DEBUG [BluetoothWorker] BT: line:>$GNRMC,173513,A,4912.6853,N,12305.3970,W,0.14,0.0,070925,,,A*4C<
2025-09-07 17:35:16.372 DEBUG [Info] adding loc: SensorsLocation(isReal=true, isValid=true, time=1757266513000, coord=LonLat{lon=-123.08995, lat=49.211421666666666}, altGps=30.7, speedGps=0.07202216, bearingGps=0.0, headingCompass=3.0737807128445525, airspeedSensor=null, pressure=101063.2946520171, msOfGPGGA=1757266516372, speedComputed=0.0, bearingComputed=0.0, headingComputed=0.0, airspeedComputed=0.0, horizontalAccuracy=1.0)
2025-09-07 17:35:16.373 INFO [MainActivity] Preferences changed (Sensors.ManualQnh), reloading.
2025-09-07 17:35:16.387 INFO [MainActivity] Preferences changed (Sec.GpsTimeOffset), reloading.
2025-09-07 17:35:16.403 INFO [EventMapping] Event: SYSTEM_GPS_OK
2025-09-07 17:35:16.403 DEBUG [BluetoothWorker] BT: line:>$LK8EX1,101058,21,78,37,0*0A<
2025-09-07 17:35:16.863 DEBUG [BluetoothWorker] BT: line:>$GNGGA,173513,4912.6853,N,12305.3970,W,1,8,1.0,30.6,M,0.0,M,,*7E<
2025-09-07 17:35:16.865 DEBUG [BluetoothWorker] BT: line:>$GNRMC,173513,A,4912.6853,N,12305.3970,W,0.14,0.0,070925,,,A*4C<
2025-09-07 17:35:16.866 DEBUG [BluetoothWorker] BT: line:>$LK8EX1,101059,21,46,37,6*00<
2025-09-07 17:35:16.867 DEBUG [BluetoothWorker] BT: line:>$GNGGA,173513,4912.6853,N,12305.3970,W,1,8,1.0,30.5,M,0.0,M,,*7D<
2025-09-07 17:35:16.867 DEBUG [BluetoothWorker] BT: line:>$GNRMC,173513,A,4912.6853,N,12305.3970,W,0.14,0.0,070925,,,A*4C<
2025-09-07 17:35:16.868 DEBUG [BluetoothWorker] BT: line:>$LK8EX1,101068,21,-74,37,4*2C<
2025-09-07 17:35:16.869 DEBUG [BluetoothWorker] BT: line:>$GNGGA,173513,4912.6853,N,12305.3970,W,1,8,1.0,30.4,M,0.0,M,,*7C<
2025-09-07 17:35:16.870 DEBUG [BluetoothWorker] BT: line:>$GNRMC,173513,A,4912.6853,N,12305.3970,W,0.14,0.0,070925,,,A*4C<
2025-09-07 17:35:16.870 DEBUG [BluetoothWorker] BT: line:>$LK8EX1,101057,21,58,37,2*05<
2025-09-07 17:35:16.871 DEBUG [BluetoothWorker] BT: line:>$GNGGA,173513,4912.6853,N,12305.3970,W,1,8,1.0,30.3,M,0.0,M,,*7B<
2025-09-07 17:35:16.872 DEBUG [BluetoothWorker] BT: line:>$GNRMC,173513,A,4912.6853,N,12305.3970,W,0.14,0.0,070925,,,A*4C<
2025-09-07 17:35:16.873 DEBUG [BluetoothWorker] BT: line:>$LK8EX1,101053,22,70,37,2*08<
2025-09-07 17:35:17.123 DEBUG [SensorParser] GPGGA: no date from RMC line, bailing out
2025-09-07 17:35:17.359 DEBUG [BluetoothWorker] BT: line:>$GNGGA,173513,4912.6853,N,12305.3970,W,1,8,1.0,30.2,M,0.0,M,,*7A<
2025-09-07 17:35:17.360 DEBUG [BluetoothWorker] BT: line:>$GNRMC,173513,A,4912.6853,N,12305.3970,W,0.14,0.0,070925,,,A*4C<
2025-09-07 17:35:17.361 DEBUG [BluetoothWorker] BT: line:>$LK8EX1,101060,22,-25,37,1*26<
2025-09-07 17:35:17.362 DEBUG [BluetoothWorker] BT: line:>$GNGGA,173513,4912.6853,N,12305.3970,W,1,8,1.0,30.1,M,0.0,M,,*79<
2025-09-07 17:35:17.362 DEBUG [BluetoothWorker] BT: line:>$GNRMC,173513,A,4912.6853,N,12305.3970,W,0.14,0.0,070925,,,A*4C<
2025-09-07 17:35:17.363 DEBUG [BluetoothWorker] BT: line:>$LK8EX1,101067,22,-102,37,1*15<
2025-09-07 17:35:17.363 DEBUG [BluetoothWorker] BT: line:>$GNGGA,173513,4912.6853,N,12305.3970,W,1,8,1.0,30.0,M,0.0,M,,*78<
2025-09-07 17:35:17.364 DEBUG [BluetoothWorker] BT: line:>$GNRMC,173513,A,4912.6853,N,12305.3970,W,0.14,0.0,070925,,,A*4C<
2025-09-07 17:35:17.364 DEBUG [BluetoothWorker] BT: line:>$LK8EX1,101054,22,67,37,1*0A<
2025-09-07 17:35:17.365 DEBUG [BluetoothWorker] BT: line:>$GNGGA,173513,4912.6853,N,12305.3970,W,1,8,1.0,30.0,M,0.0,M,,*78<
2025-09-07 17:35:17.366 DEBUG [BluetoothWorker] BT: line:>$GNRMC,173513,A,4912.6853,N,12305.3970,W,0.14,0.0,070925,,,A*4C<
2025-09-07 17:35:17.366 DEBUG [BluetoothWorker] BT: line:>$LK8EX1,101054,22,13,36,0*09<
2025-09-07 17:35:17.854 DEBUG [BluetoothWorker] BT: line:>$GNGGA,173513,4912.6851,N,12305.3970,W,1,8,1.0,29.8,M,0.0,M,,*7A<
2025-09-07 17:35:17.855 DEBUG [BluetoothWorker] BT: line:>$GNRMC,173513,A,4912.6851,N,12305.3970,W,0.14,0.0,070925,,,A*4E<
2025-09-07 17:35:17.856 DEBUG [BluetoothWorker] BT: line:>$LK8EX1,101066,22,-20,36,1*24<
2025-09-07 17:35:17.857 DEBUG [BluetoothWorker] BT: line:>$GNGGA,173513,4912.6851,N,12305.3970,W,1,8,1.0,29.4,M,0.0,M,,*76<
2025-09-07 17:35:17.857 DEBUG [BluetoothWorker] BT: line:>$GNRMC,173513,A,4912.6851,N,12305.3970,W,0.14,0.0,070925,,,A*4E<
2025-09-07 17:35:17.858 DEBUG [BluetoothWorker] BT: line:>$LK8EX1,101062,22,-17,36,4*21<
2025-09-07 17:35:17.859 DEBUG [BluetoothWorker] BT: line:>$GNGGA,173513,4912.6851,N,12305.3970,W,1,8,1.0,29.3,M,0.0,M,,*71<
2025-09-07 17:35:17.859 DEBUG [BluetoothWorker] BT: line:>$GNRMC,173513,A,4912.6851,N,12305.3970,W,0.14,0.0,070925,,,A*4E<
2025-09-07 17:35:17.860 DEBUG [BluetoothWorker] BT: line:>$LK8EX1,101067,21,-76,36,0*24<
2025-09-07 17:35:17.861 DEBUG [BluetoothWorker] BT: line:>$GNGGA,173513,4912.6851,N,12305.3970,W,1,8,1.0,29.2,M,0.0,M,,*70<
2025-09-07 17:35:17.861 DEBUG [BluetoothWorker] BT: line:>$GNRMC,173513,A,4912.6851,N,12305.3970,W,0.14,0.0,070925,,,A*4E<
2025-09-07 17:35:17.862 DEBUG [BluetoothWorker] BT: line:>$LK8EX1,101056,22,58,36,0*04<
2025-09-07 17:35:18.347 DEBUG [BluetoothWorker] BT: line:>$GNGGA,173513,4912.6851,N,12305.3970,W,1,8,1.0,29.1,M,0.0,M,,*73<
2025-09-07 17:35:18.348 DEBUG [BluetoothWorker] BT: line:>$GNRMC,173513,A,4912.6851,N,12305.3970,W,0.14,0.0,070925,,,A*4E<
2025-09-07 17:35:18.348 DEBUG [BluetoothWorker] BT: line:>$LK8EX1,101074,21,-174,37,2*16<
2025-09-07 17:35:18.348 DEBUG [BluetoothWorker] BT: line:>$GNGGA,173513,4912.6851,N,12305.3970,W,1,8,1.0,29.0,M,0.0,M,,*72<
2025-09-07 17:35:18.349 DEBUG [BluetoothWorker] BT: line:>$GNRMC,173513,A,4912.6851,N,12305.3970,W,0.14,0.0,070925,,,A*4E<
2025-09-07 17:35:18.349 DEBUG [BluetoothWorker] BT: line:>$LK8EX1,101063,21,5,37,0*38<
2025-09-07 17:35:18.349 DEBUG [BluetoothWorker] BT: line:>$GNGGA,173513,4912.6851,N,12305.3970,W,1,8,1.0,28.9,M,0.0,M,,*7A<
2025-09-07 17:35:18.350 DEBUG [BluetoothWorker] BT: line:>$GNRMC,173513,A,4912.6851,N,12305.3970,W,0.14,0.0,070925,,,A*4E<
2025-09-07 17:35:18.350 DEBUG [BluetoothWorker] BT: line:>$LK8EX1,101060,21,47,36,1*0D<
2025-09-07 17:35:18.350 DEBUG [BluetoothWorker] BT: line:>$GNGGA,173513,4912.6851,N,12305.3970,W,1,8,1.0,28.7,M,0.0,M,,*74<
2025-09-07 17:35:18.350 DEBUG [BluetoothWorker] BT: line:>$GNRMC,173513,A,4912.6851,N,12305.3970,W,0.14,0.0,070925,,,A*4E<
2025-09-07 17:35:18.351 DEBUG [BluetoothWorker] BT: line:>$LK8EX1,101049,22,146,36,1*35<
2025-09-07 17:35:18.351 DEBUG [BluetoothWorker] BT: line:>$GNGGA,173513,4912.6851,N,12305.3970,W,1,8,1.0,28.6,M,0.0,M,,*75<
2025-09-07 17:35:18.845 DEBUG [BluetoothWorker] BT: line:>$GNRMC,173513,A,4912.6851,N,12305.3970,W,0.14,0.0,070925,,,A*4E<
2025-09-07 17:35:18.846 DEBUG [BluetoothWorker] BT: line:>$LK8EX1,101062,22,-67,37,3*20<
2025-09-07 17:35:19.337 DEBUG [BluetoothWorker] BT: line:>$GNGGA,173513,4912.6851,N,12305.3970,W,1,8,1.0,28.4,M,0.0,M,,*77<
2025-09-07 17:35:19.338 DEBUG [BluetoothWorker] BT: line:>$GNRMC,173513,A,4912.6851,N,12305.3970,W,0.14,0.0,070925,,,A*4E<
2025-09-07 17:35:19.338 DEBUG [BluetoothWorker] BT: line:>$LK8EX1,101057,22,-3,36,0*16<
2025-09-07 17:35:19.339 DEBUG [BluetoothWorker] BT: line:>$GNGGA,173513,4912.6851,N,12305.3970,W,1,8,1.0,28.3,M,0.0,M,,*70<
2025-09-07 17:35:19.339 DEBUG [BluetoothWorker] BT: line:>$GNRMC,173513,A,4912.6851,N,12305.3970,W,0.14,0.0,070925,,,A*4E<
2025-09-07 17:35:19.339 DEBUG [BluetoothWorker] BT: line:>$LK8EX1,101051,22,63,36,0*0B<
2025-09-07 17:35:19.340 DEBUG [BluetoothWorker] BT: line:>$GNGGA,173513,4912.6851,N,12305.3970,W,1,8,1.0,28.2,M,0.0,M,,*71<
2025-09-07 17:35:19.340 DEBUG [BluetoothWorker] BT: line:>$GNRMC,173513,A,4912.6851,N,12305.3970,W,0.14,0.0,070925,,,A*4E<
2025-09-07 17:35:19.340 DEBUG [BluetoothWorker] BT: line:>$LK8EX1,101074,22,-208,37,0*1F<
2025-09-07 17:35:19.340 DEBUG [BluetoothWorker] BT: line:>$GNGGA,173513,4912.6851,N,12305.3970,W,1,8,1.0,28.1,M,0.0,M,,*72<
2025-09-07 17:35:19.341 DEBUG [BluetoothWorker] BT: line:>$GNRMC,173513,A,4912.6851,N,12305.3970,W,0.14,0.0,070925,,,A*4E<
2025-09-07 17:35:19.341 DEBUG [BluetoothWorker] BT: line:>$LK8EX1,101057,22,20,36,2*08<
2025-09-07 17:35:19.832 DEBUG [BluetoothWorker] BT: line:>$GNGGA,173513,4912.6851,N,12305.3970,W,1,8,1.0,27.9,M,0.0,M,,*75<
2025-09-07 17:35:19.832 DEBUG [BluetoothWorker] BT: line:>$GNRMC,173513,A,4912.6851,N,12305.3970,W,0.14,0.0,070925,,,A*4E<
2025-09-07 17:35:19.832 DEBUG [BluetoothWorker] BT: line:>$LK8EX1,101056,22,36,37,2*0F<
2025-09-07 17:35:19.833 DEBUG [BluetoothWorker] BT: line:>$GNGGA,173513,4912.6851,N,12305.3975,W,1,8,1.0,27.8,M,0.0,M,,*71<
2025-09-07 17:35:19.833 DEBUG [BluetoothWorker] BT: line:>$GNRMC,173513,A,4912.6851,N,12305.3975,W,0.14,0.0,070925,,,A*4B<
2025-09-07 17:35:19.833 DEBUG [BluetoothWorker] BT: line:>$LK8EX1,101053,22,69,36,2*01<
2025-09-07 17:35:20.822 DEBUG [BluetoothWorker] BT: line:>$GNGGA,173513,4912.6851,N,12305.3975,W,1,8,1.0,27.7,M,0.0,M,,*7E<
2025-09-07 17:35:20.823 DEBUG [BluetoothWorker] BT: line:>$GNRMC,173513,A,4912.6851,N,12305.3975,W,0.14,0.0,070925,,,A*4B<
2025-09-07 17:35:20.824 DEBUG [BluetoothWorker] BT: line:>$LK8EX1,101044,22,166,36,2*39<
2025-09-07 17:35:20.824 DEBUG [BluetoothWorker] BT: line:>$GNGGA,173513,4912.6849,N,12305.3975,W,1,8,1.0,27.5,M,0.0,M,,*75<
2025-09-07 17:35:20.824 DEBUG [BluetoothWorker] BT: line:>$GNRMC,173513,A,4912.6849,N,12305.3975,W,0.14,0.0,070925,,,A*42<
2025-09-07 17:35:20.825 DEBUG [BluetoothWorker] BT: line:>$LK8EX1,101035,22,262,36,1*3B<
2025-09-07 17:35:20.825 DEBUG [BluetoothWorker] BT: line:>$GNGGA,173513,4912.6849,N,12305.3975,W,1,8,1.0,27.4,M,0.0,M,,*74<
2025-09-07 17:35:21.320 DEBUG [BluetoothWorker] BT: line:>$GNRMC,173513,A,4912.6849,N,12305.3975,W,0.14,0.0,070925,,,A*42<
2025-09-07 17:35:21.322 DEBUG [BluetoothWorker] BT: line:>$LK8EX1,101064,22,-89,37,2*27<
2025-09-07 17:35:21.323 DEBUG [BluetoothWorker] BT: line:>$GNGGA,173513,4912.6849,N,12305.3975,W,1,8,1.0,27.3,M,0.0,M,,*73<
2025-09-07 17:35:21.324 DEBUG [BluetoothWorker] BT: line:>$GNRMC,173513,A,4912.6849,N,12305.3975,W,0.14,0.0,070925,,,A*42<
2025-09-07 17:35:21.324 DEBUG [BluetoothWorker] BT: line:>$LK8EX1,101060,22,-13,36,0*23<
2025-09-07 17:35:21.325 DEBUG [BluetoothWorker] BT: line:>$GNGGA,173513,4912.6849,N,12305.3975,W,1,8,1.0,27.1,M,0.0,M,,*71<
2025-09-07 17:35:21.326 DEBUG [BluetoothWorker] BT: line:>$GNRMC,173513,A,4912.6849,N,12305.3975,W,0.14,0.0,070925,,,A*42<
2025-09-07 17:35:21.814 DEBUG [BluetoothWorker] BT: line:>$LK8EX1,101040,22,193,36,4*31<
2025-09-07 17:35:21.815 DEBUG [BluetoothWorker] BT: line:>$GNGGA,173513,4912.6849,N,12305.3975,W,1,8,1.0,27.0,M,0.0,M,,*70<
2025-09-07 17:35:21.817 DEBUG [BluetoothWorker] BT: line:>$GNRMC,173513,A,4912.6849,N,12305.3975,W,0.14,0.0,070925,,,A*42<
2025-09-07 17:35:21.818 DEBUG [BluetoothWorker] BT: line:>$LK8EX1,101051,22,19,36,4*02<
2025-09-07 17:35:21.819 DEBUG [BluetoothWorker] BT: line:>$GNGGA,173513,4912.6849,N,12305.3975,W,1,8,1.0,26.8,M,0.0,M,,*79<
2025-09-07 17:35:21.820 DEBUG [BluetoothWorker] BT: line:>$GNRMC,173513,A,4912.6849,N,12305.3975,W,0.14,0.0,070925,,,A*42<
2025-09-07 17:35:22.014 INFO [org.xcontest.XCTrack.info.r:f()41] Location is obsolete, set NO SIGNAL: 5610
2025-09-07 17:35:22.052 DEBUG [Nofix worker] Nofix, writing point at 1757266518649
2025-09-07 17:35:22.311 DEBUG [BluetoothWorker] BT: line:>$LK8EX1,101051,22,3,36,4*39<
2025-09-07 17:35:22.311 DEBUG [BluetoothWorker] BT: line:>$GNGGA,173513,4912.6849,N,12305.3975,W,1,8,1.0,26.7,M,0.0,M,,*76<
2025-09-07 17:35:22.312 DEBUG [BluetoothWorker] BT: line:>$GNRMC,173513,A,4912.6849,N,12305.3975,W,0.14,0.0,070925,,,A*42<
2025-09-07 17:35:22.313 DEBUG [BluetoothWorker] BT: line:>$LK8EX1,101060,22,-65,36,2*20<
2025-09-07 17:35:22.314 DEBUG [BluetoothWorker] BT: line:>$GNGGA,173513,4912.6849,N,12305.3975,W,1,8,1.0,26.5,M,0.0,M,,*74<
2025-09-07 17:35:22.807 DEBUG [BluetoothWorker] BT: line:>$GNRMC,173513,A,4912.6849,N,12305.3975,W,0.14,0.0,070925,,,A*42<
2025-09-07 17:35:23.302 DEBUG [BluetoothWorker] BT: line:>$LK8EX1,101050,22,70,37,0*09<
2025-09-07 17:35:24.291 DEBUG [BluetoothWorker] BT: line:>$GNGGA,173513,4912.6849,N,12305.3975,W,1,8,1.0,26.4,M,0.0,M,,*75<
2025-09-07 17:35:24.292 DEBUG [BluetoothWorker] BT: line:>$GNRMC,173513,A,4912.6849,N,12305.3975,W,0.14,0.0,070925,,,A*42<
2025-09-07 17:35:24.294 DEBUG [BluetoothWorker] BT: line:>$LK8EX1,101073,22,-193,37,1*18<
2025-09-07 17:35:24.295 DEBUG [BluetoothWorker] BT: line:>$GNGGA,173513,4912.6849,N,12305.3975,W,1,8,1.0,26.3,M,0.0,M,,*72<
2025-09-07 17:35:24.296 DEBUG [BluetoothWorker] BT: line:>$GNRMC,173513,A,4912.6849,N,12305.3975,W,0.14,0.0,070925,,,A*42<
2025-09-07 17:35:24.297 DEBUG [BluetoothWorker] BT: line:>$LK8EX1,101046,22,158,36,1*35<
2025-09-07 17:35:24.298 DEBUG [BluetoothWorker] BT: line:>$GNGG$GNRMC,173513,A,4912.6849,N,12305.3975,W,0.14,0.0,070925,,,A*42<
2025-09-07 17:35:24.298 DEBUG [SensorParser] lineNMEA: invalid nmea checksum: $GNGG$GNRMC,173513,A,4912.6849,N,12305.3975,W,0.14,0.0,070925,,,A*42
2025-09-07 17:35:24.299 DEBUG [BluetoothWorker] BT: line:>$LK8EX1,101054,22,73,36,2*0D<
2025-09-07 17:35:24.299 DEBUG [BluetoothWorker] BT: line:>$GNGGA,173513,4912.6849,N,12305.3975,W,1,8,1.0,26.1,M,0.0,M,,*70<
2025-09-07 17:35:24.300 DEBUG [BluetoothWorker] BT: line:>$GNRMC,173513,A,4912.6849,N,12305.3975,W,0.14,0.0,070925,,,A*42<
2025-09-07 17:35:24.301 DEBUG [BluetoothWorker] BT: line:>$LK8EX1,101060,22,-28,37,0*2A<
2025-09-07 17:35:24.301 DEBUG [BluetoothWorker] BT: line:>$GNGGA,173513,4912.6849,N,12305.3975,W,1,8,1.0,26.0,M,0.0,M,,*71<
2025-09-07 17:35:24.784 DEBUG [BluetoothWorker] BT: line:>$GNRMC,173513,A,4912.6849,N,12305.3975,W,0.14,0.0,070925,,,A*42<
2025-09-07 17:35:24.785 DEBUG [BluetoothWorker] BT: line:>$LK8EX1,101054,22,56,36,1*09<
2025-09-07 17:35:24.786 DEBUG [BluetoothWorker] BT: line:>$GNGGA,173513,4912.6849,N,12305.3975,W,1,8,1.0,26.0,M,0.0,M,,*71<
2025-09-07 17:35:24.787 DEBUG [BluetoothWorker] BT: line:>$GNRMC,173513,A,4912.6849,N,12305.3975,W,0.14,0.0,070925,,,A*42<
2025-09-07 17:35:24.788 DEBUG [BluetoothWorker] BT: line:>$LK8EX1,101057,22,8,36,0*30<
2025-09-07 17:35:24.789 DEBUG [BluetoothWorker] BT: line:>$GNGGA,173513,4912.6849,N,12305.3975,W,1,8,1.0,26.0,M,0.0,M,,*71<
2025-09-07 17:35:25.277 DEBUG [BluetoothWorker] BT: line:>$GNRMC,173513,A,4912.6849,N,12305.3975,W,0.14,0.0,070925,,,A*42<
2025-09-07 17:35:25.277 DEBUG [BluetoothWorker] BT: line:>$LK8EX1,101056,22,26,36,4*09<
2025-09-07 17:35:25.278 DEBUG [BluetoothWorker] BT: line:>$GNGGA,173513,4912.6849,N,12305.3975,W,1,8,1.0,25.8,M,0.0,M,,*7A<
2025-09-07 17:35:25.278 DEBUG [BluetoothWorker] BT: line:>$GNRMC,173513,A,4912.6849,N,12305.3975,W,0.14,0.0,070925,,,A*42<
2025-09-07 17:35:25.278 DEBUG [BluetoothWorker] BT: line:>$LK8EX1,101052,22,64,36,0*0F<
2025-09-07 17:35:25.279 DEBUG [BluetoothWorker] BT: line:>$GNGGA,173513,4912.6849,N,12305.3975,W,1,8,1.0,25.8,M,0.0,M,,*7A<
2025-09-07 17:35:25.279 DEBUG [BluetoothWorker] BT: line:>$GNRMC,173513,A,4912.6849,N,12305.3975,W,0.14,0.0,070925,,,A*42<
2025-09-07 17:35:25.280 DEBUG [BluetoothWorker] BT: line:>$LK8EX1,101053,22,37,36,2*0A<
2025-09-07 17:35:25.280 DEBUG [BluetoothWorker] BT: line:>$GNGGA,173513,4912.6849,N,12305.3975,W,1,8,1.0,25.7,M,0.0,M,,*75<
2025-09-07 17:35:25.280 DEBUG [BluetoothWorker] BT: line:>$GNRMC,173513,A,4912.6849,N,12305.3975,W,0.14,0.0,070925,,,A*42<
2025-09-07 17:35:25.280 DEBUG [BluetoothWorker] BT: line:>$LK8EX1,101061,22,-73,36,1*25<
2025-09-07 17:35:25.281 DEBUG [BluetoothWorker] BT: line:>$GNGGA,173513,4912.6846,N,12305.3975,W,1,8,1.0,25.5,M,0.0,M,,*78<
2025-09-07 17:35:25.773 DEBUG [BluetoothWorker] BT: line:>$GNRMC,173513,A,4912.6846,N,12305.3975,W,0.14,0.0,070925,,,A*4D<
2025-09-07 17:35:25.774 DEBUG [BluetoothWorker] BT: line:>$LK8EX1,101060,22,-16,37,1*26<
2025-09-07 17:35:25.774 DEBUG [BluetoothWorker] BT: line:>$GNGGA,173513,4912.6846,N,12305.3975,W,1,8,1.0,25.5,M,0.0,M,,*78<
2025-09-07 17:35:25.775 DEBUG [BluetoothWorker] BT: line:>$GNRMC,173513,A,4912.6846,N,12305.3975,W,0.14,0.0,070925,,,A*4D<
2025-09-07 17:35:25.776 DEBUG [BluetoothWorker] BT: line:>$LK8EX1,101063,22,-52,36,1*24<
2025-09-07 17:35:25.776 DEBUG [BluetoothWorker] BT: line:>$GNGGA,173513,4912.6846,N,12305.3975,W,1,8,1.0,25.3,M,0.0,M,,*7E<
2025-09-07 17:35:25.776 DEBUG [BluetoothWorker] BT: line:>$GNRMC,173513,A,4912.6846,N,12305.3975,W,0.14,0.0,070925,,,A*4D<
2025-09-07 17:35:25.777 DEBUG [BluetoothWorker] BT: line:>$LK8EX1,101056,22,44,36,1*08<
2025-09-07 17:35:25.777 DEBUG [BluetoothWorker] BT: line:>$GNGGA,173513,4912.6846,N,12305.3975,W,1,8,1.0,25.2,M,0.0,M,,*7F<
2025-09-07 17:35:25.777 DEBUG [BluetoothWorker] BT: line:>$GNRMC,173513,A,4912.6846,N,12305.3975,W,0.14,0.0,070925,,,A*4D<
2025-09-07 17:35:25.777 DEBUG [BluetoothWorker] BT: line:>$LK8EX1,101056,22,48,36,1*04<
2025-09-07 17:35:26.271 DEBUG [BluetoothWorker] BT: line:>$GNGGA,1$GNRMC,173513,A,4912.6846,N,12305.3975,W,0.14,0.0,070925,,,A*4D<
2025-09-07 17:35:26.271 DEBUG [SensorParser] lineNMEA: invalid nmea checksum: $GNGGA,1$GNRMC,173513,A,4912.6846,N,12305.3975,W,0.14,0.0,070925,,,A*4D
2025-09-07 17:35:26.272 DEBUG [BluetoothWorker] BT: line:>$LK8EX1,101055,22,54,36,2*09<
2025-09-07 17:35:26.272 DEBUG [BluetoothWorker] BT: line:>$GNGGA,173513,4912.6846,N,12305.3975,W,1,8,1.0,25.0,M,0.0,M,,*7D<
2025-09-07 17:35:26.273 DEBUG [BluetoothWorker] BT: line:>$GNRMC,173513,A,4912.6846,N,12305.3975,W,0.14,0.0,070925,,,A*4D<
2025-09-07 17:35:26.273 DEBUG [BluetoothWorker] BT: line:>$LK8EX1,101046,22,101,36,5*3D<
2025-09-07 17:35:26.273 DEBUG [BluetoothWorker] BT: line:>$GNGGA,173513,4912.6846,N,12305.3975,W,1,8,1.0,25.0,M,0.0,M,,*7D<
2025-09-07 17:35:26.762 DEBUG [BluetoothWorker] BT: line:>$GNRMC,173513,A,4912.6846,N,12305.3975,W,0.14,0.0,070925,,,A*4D<
2025-09-07 17:35:26.763 DEBUG [BluetoothWorker] BT: line:>$LK8EX1,101054,22,34,36,0*0C<
2025-09-07 17:35:26.763 DEBUG [BluetoothWorker] BT: line:>$GNGGA,173513,4912.6846,N,12305.3975,W,1,8,1.0,25.0,M,0.0,M,,*7D<
2025-09-07 17:35:26.763 DEBUG [BluetoothWorker] BT: line:>$GNRMC,173513,A,4912.6846,N,12305.3975,W,0.14,0.0,070925,,,A*4D<
2025-09-07 17:35:26.763 DEBUG [BluetoothWorker] BT: line:>$LK8EX1,101064,22,-68,37,0*2A<
2025-09-07 17:35:26.763 DEBUG [BluetoothWorker] BT: line:>$GNGGA,173513,4912.6846,N,12305.3975,W,1,8,1.0,24.9,M,0.0,M,,*75<
2025-09-07 17:35:26.764 DEBUG [BluetoothWorker] BT: line:>$GNRMC,173513,A,4912.6846,N,12305.3975,W,0.14,0.0,070925,,,A*4D<
2025-09-07 17:35:26.765 DEBUG [BluetoothWorker] BT: line:>$LK8EX1,101055,22,47,36,2*0B<
2025-09-07 17:35:26.765 DEBUG [BluetoothWorker] BT: line:>$GNGGA,173513,4912.6846,N,12305.3975,W,1,8,1.0,24.8,M,0.0,M,,*74<
2025-09-07 17:35:26.765 DEBUG [BluetoothWorker] BT: line:>$GNRMC,173513,A,4912.6846,N,12305.3975,W,0.14,0.0,070925,,,A*4D<
2025-09-07 17:35:26.766 DEBUG [BluetoothWorker] BT: line:>$LK8EX1,101041,22,196,36,0*31<
2025-09-07 17:35:26.766 DEBUG [BluetoothWorker] BT: line:>$GNGGA,173513,4912.6846,N,12305.3975,W,1,8,1.0,24.8,M,0.0,M,,*74<
2025-09-07 17:35:26.962 INFO [TrackService] Starting service onStartCommand, intent: Intent { act=restoreService cmp=org.xcontest.XCTrack/.TrackService }, startId: 10, current task: org.xcontest.XCTrack.navig.TaskTriangleClosing
2025-09-07 17:35:26.962 INFO [TrackService] (Re)starting GPS.
2025-09-07 17:35:26.963 INFO [internalGps] Stopping
2025-09-07 17:35:26.966 INFO [internalGps] Starting
2025-09-07 17:35:27.052 DEBUG [Nofix worker] Nofix, writing point at 1757266523649
2025-09-07 17:35:27.122 DEBUG [SensorParser] GPGGA: gps fix is not available: $GNGGA,173527.599,4912.6850,N,12305.3980,W,0,0,,16.8,M,-16.8,M,,*50

2025-09-07 17:35:27.257 DEBUG [BluetoothWorker] BT: line:>$GNRMC,173513,A,4912.6846,N,12305.3975,W,0.14,0.0,070925,,,A*4D<
2025-09-07 17:35:27.257 DEBUG [BluetoothWorker] BT: line:>$LK8EX1,101049,22,101,36,2*35<
2025-09-07 17:35:27.258 DEBUG [BluetoothWorker] BT: line:>$GNGGA,173513,4912.6846,N,12305.3975,W,1,8,1.0,24.7,M,0.0,M,,*7B<
2025-09-07 17:35:27.258 DEBUG [BluetoothWorker] BT: line:>$GNRMC,173513,A,4912.6846,N,12305.3975,W,0.14,0.0,070925,,,A*4D<
2025-09-07 17:35:27.258 DEBUG [BluetoothWorker] BT: line:>$LK8EX1,101063,22,-68,36,2*2E<
2025-09-07 17:35:27.258 DEBUG [BluetoothWorker] BT: line:>$GNGGA,173513,4912.6846,N,12305.3975,W,1,8,1.0,24.8,M,0.0,M,,*74<
2025-09-07 17:35:27.258 DEBUG [BluetoothWorker] BT: line:>$GNRMC,173513,A,4912.6846,N,12305.3975,W,0.14,0.0,070925,,,A*4D<
2025-09-07 17:35:27.259 DEBUG [BluetoothWorker] BT: line:>$LK8EX1,101058,22,11,37,2*04<
2025-09-07 17:35:27.261 DEBUG [BluetoothWorker] BT: line:>$GNGGA,173513,4912.6844,N,12305.3975,W,1,8,1.0,24.8,M,0.0,M,,*76<
2025-09-07 17:35:27.261 DEBUG [BluetoothWorker] BT: line:>$GNRMC,173513,A,4912.6844,N,12305.3975,W,0.14,0.0,070925,,,A*4F<
2025-09-07 17:35:27.262 DEBUG [BluetoothWorker] BT: line:>$LK8EX1,101057,22,29,36,1*02<
2025-09-07 17:35:27.262 DEBUG [BluetoothWorker] BT: line:>$GNGGA,173513,4912.6844,N,12305.3975,W,1,8,1.0,24.8,M,0.0,M,,*76<
2025-09-07 17:35:27.262 DEBUG [BluetoothWorker] BT: line:>$GNRMC,173513,A,4912.6844,N,12305.3975,W,0.14,0.0,070925,,,A*4F<
2025-09-07 17:35:27.263 DEBUG [BluetoothWorker] BT: line:>$LK8EX1,101048,22,146,36,1*34<
2025-09-07 17:35:27.624 DEBUG [SensorParser] GPGGA: gps fix is not available: $GNGGA,173528.099,4912.6852,N,12305.3980,W,0,0,,16.8,M,-16.8,M,,*58

2025-09-07 17:35:27.753 DEBUG [BluetoothWorker] BT: line:>$GNGGA,173513,4912.6844,N,12305.3975,W,1,8,1.0,24.7,M,0.0,M,,*79<
2025-09-07 17:35:27.754 DEBUG [BluetoothWorker] BT: line:>$GNRMC,173513,A,4912.6844,N,12305.3975,W,0.14,0.0,070925,,,A*4F<
2025-09-07 17:35:27.755 DEBUG [BluetoothWorker] BT: line:>$LK8EX1,101051,22,105,36,2*38<
2025-09-07 17:35:27.756 DEBUG [BluetoothWorker] BT: line:>$GNGGA,173513,4912.6844,N,12305.3975,W,1,8,1.0,24.8,M,0.0,M,,*76<
2025-09-07 17:35:27.756 DEBUG [BluetoothWorker] BT: line:>$GNRMC,173513,A,4912.6844,N,12305.3975,W,0.14,0.0,070925,,,A*4F<
2025-09-07 17:35:27.757 DEBUG [BluetoothWorker] BT: line:>$LK8EX1,101046,22,100,36,0*39<
2025-09-07 17:35:27.758 DEBUG [BluetoothWorker] BT: line:>$GNGGA,173513,4912.6844,N,12305.3975,W,1,8,1.0,24.8,M,0.0,M,,*76<
2025-09-07 17:35:27.758 DEBUG [BluetoothWorker] BT: line:>$GNRMC,173513,A,4912.6844,N,12305.3975,W,0.14,0.0,070925,,,A*4F<
2025-09-07 17:35:27.759 DEBUG [BluetoothWorker] BT: line:>$LK8EX1,101061,22,-51,36,6*22<
2025-09-07 17:35:27.759 DEBUG [BluetoothWorker] BT: line:>$GNGGA,173513,4912.6844,N,12305.3975,W,1,8,1.0,24.8,M,0.0,M,,*76<
2025-09-07 17:35:27.760 DEBUG [BluetoothWorker] BT: line:>$GNRMC,173513,A,4912.6844,N,12305.3975,W,0.14,0.0,070925,,,A*4F<
2025-09-07 17:35:27.760 DEBUG [BluetoothWorker] BT: line:>$LK8EX1,101067,22,-131,36,4*11<
2025-09-07 17:35:28.123 DEBUG [SensorParser] GPGGA: gps fix is not available: $GNGGA,173528.599,4912.6854,N,12305.3980,W,0,0,,16.8,M,-16.8,M,,*5B

2025-09-07 17:35:28.247 DEBUG [BluetoothWorker] BT: line:>$GNGGA,173513,4912.6844,N,12305.3975,W,1,8,1.0,24.7,M,0.0,M,,*79<
2025-09-07 17:35:28.248 DEBUG [BluetoothWorker] BT: line:>$GNRMC,173513,A,4912.6844,N,12305.3975,W,0.14,0.0,070925,,,A*4F<
2025-09-07 17:35:28.248 DEBUG [BluetoothWorker] BT: line:>$LK8EX1,101063,22,-48,36,3*2D<
2025-09-07 17:35:28.249 DEBUG [BluetoothWorker] BT: line:>$GNGGA,173513,4912.6844,N,12305.3975,W,1,8,1.0,24.8,M,0.0,M,,*76<
2025-09-07 17:35:28.249 DEBUG [BluetoothWorker] BT: line:>$GNRMC,173513,A,4912.6844,N,12305.3975,W,0.14,0.0,070925,,,A*4F<
2025-09-07 17:35:28.249 DEBUG [BluetoothWorker] BT: line:>$LK8EX1,101068,22,-115,36,2*1E<
2025-09-07 17:35:28.250 DEBUG [BluetoothWorker] BT: line:>$GNGGA,173513,4912.6844,N,12305.3975,W,1,8,1.0,24.8,M,0.0,M,,*76<
2025-09-07 17:35:28.250 DEBUG [BluetoothWorker] BT: line:>$GNRMC,173513,A,4912.6844,N,12305.3975,W,0.14,0.0,070925,,,A*4F<
2025-09-07 17:35:28.250 DEBUG [BluetoothWorker] BT: line:>$LK8EX1,101054,22,72,36,1*0F<
2025-09-07 17:35:28.250 DEBUG [BluetoothWorker] BT: line:>$GNGGA,173513,4912.6844,N,12305.3975,W,1,8,1.0,24.8,M,0.0,M,,*76<
2025-09-07 17:35:28.250 DEBUG [BluetoothWorker] BT: line:>$GNRMC,173513,A,4912.6844,N,12305.3975,W,0.14,0.0,070925,,,A*4F<
2025-09-07 17:35:28.251 DEBUG [BluetoothWorker] BT: line:>$LK8EX1,101069,22,-110,36,1*19<
2025-09-07 17:35:28.623 DEBUG [SensorParser] GPGGA: gps fix is not available: $GNGGA,173529.099,4912.6855,N,12305.3980,W,0,0,,16.8,M,-16.8,M,,*5E

2025-09-07 17:35:28.741 DEBUG [BluetoothWorker] BT: line:>$GNGGA,173513,4912.6844,N,12305.3975,W,1,8,1.0,24.9,M,0.0,M,,*77<
2025-09-07 17:35:28.743 DEBUG [BluetoothWorker] BT: line:>$GNRMC,173513,A,4912.6844,N,12305.3975,W,0.14,0.0,070925,,,A*4F<
2025-09-07 17:35:28.744 DEBUG [BluetoothWorker] BT: line:>$LK8EX1,101055,22,38,36,0*01<
2025-09-07 17:35:28.744 DEBUG [BluetoothWorker] BT: line:>$GNGGA,173513,4912.6844,N,12305.3975,W,1,8,1.0,24.9,M,0.0,M,,*77<
2025-09-07 17:35:28.745 DEBUG [BluetoothWorker] BT: line:>$GNRMC,173513,A,4912.6844,N,12305.3975,W,0.14,0.0,070925,,,A*4F<
2025-09-07 17:35:28.745 DEBUG [BluetoothWorker] BT: line:>$LK8EX1,101065,22,-85,36,6*2F<
2025-09-07 17:35:28.745 DEBUG [BluetoothWorker] BT: line:>$GNGGA,173513,4912.6844,N,12305.3975,W,1,8,1.0,25.1,M,0.0,M,,*7E<
2025-09-07 17:35:28.746 DEBUG [BluetoothWorker] BT: line:>$GNRMC,173513,A,4912.6844,N,12305.3975,W,0.14,0.0,070925,,,A*4F<
2025-09-07 17:35:28.746 DEBUG [BluetoothWorker] BT: line:>$LK8EX1,101065,22,-49,36,0*29<
2025-09-07 17:35:28.746 DEBUG [BluetoothWorker] BT: line:>$GNGGA,173513,4912.6844,N,12305.3975,W,1,8,1.0,25.0,M,0.0,M,,*7F<
2025-09-07 17:35:28.747 DEBUG [BluetoothWorker] BT: line:>$GNRMC,173513,A,4912.6844,N,12305.3975,W,0.14,0.0,070925,,,A*4F<
2025-09-07 17:35:28.747 DEBUG [BluetoothWorker] BT: line:>$LK8EX1,101055,22,68,36,6*02<
2025-09-07 17:35:28.747 DEBUG [BluetoothWorker] BT: line:>$GNGGA,173513,4912.6844,N,12305.3975,W,1,8,1.0,25.1,M,0.0,M,,*7E<
2025-09-07 17:35:29.237 DEBUG [BluetoothWorker] BT: line:>$GNRMC,173513,A,4912.6844,N,12305.3975,W,0.14,0.0,070925,,,A*4F<
2025-09-07 17:35:29.238 DEBUG [BluetoothWorker] BT: line:>$LK8EX1,101125,20,-715,36,1*11<
2025-09-07 17:35:29.238 DEBUG [BluetoothWorker] BT: line:>$GNGGA,173513,4912.6844,N,12305.3975,W,1,8,1.0,25.2,M,0.0,M,,*7D<
2025-09-07 17:35:29.238 DEBUG [BluetoothWorker] BT: line:>$GNRMC,173513,A,4912.6844,N,12305.3975,W,0.14,0.0,070925,,,A*4F<
2025-09-07 17:35:29.238 DEBUG [BluetoothWorker] BT: line:>$LK8EX1,101233,18,-1763,36,1*2E<
2025-09-07 17:35:29.238 DEBUG [BluetoothWorker] BT: line:>$GNGGA,173513,4912.6844,N,12305.3975,W,1,8,1.0,25.2,M,0.0,M,,*7D<
2025-09-07 17:35:30.230 DEBUG [BluetoothWorker] BT: line:>$GNRMC,173513,A,4912.6844,N,12305.3975,W,0.14,0.0,070925,,,A*4F<
2025-09-07 17:35:30.232 DEBUG [BluetoothWorker] BT: line:>$LK8EX1,101275,14,-1727,36,2*23<
2025-09-07 17:35:30.722 DEBUG [BluetoothWorker] BT: line:>$GNGGA,173513,4912.6844,N,12305.3975,W,1,8,1.0,25.3,M,0.0,M,,*7C<
2025-09-07 17:35:30.723 DEBUG [BluetoothWorker] BT: line:>$GNRMC,173513,A,4912.6844,N,12305.3975,W,0.14,0.0,070925,,,A*4F<
2025-09-07 17:35:30.724 DEBUG [BluetoothWorker] BT: line:>$LK8EX1,101339,9,-1201,36,0*15<
2025-09-07 17:35:30.726 DEBUG [BluetoothWorker] BT: line:>$GNGGA,173513,4912.6844,N,12305.3975,W,1,8,1.0,25.3,M,0.0,M,,*7C<
2025-09-07 17:35:30.728 DEBUG [BluetoothWorker] BT: line:>$GNRMC,173513,A,4912.6844,N,12305.3975,W,0.14,0.0,070925,,,A*4F<
2025-09-07 17:35:30.728 DEBUG [BluetoothWorker] BT: line:>$LK8EX1,101296,8,-920,36,6*2F<
2025-09-07 17:35:30.729 DEBUG [BluetoothWorker] BT: line:>$GNGGA,173513,4912.6844,N,12305.3975,W,1,8,1.0,25.5,M,0.0,M,,*7A<
2025-09-07 17:35:30.729 DEBUG [BluetoothWorker] BT: line:>$GNRMC,173513,A,4912.6844,N,12305.3975,W,0.14,0.0,070925,,,A*4F<
2025-09-07 17:35:30.730 DEBUG [BluetoothWorker] BT: line:>$LK8EX1,101344,5,-1213,36,3*13<
2025-09-07 17:35:31.217 DEBUG [BluetoothWorker] BT: line:>$GNGGA,173513,4912.6844,N,12305.3975,W,1,8,1.0,25.6,M,0.0,M,,*79<
2025-09-07 17:35:31.218 DEBUG [BluetoothWorker] BT: line:>$GNRMC,173513,A,4912.6844,N,12305.3975,W,0.14,0.0,070925,,,A*4F<
2025-09-07 17:35:31.219 DEBUG [BluetoothWorker] BT: line:>$LK8EX1,101351,3,-992,36,3*22<
2025-09-07 17:35:31.221 DEBUG [BluetoothWorker] BT: line:>$GNGGA,173513,4912.6844,N,12305.3975,W,1,8,1.0,25.7,M,0.0,M,,*78<
2025-09-07 17:35:31.713 DEBUG [BluetoothWorker] BT: line:>$GNRMC,173513,A,4912.6844,N,12305.3975,W,0.14,0.0,070925,,,A*4F<
2025-09-07 17:35:31.715 DEBUG [BluetoothWorker] BT: line:>$LK8EX1,101349,2,-719,36,2*26<
2025-09-07 17:35:31.716 DEBUG [BluetoothWorker] BT: line:>$GNGGA,173513,4912.6844,N,12305.3975,W,1,8,1.0,25.8,M,0.0,M,,*77<
2025-09-07 17:35:31.716 DEBUG [BluetoothWorker] BT: line:>$GNRMC,173513,A,4912.6844,N,12305.3975,W,0.14,0.0,070925,,,A*4F<
2025-09-07 17:35:31.717 DEBUG [BluetoothWorker] BT: line:>$LK8EX1,101338,1,-399,36,2*2F<
2025-09-07 17:35:31.717 DEBUG [BluetoothWorker] BT: line:>$GNGGA,173513,4912.6844,N,12305.3975,W,1,8,1.0,26.0,M,0.0,M,,*7C<
2025-09-07 17:35:31.718 DEBUG [BluetoothWorker] BT: line:>$GNRMC,173513,A,4912.6844,N,12305.3975,W,0.14,0.0,070925,,,A*4F<
2025-09-07 17:35:31.718 DEBUG [BluetoothWorker] BT: line:>$LK8EX1,101344,0,-355,36,1*26<
2025-09-07 17:35:32.052 DEBUG [Nofix worker] Nofix, writing point at 1757266528649
2025-09-07 17:35:32.053 INFO [MainActivity] Preferences changed (Sensors.ManualQnh), reloading.
2025-09-07 17:35:32.208 DEBUG [BluetoothWorker] BT: line:>$GNGGA,173513,4912.6844,N,12305.3975,W,1,8,1.0,26.1,M,0.0,M,,*7D<
2025-09-07 17:35:32.209 DEBUG [BluetoothWorker] BT: line:>$GNRMC,173513,A,4912.6844,N,12305.3975,W,0.14,0.0,070925,,,A*4F<
2025-09-07 17:35:32.210 DEBUG [BluetoothWorker] BT: line:>$LK8EX1,101348,0,-319,37,1*23<
2025-09-07 17:35:32.211 DEBUG [BluetoothWorker] BT: line:>$GNGGA,173513,4912.6844,N,12305.3975,W,1,8,1.0,26.3,M,0.0,M,,*7F<
2025-09-07 17:35:32.211 DEBUG [BluetoothWorker] BT: line:>$GNRMC,173513,A,4912.6844,N,12305.3975,W,0.14,0.0,070925,,,A*4F<
2025-09-07 17:35:32.211 DEBUG [BluetoothWorker] BT: line:>$LK8EX1,101343,0,-107,36,4*21<
2025-09-07 17:35:32.212 DEBUG [BluetoothWorker] BT: line:>$GNGGA,173513,4912.6844,N,12305.3975,W,1,8,1.0,26.4,M,0.0,M,,*78<
2025-09-07 17:35:32.212 DEBUG [BluetoothWorker] BT: line:>$GNRMC,173513,A,4912.6844,N,12305.3975,W,0.14,0.0,070925,,,A*4F<
2025-09-07 17:35:32.212 DEBUG [BluetoothWorker] BT: line:>$LK8EX1,101334,0,-21,36,0*10<
2025-09-07 17:35:32.212 DEBUG [BluetoothWorker] BT: line:>$GNGGA,173513,4912.6844,N,12305.3975,W,1,8,1.0,26.5,M,0.0,M,,*79<
2025-09-07 17:35:32.213 DEBUG [BluetoothWorker] BT: line:>$GNRMC,173513,A,4912.6844,N,12305.3975,W,0.14,0.0,070925,,,A*4F<
2025-09-07 17:35:32.213 DEBUG [BluetoothWorker] BT: line:>$LK8EX1,101336,0,-29,36,4*1E<
2025-09-07 17:35:32.703 DEBUG [BluetoothWorker] BT: line:>$GNGGA,173513,4912.6844,N,12305.3975,W,1,8,1.0,26.6,M,0.0,M,,*7A<
2025-09-07 17:35:32.703 DEBUG [BluetoothWorker] BT: line:>$GNRMC,173513,A,4912.6844,N,12305.3975,W,0.14,0.0,070925,,,A*4F<
2025-09-07 17:35:32.704 DEBUG [BluetoothWorker] BT: line:>$LK8EX1,101344,0,-102,36,1*26<
2025-09-07 17:35:32.705 DEBUG [BluetoothWorker] BT: line:>$GNGGA,173513,4912.6844,N,12305.3975,W,1,8,1.0,26.8,M,0.0,M,,*74<
2025-09-07 17:35:32.705 DEBUG [BluetoothWorker] BT: line:>$GNRMC,173513,A,4912.6844,N,12305.3975,W,0.14,0.0,070925,,,A*4F<
2025-09-07 17:35:32.706 DEBUG [BluetoothWorker] BT: line:>$LK8EX1,101337,-1,6,36,1*26<
2025-09-07 17:35:32.706 DEBUG [BluetoothWorker] BT: line:>$GNGGA,173513,4912.6844,N,12305.3975,W,1,8,1.0,26.9,M,0.0,M,,*75<
2025-09-07 17:35:32.706 DEBUG [BluetoothWorker] BT: line:>$GNRMC,173513,A,4912.6844,N,12305.3975,W,0.14,0.0,070925,,,A*4F<
2025-09-07 17:35:32.707 DEBUG [BluetoothWorker] BT: line:>$LK8EX1,101348,-1,-143,36,1*03<
2025-09-07 17:35:33.198 DEBUG [BluetoothWorker] BT: line:>$GNGGA,173513,4912.6844,N,12305.3975,W,1,8,1.0,27.0,M,0.0,M,,*7D<
2025-09-07 17:35:33.200 DEBUG [BluetoothWorker] BT: line:>$GNRMC,173513,A,4912.6844,N,12305.3975,W,0.14,0.0,070925,,,A*4F<
2025-09-07 17:35:33.200 DEBUG [BluetoothWorker] BT: line:>$LK8EX1,101324,0,140,36,2*08<
2025-09-07 17:35:33.201 DEBUG [BluetoothWorker] BT: line:>$GNGGA,173513,4912.6844,N,12305.3975,W,1,8,1.0,27.0,M,0.0,M,,*7D<
2025-09-07 17:35:33.202 DEBUG [BluetoothWorker] BT: line:>$GNRMC,173513,A,4912.6844,N,12305.3975,W,0.14,0.0,070925,,,A*4F<
2025-09-07 17:35:33.202 DEBUG [BluetoothWorker] BT: line:>$LK8EX1,101348,-1,-125,36,2*00<
2025-09-07 17:35:33.202 DEBUG [BluetoothWorker] BT: line:>$GNGGA,173513,4912.6846,N,12305.3970,W,1,8,1.0,27.2,M,0.0,M,,*78<
2025-09-07 17:35:33.693 DEBUG [BluetoothWorker] BT: line:>$GNRMC,173513,A,4912.6846,N,12305.3970,W,0.14,0.0,070925,,,A*48<
2025-09-07 17:35:33.694 DEBUG [BluetoothWorker] BT: line:>$LK8EX1,101339,-1,-6,36,0*04<
2025-09-07 17:35:33.694 DEBUG [BluetoothWorker] BT: line:>$GNGGA,173513,4912.6846,N,12305.3970,W,1,8,1.0,27.3,M,0.0,M,,*79<
2025-09-07 17:35:33.694 DEBUG [BluetoothWorker] BT: line:>$GNRMC,173513,A,4912.6846,N,12305.3970,W,0.14,0.0,070925,,,A*48<
2025-09-07 17:35:33.695 DEBUG [BluetoothWorker] BT: line:>$LK8EX1,101320,0,200,36,0*09<
2025-09-07 17:35:33.695 DEBUG [BluetoothWorker] BT: line:>$GNGGA,173513,4912.6846,N,12305.3970,W,1,8,1.0,27.5,M,0.0,M,,*7F<
2025-09-07 17:35:33.695 DEBUG [BluetoothWorker] BT: line:>$GNRMC,173513,A,4912.6846,N,12305.3970,W,0.14,0.0,070925,,,A*48<
2025-09-07 17:35:33.695 DEBUG [BluetoothWorker] BT: line:>$LK8EX1,101346,0,-140,36,0*23<
2025-09-07 17:35:33.695 DEBUG [BluetoothWorker] BT: line:>$GNGGA,173513,4912.6846,N,12305.3970,W,1,8,1.0,27.6,M,0.0,M,,*7C<
2025-09-07 17:35:33.695 DEBUG [BluetoothWorker] BT: line:>$GNRMC,173513,A,4912.6846,N,12305.3970,W,0.14,0.0,070925,,,A*48<
2025-09-07 17:35:33.695 DEBUG [BluetoothWorker] BT: line:>$LK8EX1,101338,0,-41,36,3*19<
2025-09-07 17:35:33.696 DEBUG [BluetoothWorker] BT: line:>$GNGGA,173513,4912.6846,N,12305.3970,W,1,8,1.0,27.8,M,0.0,M,,*72<
2025-09-07 17:35:34.190 DEBUG [BluetoothWorker] BT: line:>$GNRMC,173513,A,4912.6846,N,12305.3970,W,0.14,0.0,070925,,,A*48<
2025-09-07 17:35:34.191 DEBUG [BluetoothWorker] BT: line:>$LK8EX1,101347,-1,-128,36,2*02<
2025-09-07 17:35:34.192 DEBUG [BluetoothWorker] BT: line:>$GNGGA,173513,4912.6846,N,12305.3970,W,1,8,1.0,27.9,M,0.0,M,,*73<
2025-09-07 17:35:34.193 DEBUG [BluetoothWorker] BT: line:>$GNRMC,173513,A,4912.6846,N,12305.3970,W,0.14,0.0,070925,,,A*48<
2025-09-07 17:35:34.193 DEBUG [BluetoothWorker] BT: line:>$LK8EX1,101332,0,59,36,1*35<
2025-09-07 17:35:34.193 DEBUG [BluetoothWorker] BT: line:>$GNGGA,173513,4912.6846,N,12305.3970,W,1,8,1.0,28.0,M,0.0,M,,*75<
2025-09-07 17:35:34.193 DEBUG [BluetoothWorker] BT: line:>$GNRMC,173513,A,4912.6846,N,12305.3970,W,0.14,0.0,070925,,,A*48<
2025-09-07 17:35:34.194 DEBUG [BluetoothWorker] BT: line:>$LK8EX1,101328,0,106,36,2*06<
2025-09-07 17:35:34.194 DEBUG [BluetoothWorker] BT: line:>$GNGGA,173513,4912.6846,N,12305.3970,W,1,8,1.0,28.2,M,0.0,M,,*77<
2025-09-07 17:35:34.194 DEBUG [BluetoothWorker] BT: line:>$GNRMC,173513,A,4912.6846,N,12305.3970,W,0.14,0.0,070925,,,A*48<
2025-09-07 17:35:34.684 DEBUG [BluetoothWorker] BT: line:>$LK8EX1,101343,-1,-70,36,1*39<
2025-09-07 17:35:34.685 DEBUG [BluetoothWorker] BT: line:>$GNGGA,173513,4912.6846,N,12305.3970,W,1,8,1.0,28.5,M,0.0,M,,*70<
2025-09-07 17:35:34.686 DEBUG [BluetoothWorker] BT: line:>$GNRMC,173513,A,4912.6846,N,12305.3970,W,0.14,0.0,070925,,,A*48<
2025-09-07 17:35:34.686 DEBUG [BluetoothWorker] BT: line:>$LK8EX1,101333,-1,58,36,1*19<
2025-09-07 17:35:34.687 DEBUG [BluetoothWorker] BT: line:>$LK8EX1,999999,0,14,36,0.0*21<
2025-09-07 17:35:34.687 DEBUG [BluetoothWorker] BT: line:>$LK8EX1,999999,0,187,36,0.3*19<
2025-09-07 17:35:34.687 DEBUG [BluetoothWorker] BT: line:>$LK8EX1,999999,-1,-190,36,0.0*1D<
2025-09-07 17:35:34.688 DEBUG [BluetoothWorker] BT: line:>$LK8EX1,999999,-1,46,36,0.3*09<
2025-09-07 17:35:34.688 DEBUG [BluetoothWorker] BT: line:>$LK8EX1,999999,0,56,36,0.0*27<
2025-09-07 17:35:35.179 DEBUG [BluetoothWorker] BT: line:>$LK8EX1,999999,-1,-171,36,0.1*13<
2025-09-07 17:35:35.180 DEBUG [BluetoothWorker] BT: line:>$LK8EX1,999999,-1,-155,36,0.1*15<
2025-09-07 17:35:35.673 DEBUG [BluetoothWorker] BT: line:>$LK8EX1,999999,-1,49,36,0.1*04<
2025-09-07 17:35:35.674 DEBUG [BluetoothWorker] BT: line:>$LK8EX1,999999,0,35,36,0.0*22<
2025-09-07 17:35:35.675 DEBUG [BluetoothWorker] BT: line:>$LK8EX1,999999,0,169,36,0.0*1A<
2025-09-07 17:35:36.168 DEBUG [BluetoothWorker] BT: line:>$LK8EX1,999999,0,-3,36,0.1*3B<
2025-09-07 17:35:36.170 DEBUG [BluetoothWorker] BT: line:>$LK8EX1,999999,0,48,36,0.1*29<
2025-09-07 17:35:36.662 DEBUG [BluetoothWorker] BT: line:>$LK8EX1,999999,0,-13,36,0.1*0A<
2025-09-07 17:35:36.663 DEBUG [BluetoothWorker] BT: line:>$LK8EX1,999999,-1,-343,36,0.1*10<
2025-09-07 17:35:36.663 DEBUG [BluetoothWorker] BT: line:>$LK8EX1,999999,-1,217,36,0.1*3D<
2025-09-07 17:35:37.052 DEBUG [Nofix worker] Nofix, writing point at 1757266533649
2025-09-07 17:35:37.053 INFO [MainActivity] Preferences changed (Sensors.ManualQnh), reloading.
2025-09-07 17:35:37.156 DEBUG [BluetoothWorker] BT: line:>$LK8EX1,999999,-1,40,36,0.0*0C<
2025-09-07 17:35:37.157 DEBUG [BluetoothWorker] BT: line:>$LK8EX1,999999,-1,-139,36,0.0*1E<
2025-09-07 17:35:37.652 DEBUG [BluetoothWorker] BT: line:>$LK8EX1,999999,-1,96,36,0.0*07<
2025-09-07 17:35:37.653 DEBUG [BluetoothWorker] BT: line:>$LK8EX1,999999,-1,79,36,0.0*06<
2025-09-07 17:35:38.146 DEBUG [BluetoothWorker] BT: line:>$LK8EX1,999999,-1,101,36,0.2*3A<
2025-09-07 17:35:38.147 DEBUG [BluetoothWorker] BT: line:>$LK8EX1,999999,0,-10,36,0.2*0A<
2025-09-07 17:35:38.148 DEBUG [BluetoothWorker] BT: line:>$LK8EX1,999999,0,-47,36,0.1*0B<
2025-09-07 17:35:38.559 INFO [MainActivity] MainActivity onResume
2025-09-07 17:35:38.644 DEBUG [BluetoothWorker] BT: line:>$LK8EX1,999999,0,88,36,0.1*25<
2025-09-07 17:35:38.646 DEBUG [BluetoothWorker] BT: line:>$LK8EX1,999999,0,22,36,0.1*25<
2025-09-07 17:35:39.137 DEBUG [BluetoothWorker] BT: line:>$LK8EX1,999999,0,77,36,0.0*24<
2025-09-07 17:35:39.138 DEBUG [BluetoothWorker] BT: line:>$LK8EX1,999999,-1,-228,36,0.1*1C<
2025-09-07 17:35:39.632 DEBUG [BluetoothWorker] BT: line:>$LK8EX1,999999,0,19,36,0.3*2F<
2025-09-07 17:35:39.633 DEBUG [BluetoothWorker] BT: line:>$LK8EX1,999999,0,120,36,0.0*17<
2025-09-07 17:35:39.634 DEBUG [BluetoothWorker] BT: line:>$LK8EX1,999999,0,-16,36,0.0*0E<
2025-09-07 17:35:40.127 DEBUG [BluetoothWorker] BT: line:>$LK8EX1,999999,0,229,36,0.2*1F<
2025-09-07 17:35:40.128 DEBUG [BluetoothWorker] BT: line:>$LK8EX1,999999,0,314,36,0.1*13<
2025-09-07 17:35:40.622 DEBUG [BluetoothWorker] BT: line:>$LK8EX1,999999,0,-57,36,0.0*0B<
2025-09-07 17:35:40.623 DEBUG [BluetoothWorker] BT: line:>$LK8EX1,999999,0,-72,36,0.1*0D<
2025-09-07 17:35:40.624 DEBUG [BluetoothWorker] BT: line:>$LK8EX1,999999,0,134,36,0.2*10<
2025-09-07 17:35:41.117 DEBUG [BluetoothWorker] BT: line:>$LK8EX1,999999,0,-110,36,0.1*38<
2025-09-07 17:35:41.118 DEBUG [BluetoothWorker] BT: line:>$LK8EX1,999999,0,278,36,0.1*18<
2025-09-07 17:35:41.611 DEBUG [BluetoothWorker] BT: line:>$LK8EX1,999999,0,155,36,0.1*14<
2025-09-07 17:35:41.612 DEBUG [BluetoothWorker] BT: line:>$LK8EX1,999999,0,69,36,0.1*2A<
2025-09-07 17:35:41.613 DEBUG [BluetoothWorker] BT: line:>$LK8EX1,999999,0,59,36,0.1*29<
2025-09-07 17:35:42.054 DEBUG [Nofix worker] Nofix, writing point at 1757266538651
2025-09-07 17:35:42.054 INFO [MainActivity] Preferences changed (Sensors.ManualQnh), reloading.
2025-09-07 17:35:42.107 DEBUG [BluetoothWorker] BT: line:>$LK8EX1,999999,0,111,36,0.1*14<
2025-09-07 17:35:42.108 DEBUG [BluetoothWorker] BT: line:>$LK8EX1,999999,0,115,36,0.0*11<
2025-09-07 17:35:42.604 DEBUG [BluetoothWorker] BT: line:>$LK8EX1,999999,0,172,36,0.2*12<
2025-09-07 17:35:42.605 DEBUG [BluetoothWorker] BT: line:>$LK8EX1,999999,0,256,36,0.0*15<
2025-09-07 17:35:43.099 DEBUG [BluetoothWorker] BT: line:>$LK8EX1,999999,0,186,36,0.1*1A<
2025-09-07 17:35:43.592 DEBUG [BluetoothWorker] BT: line:>$LK8EX1,999999,0,-64,36,0.1*0A<
2025-09-07 17:35:44.086 DEBUG [BluetoothWorker] BT: line:>$LK8EX1,999999,0,126,36,0.1*10<
2025-09-07 17:35:44.087 DEBUG [BluetoothWorker] BT: line:>$LK8EX1,999999,1,40,36,0.1*20<
2025-09-07 17:35:44.088 DEBUG [BluetoothWorker] BT: line:>$LK8EX1,999999,0,-110,36,0.0*39<
2025-09-07 17:35:44.089 DEBUG [BluetoothWorker] BT: line:>$LK8EX1,999999,0,-161,36,0.1*3E<
2025-09-07 17:35:44.583 DEBUG [BluetoothWorker] BT: line:>$LK8EX1,999999,0,-95,36,0.1*04<
2025-09-07 17:35:44.584 DEBUG [BluetoothWorker] BT: line:>$LK8EX1,999999,0,-24,36,0.0*0F<
2025-09-07 17:35:44.584 DEBUG [BluetoothWorker] BT: line:>$LK8EX1,999999,0,50,36,0.0*21<
2025-09-07 17:35:45.077 DEBUG [BluetoothWorker] BT: line:>$LK8EX1,999999,0,-288,36,0.2*39<
2025-09-07 17:35:45.078 DEBUG [BluetoothWorker] BT: line:>$LK8EX1,999999,0,160,36,0.0*13<
2025-09-07 17:35:45.080 DEBUG [BluetoothWorker] BT: line:>$LK8EX1,999999,0,-227,36,0.2*3C<
2025-09-07 17:35:45.573 DEBUG [BluetoothWorker] BT: line:>$LK8EX1,999999,0,71,36,0.1*23<
2025-09-07 17:35:45.575 DEBUG [BluetoothWorker] BT: line:>$LK8EX1,999999,0,-130,36,0.1*3A<
2025-09-07 17:35:46.070 DEBUG [BluetoothWorker] BT: line:>$LK8EX1,999999,0,44,36,0.0*24<
2025-09-07 17:35:46.071 DEBUG [BluetoothWorker] BT: line:>$LK8EX1,999999,0,-127,36,0.1*3C<
2025-09-07 17:35:46.072 DEBUG [BluetoothWorker] BT: line:>$LK8EX1,999999,0,65,36,0.1*26<
2025-09-07 17:35:46.562 DEBUG [BluetoothWorker] BT: line:>$LK8EX1,999999,0,74,36,0.1*26<
2025-09-07 17:35:46.565 DEBUG [BluetoothWorker] BT: line:>$LK8EX1,999999,0,177,36,0.1*14<
2025-09-07 17:35:47.055 DEBUG [Nofix worker] Nofix, writing point at 1757266543652
2025-09-07 17:35:47.055 INFO [MainActivity] Preferences changed (Sensors.ManualQnh), reloading.
2025-09-07 17:35:47.058 DEBUG [BluetoothWorker] BT: line:>$LK8EX1,999999,0,28,36,0.1*2F<
2025-09-07 17:35:47.060 DEBUG [BluetoothWorker] BT: line:>$LK8EX1,999999,0,-153,36,0.1*3F<
2025-09-07 17:35:47.551 DEBUG [BluetoothWorker] BT: line:>$LK8EX1,999999,-1,6,36,0.0*3E<
2025-09-07 17:35:47.553 DEBUG [BluetoothWorker] BT: line:>$LK8EX1,999999,-1,-97,36,0.2*29<
2025-09-07 17:35:47.554 DEBUG [BluetoothWorker] BT: line:>$LK8EX1,999999,-1,191,36,0.2*33<
2025-09-07 17:35:48.048 DEBUG [BluetoothWorker] BT: line:>$LK8EX1,999999,-1,109,36,0.2*32<
2025-09-07 17:35:48.049 DEBUG [BluetoothWorker] BT: line:>$LK8EX1,999999,-1,-224,36,0.1*10<
2025-09-07 17:35:48.541 DEBUG [BluetoothWorker] BT: line:>$LK8EX1,999999,-1,74,36,0.1*0A<
2025-09-07 17:35:48.542 DEBUG [BluetoothWorker] BT: line:>$LK8EX1,999999,0,62,36,0.1*21<
2025-09-07 17:35:48.543 DEBUG [BluetoothWorker] BT: line:>$LK8EX1,999999,-1,59,36,0.1*05<
2025-09-07 17:35:49.036 DEBUG [BluetoothWorker] BT: line:>$LK8EX1,999999,0,293,36,0.1*1D<
2025-09-07 17:35:49.037 DEBUG [BluetoothWorker] BT: line:>$LK8EX1,999999,0,3,36,0.1*16<
2025-09-07 17:35:49.532 DEBUG [BluetoothWorker] BT: line:>$LK8EX1,999999,0,-77,36,0.1*08<
2025-09-07 17:35:49.533 DEBUG [BluetoothWorker] BT: line:>$LK8EX1,999999,0,-86,36,0.0*07<
2025-09-07 17:35:50.026 DEBUG [BluetoothWorker] BT: line:>$LK8EX1,999999,0,-37,36,0.3*0E<
2025-09-07 17:35:50.027 DEBUG [BluetoothWorker] BT: line:>$LK8EX1,999999,0,372,36,0.0*12<
2025-09-07 17:35:50.028 DEBUG [BluetoothWorker] BT: line:>$LK8EX1,999999,0,44,36,0.2*26<
2025-09-07 17:35:50.521 DEBUG [BluetoothWorker] BT: line:>$LK8EX1,999999,0,19,36,0.2*2E<
2025-09-07 17:35:50.522 DEBUG [BluetoothWorker] BT: line:>$LK8EX1,999999,0,-287,36,0.2*36<
2025-09-07 17:35:51.016 DEBUG [BluetoothWorker] BT: line:>$LK8EX1,999999,0,-2,36,0.0*3B<
2025-09-07 17:35:51.512 DEBUG [BluetoothWorker] BT: line:>$LK8EX1,999999,0,-206,36,0.1*3C<
2025-09-07 17:35:52.008 DEBUG [BluetoothWorker] BT: line:>$LK8EX1,999999,0,92,36,0.1*2E<
2025-09-07 17:35:52.009 DEBUG [BluetoothWorker] BT: line:>$LK8EX1,999999,0,47,36,0.1*26<
2025-09-07 17:35:52.013 DEBUG [BluetoothWorker] BT: line:>$LK8EX1,999999,0,-118,36,0.1*30<
2025-09-07 17:35:52.013 DEBUG [BluetoothWorker] BT: line:>$LK8EX1,999999,0,87,36,0.1*2A<
2025-09-07 17:35:52.055 DEBUG [Nofix worker] Nofix, writing point at 1757266548652
2025-09-07 17:35:52.056 INFO [MainActivity] Preferences changed (Sensors.ManualQnh), reloading.
2025-09-07 17:35:52.506 DEBUG [BluetoothWorker] BT: line:>$LK8EX1,999999,0,-47,36,0.0*0A<
2025-09-07 17:35:52.998 DEBUG [BluetoothWorker] BT: line:>$LK8EX1,999999,0,-156,36,0.0*3B<
2025-09-07 17:35:52.999 DEBUG [BluetoothWorker] BT: line:>$LK8EX1,999999,0,-121,36,0.0*3B<
2025-09-07 17:35:53.494 DEBUG [BluetoothWorker] BT: line:>$LK8EX1,999999,0,93,36,0.2*2C<
2025-09-07 17:35:53.495 DEBUG [BluetoothWorker] BT: line:>$LK8EX1,999999,0,225,36,0.1*10<
2025-09-07 17:35:53.496 DEBUG [BluetoothWorker] BT: line:>$LK8EX1,999999,0,240,36,0.1*13<
2025-09-07 17:35:53.990 DEBUG [BluetoothWorker] BT: line:>$LK8EX1,999999,0,33,36,0.1*25<
2025-09-07 17:35:53.991 DEBUG [BluetoothWorker] BT: line:>$LK8EX1,999999,0,276,36,0.1*16<
2025-09-07 17:35:53.991 DEBUG [BluetoothWorker] BT: line:>$LK8EX1,999999,0,171,36,0.0*13<
2025-09-07 17:35:54.484 DEBUG [BluetoothWorker] BT: line:>$LK8EX1,999999,0,96,36,0.1*2A<
2025-09-07 17:35:54.486 DEBUG [BluetoothWorker] BT: line:>$LK8EX1,999999,0,37,36,0.1*21<
2025-09-07 17:35:54.487 DEBUG [BluetoothWorker] BT: line:>$LK8EX1,999999,0,-91,36,0.1*00<
2025-09-07 17:35:54.979 DEBUG [BluetoothWorker] BT: line:>$LK8EX1,999999,0,-22,36,0.3*0A<
2025-09-07 17:35:54.981 DEBUG [BluetoothWorker] BT: line:>$LK8EX1,999999,0,89,36,0.2*27<
2025-09-07 17:35:54.982 DEBUG [BluetoothWorker] BT: line:>$LK8EX1,999999,0,55,36,0.2*26<
2025-09-07 17:35:55.472 DEBUG [BluetoothWorker] BT: line:>$LK8EX1,999999,0,80,36,0.3*2F<
2025-09-07 17:35:55.473 DEBUG [BluetoothWorker] BT: line:>$LK8EX1,999999,0,4,36,0.1*11<
2025-09-07 17:35:55.968 DEBUG [BluetoothWorker] BT: line:>$LK8EX1,999999,0,125,36,0.1*13<
2025-09-07 17:35:55.969 DEBUG [BluetoothWorker] BT: line:>$LK8EX1,999999,0,20,36,0.1*27<
2025-09-07 17:35:55.970 DEBUG [BluetoothWorker] BT: line:>$LK8EX1,999999,0,-164,36,0.1*3B<
2025-09-07 17:35:56.462 DEBUG [BluetoothWorker] BT: line:>$LK8EX1,999999,0,-182,36,0.0*32<
2025-09-07 17:35:56.462 DEBUG [BluetoothWorker] BT: line:>$LK8EX1,999999,0,-200,36,0.1*3A<
2025-09-07 17:35:56.463 DEBUG [BluetoothWorker] BT: line:>$LK8EX1,999999,0,-211,36,0.0*3B<
2025-09-07 17:35:56.957 DEBUG [BluetoothWorker] BT: line:>$LK8EX1,999999,0,3,36,0.2*15<
2025-09-07 17:35:57.056 DEBUG [Nofix worker] Nofix, writing point at 1757266553653
2025-09-07 17:35:57.057 INFO [MainActivity] Preferences changed (Sensors.ManualQnh), reloading.
2025-09-07 17:35:57.452 DEBUG [BluetoothWorker] BT: line:>$LK8EX1,999999,0,-171,36,0.3*3D<
2025-09-07 17:35:57.453 DEBUG [BluetoothWorker] BT: line:>$LK8EX1,999999,0,-96,36,0.3*05<
2025-09-07 17:35:57.454 DEBUG [BluetoothWorker] BT: line:>$LK8EX1,999999,0,-24,36,0.3*0C<
2025-09-07 17:35:58.442 DEBUG [BluetoothWorker] BT: line:>$LK8EX1,999999,0,-227,36,0.0*3E<
2025-09-07 17:35:58.443 DEBUG [BluetoothWorker] BT: line:>$LK8EX1,999999,0,-172,36,0.2*3F<
2025-09-07 17:35:58.444 DEBUG [BluetoothWorker] BT: line:>$LK8EX1,999999,0,-11,36,0.1*08<
2025-09-07 17:35:58.937 DEBUG [BluetoothWorker] BT: line:>$LK8EX1,999999,0,-122,36,0.1*39<
2025-09-07 17:35:58.938 DEBUG [BluetoothWorker] BT: line:>$LK8EX1,999999,0,-317,36,0.1*3D<
2025-09-07 17:35:58.940 DEBUG [BluetoothWorker] BT: line:>$LK8EX1,999999,0,-8,36,0.0*31<
2025-09-07 17:35:59.432 DEBUG [BluetoothWorker] BT: line:>$LK8EX1,999999,0,-90,36,0.1*01<
2025-09-07 17:35:59.433 DEBUG [BluetoothWorker] BT: line:>$LK8EX1,999999,0,147,36,0.0*16<
2025-09-07 17:35:59.435 DEBUG [BluetoothWorker] BT: line:>$LK8EX1,999999,0,282,36,0.2*1E<
2025-09-07 17:35:59.927 DEBUG [BluetoothWorker] BT: line:>$LK8EX1,999999,0,45,36,0.0*25<
2025-09-07 17:35:59.928 DEBUG [BluetoothWorker] BT: line:>$LK8EX1,999999,0,-10,36,0.0*08<
2025-09-07 17:35:59.929 DEBUG [BluetoothWorker] BT: line:>$LK8EX1,999999,0,-200,36,0.1*3A<
2025-09-07 17:36:00.422 DEBUG [BluetoothWorker] BT: line:>$LK8EX1,999999,0,49,36,0.0*29<
2025-09-07 17:36:00.423 DEBUG [BluetoothWorker] BT: line:>$LK8EX1,999999,0,0,36,0.1*15<
2025-09-07 17:36:00.424 DEBUG [BluetoothWorker] BT: line:>$LK8EX1,999999,0,-90,36,0.1*01<
2025-09-07 17:36:00.917 DEBUG [BluetoothWorker] BT: line:>$LK8EX1,999999,0,-190,36,0.3*32<
2025-09-07 17:36:00.918 DEBUG [BluetoothWorker] BT: line:>$LK8EX1,999999,0,-76,36,0.1*09<
2025-09-07 17:36:01.374 INFO [MainActivity] MainActivity onPause
2025-09-07 17:36:01.411 DEBUG [BluetoothWorker] BT: line:>$LK8EX1,999999,0,48,36,0.1*29<
2025-09-07 17:36:02.057 DEBUG [Nofix worker] Nofix, writing point at 1757266558654
2025-09-07 17:36:02.057 INFO [MainActivity] Preferences changed (Sensors.ManualQnh), reloading.
2025-09-07 17:36:02.403 DEBUG [BluetoothWorker] BT: line:>$LK8EX1,999999,0,199,36,0.1*14<
2025-09-07 17:36:02.403 DEBUG [BluetoothWorker] BT: line:>$LK8EX1,999999,0,-81,36,0.1*01<
2025-09-07 17:36:02.404 DEBUG [BluetoothWorker] BT: line:>$LK8EX1,999999,0,39,36,0.0*2E<
2025-09-07 17:36:02.897 DEBUG [BluetoothWorker] BT: line:>$LK8EX1,999999,0,-39,36,0.0*03<
2025-09-07 17:36:02.899 DEBUG [BluetoothWorker] BT: line:>$LK8EX1,999999,0,74,36,0.0*27<
2025-09-07 17:36:02.900 DEBUG [BluetoothWorker] BT: line:>$LK8EX1,999999,0,130,36,0.0*16<
2025-09-07 17:36:03.395 DEBUG [BluetoothWorker] BT: line:>$LK8EX1,999999,0,-37,36,0.0*0D<
2025-09-07 17:36:03.888 DEBUG [BluetoothWorker] BT: line:>$LK8EX1,999999,0,37,36,0.2*22<
2025-09-07 17:36:03.889 DEBUG [BluetoothWorker] BT: line:>$LK8EX1,999999,0,112,36,0.0*16<
2025-09-07 17:36:03.890 DEBUG [BluetoothWorker] BT: line:>$LK8EX1,999999,0,-13,36,0.1*0A<
2025-09-07 17:36:04.382 DEBUG [BluetoothWorker] BT: line:>$LK8EX1,999999,0,-136,36,0.1*3C<
2025-09-07 17:36:04.383 DEBUG [BluetoothWorker] BT: line:>$LK8EX1,999999,0,12,36,0.1*26<
2025-09-07 17:36:04.385 DEBUG [BluetoothWorker] BT: line:>$LK8EX1,999999,0,-112,36,0.1*3A<
2025-09-07 17:36:04.877 DEBUG [BluetoothWorker] BT: line:>$LK8EX1,999999,0,-119,36,0.1*31<
2025-09-07 17:36:04.878 DEBUG [BluetoothWorker] BT: line:>$LK8EX1,999999,0,40,36,0.1*21<
2025-09-07 17:36:04.878 DEBUG [BluetoothWorker] BT: line:>$LK8EX1,999999,0,69,36,0.1*2A<
2025-09-07 17:36:04.879 DEBUG [BluetoothWorker] BT: line:>$LK8EX1,999999,0,-42,36,0.1*0E<
2025-09-07 17:36:05.372 DEBUG [BluetoothWorker] BT: line:>$LK8EX1,999999,0,99,36,0.2*26<
2025-09-07 17:36:05.373 DEBUG [BluetoothWorker] BT: line:>$LK8EX1,999999,0,-119,36,0.0*30<
2025-09-07 17:36:05.374 DEBUG [BluetoothWorker] BT: line:>$LK8EX1,999999,0,210,36,0.0*17<
2025-09-07 17:36:05.869 DEBUG [BluetoothWorker] BT: line:>$LK8EX1,999999,0,128,36,0.2*1D<
2025-09-07 17:36:05.871 DEBUG [BluetoothWorker] BT: line:>$LK8EX1,999999,0,95,36,0.0*28<
2025-09-07 17:36:05.871 DEBUG [BluetoothWorker] BT: line:>$LK8EX1,999999,0,156,36,0.1*17<
2025-09-07 17:36:06.363 DEBUG [BluetoothWorker] BT: line:>$LK8EX1,999999,0,-349,36,0.1*36<
2025-09-07 17:36:06.365 DEBUG [BluetoothWorker] BT: line:>$LK8EX1,999999,0,22,36,0.1*25<
2025-09-07 17:36:06.858 DEBUG [BluetoothWorker] BT: line:>$LK8EX1,999999,0,194,36,0.1*19<
2025-09-07 17:36:06.860 DEBUG [BluetoothWorker] BT: line:>$LK8EX1,999999,0,111,36,0.3*16<
2025-09-07 17:36:06.861 DEBUG [BluetoothWorker] BT: line:>$LK8EX1,999999,0,97,36,0.1*2B<
2025-09-07 17:36:07.058 DEBUG [Nofix worker] Nofix, writing point at 1757266563654
2025-09-07 17:36:07.058 INFO [MainActivity] Preferences changed (Sensors.ManualQnh), reloading.
2025-09-07 17:36:07.354 DEBUG [BluetoothWorker] BT: line:>$LK8EX1,999999,0,6,36,0.1*13<
2025-09-07 17:36:07.355 DEBUG [BluetoothWorker] BT: line:>$LK8EX1,999999,0,6,36,0.2*10<
2025-09-07 17:36:07.847 DEBUG [BluetoothWorker] BT: line:>$LK8EX1,999999,0,64,36,0.0*26<
2025-09-07 17:36:07.849 DEBUG [BluetoothWorker] BT: line:>$LK8EX1,999999,0,93,36,0.2*2C<
2025-09-07 17:36:08.342 DEBUG [BluetoothWorker] BT: line:>$LK8EX1,999999,0,90,36,0.2*2F<
2025-09-07 17:36:08.343 DEBUG [BluetoothWorker] BT: line:>$LK8EX1,999999,0,45,36,0.1*24<
2025-09-07 17:36:08.344 DEBUG [BluetoothWorker] BT: line:>$LK8EX1,999999,0,-19,36,0.1*00<
2025-09-07 17:36:08.839 DEBUG [BluetoothWorker] BT: line:>$LK8EX1,999999,0,-99,36,0.1*08<
2025-09-07 17:36:08.840 DEBUG [BluetoothWorker] BT: line:>$LK8EX1,999999,0,-145,36,0.1*38<
2025-09-07 17:36:09.334 DEBUG [BluetoothWorker] BT: line:>$LK8EX1,999999,0,-46,36,0.0*0B<
2025-09-07 17:36:09.335 DEBUG [BluetoothWorker] BT: line:>$LK8EX1,999999,0,-35,36,0.1*0E<
2025-09-07 17:36:09.336 DEBUG [BluetoothWorker] BT: line:>$LK8EX1,999999,0,0,36,0.1*15<
2025-09-07 17:36:09.828 DEBUG [BluetoothWorker] BT: line:>$LK8EX1,999999,0,136,36,0.1*11<
2025-09-07 17:36:10.324 DEBUG [BluetoothWorker] BT: line:>$LK8EX1,999999,0,-43,36,0.3*0D<
2025-09-07 17:36:10.326 DEBUG [BluetoothWorker] BT: line:>$LK8EX1,999999,0,-114,36,0.0*3D<
2025-09-07 17:36:10.327 DEBUG [BluetoothWorker] BT: line:>$LK8EX1,999999,0,-13,36,0.0*0B<
2025-09-07 17:36:10.820 DEBUG [BluetoothWorker] BT: line:>$LK8EX1,999999,0,-117,36,0.1*3F<
2025-09-07 17:36:10.820 DEBUG [BluetoothWorker] BT: line:>$LK8EX1,999999,0,231,36,0.0*14<
2025-09-07 17:36:10.821 DEBUG [BluetoothWorker] BT: line:>$LK8EX1,999999,0,8,36,0.1*1D<
2025-09-07 17:36:11.312 DEBUG [BluetoothWorker] BT: line:>$LK8EX1,999999,0,-127,36,0.1*3C<
2025-09-07 17:36:11.313 DEBUG [BluetoothWorker] BT: line:>$LK8EX1,999999,0,12,36,0.1*26<
2025-09-07 17:36:11.809 DEBUG [BluetoothWorker] BT: line:>$LK8EX1,999999,0,185,36,0.1*19<
2025-09-07 17:36:11.811 DEBUG [BluetoothWorker] BT: line:>$LK8EX1,999999,0,176,36,0.1*15<
2025-09-07 17:36:11.812 DEBUG [BluetoothWorker] BT: line:>$LK8EX1,999999,0,-48,36,0.1*04<
2025-09-07 17:36:12.046 INFO [SensorManager] Sensors no data for: [GPS=687295229] BluetoothConfig(btAddress=50:02:91:9F:3D:12, name=ESP32-BT-Vario-Atom, filters=[GPS, WIND, AIR_CONDITIONS, COMPASS, BARO, AIRSPEED, EXTRA], reverseWind=false, lpWeight=0.01987148449549133)
2025-09-07 17:36:12.058 DEBUG [Nofix worker] Nofix, writing point at 1757266568655
2025-09-07 17:36:12.059 INFO [MainActivity] Preferences changed (Sensors.ManualQnh), reloading.
2025-09-07 17:36:12.304 DEBUG [BluetoothWorker] BT: line:>$LK8EX1,999999,0,-144,36,0.1*39<
2025-09-07 17:36:12.305 DEBUG [BluetoothWorker] BT: line:>$LK8EX1,999999,0,-41,36,0.1*0D<
2025-09-07 17:36:12.555 INFO [MainActivity] Preferences changed (Sensors.ManualQnh), reloading.
2025-09-07 17:36:12.555 DEBUG [Info] adding loc: SensorsLocation(isReal=true, isValid=true, time=1757266573000, coord=LonLat{lon=-123.08994166666666, lat=49.21123}, altGps=16.7, speedGps=0.0, bearingGps=323.36, headingCompass=43.246704571075334, airspeedSensor=null, pressure=101324.67206017126, msOfGPGGA=1757266572531, speedComputed=0.0, bearingComputed=0.0, headingComputed=0.0, airspeedComputed=0.0, horizontalAccuracy=1.32)
2025-09-07 17:36:12.583 INFO [MainActivity] Preferences changed (App.GuessLongitude), reloading.
2025-09-07 17:36:12.584 INFO [MainActivity] Preferences changed (App.GuessLatitude), reloading.
2025-09-07 17:36:12.584 INFO [EventMapping] Event: SYSTEM_GPS_OK
2025-09-07 17:36:12.585 INFO [MainActivity] Preferences changed (Sec.GpsTimeOffset), reloading.
2025-09-07 17:36:12.765 INFO [MainActivity] MainActivity onResume
2025-09-07 17:36:12.796 DEBUG [BluetoothWorker] BT: line:>$LK8EX1,999999,0,-107,36,0.1*3E<
2025-09-07 17:36:12.797 DEBUG [BluetoothWorker] BT: line:>$LK8EX1,999999,0,25,36,0.1*22<
2025-09-07 17:36:13.291 DEBUG [BluetoothWorker] BT: line:>$LK8EX1,999999,0,71,36,0.0*22<
2025-09-07 17:36:13.292 DEBUG [BluetoothWorker] BT: line:>$LK8EX1,999999,0,77,36,0.0*24<
2025-09-07 17:36:13.293 DEBUG [BluetoothWorker] BT: line:>$LK8EX1,999999,0,-259,36,0.0*37<
2025-09-07 17:36:13.543 DEBUG [Info] adding loc: SensorsLocation(isReal=true, isValid=true, time=1757266574000, coord=LonLat{lon=-123.08994166666666, lat=49.21123333333333}, altGps=16.7, speedGps=0.0, bearingGps=323.36, headingCompass=50.56741231406904, airspeedSensor=null, pressure=101324.75527748003, msOfGPGGA=1757266573518, speedComputed=0.3706497545896692, bearingComputed=359.999999961779, headingComputed=0.0, airspeedComputed=0.0, horizontalAccuracy=1.33)
2025-09-07 17:36:13.787 DEBUG [BluetoothWorker] BT: line:>$LK8EX1,999999,0,-54,36,0.2*0A<
2025-09-07 17:36:13.789 DEBUG [BluetoothWorker] BT: line:>$LK8EX1,999999,0,198,36,0.2*16<
2025-09-07 17:36:14.284 DEBUG [BluetoothWorker] BT: line:>$LK8EX1,999999,0,-89,36,0.1*09<
2025-09-07 17:36:14.556 DEBUG [Info] adding loc: SensorsLocation(isReal=true, isValid=true, time=1757266575000, coord=LonLat{lon=-123.089955, lat=49.211225}, altGps=16.8, speedGps=0.0, bearingGps=323.36, headingCompass=48.39334602578101, airspeedSensor=null, pressure=101324.80193255252, msOfGPGGA=1757266574529, speedComputed=1.3404118703745718, bearingComputed=226.26703997771997, headingComputed=0.0, airspeedComputed=0.0, horizontalAccuracy=1.33)
2025-09-07 17:36:14.778 DEBUG [BluetoothWorker] BT: line:>$LK8EX1,999999,0,67,36,0.1*24<
2025-09-07 17:36:14.780 DEBUG [BluetoothWorker] BT: line:>$LK8EX1,999999,0,136,36,0.1*11<
2025-09-07 17:36:14.781 DEBUG [BluetoothWorker] BT: line:>$LK8EX1,999999,0,-71,36,0.1*0E<
2025-09-07 17:36:14.783 DEBUG [BluetoothWorker] BT: line:>$LK8EX1,999999,0,80,36,0.1*2D<
2025-09-07 17:36:15.274 DEBUG [BluetoothWorker] BT: line:>$LK8EX1,999999,0,122,36,0.1*14<
2025-09-07 17:36:15.275 DEBUG [BluetoothWorker] BT: line:>$LK8EX1,999999,0,168,36,0.1*1A<
2025-09-07 17:36:15.559 DEBUG [Info] adding loc: SensorsLocation(isReal=true, isValid=true, time=1757266576000, coord=LonLat{lon=-123.08996333333333, lat=49.211216666666665}, altGps=16.9, speedGps=0.0, bearingGps=323.36, headingCompass=50.35644484608026, airspeedSensor=null, pressure=101324.88816039672, msOfGPGGA=1757266575533, speedComputed=1.1068274267672826, bearingComputed=213.155477783157, headingComputed=0.0, airspeedComputed=0.0, horizontalAccuracy=1.33)
2025-09-07 17:36:15.768 DEBUG [BluetoothWorker] BT: line:>$LK8EX1,999999,0,-81,36,0.0*00<
2025-09-07 17:36:15.769 DEBUG [BluetoothWorker] BT: line:>$LK8EX1,999999,0,93,36,0.3*2D<
2025-09-07 17:36:16.264 DEBUG [BluetoothWorker] BT: line:>$LK8EX1,999999,0,-24,36,0.2*0D<
2025-09-07 17:36:16.265 DEBUG [BluetoothWorker] BT: line:>$LK8EX1,999999,0,68,36,0.2*28<
2025-09-07 17:36:16.267 DEBUG [BluetoothWorker] BT: line:>$LK8EX1,999999,0,20,36,0.2*24<
2025-09-07 17:36:16.562 DEBUG [Info] adding loc: SensorsLocation(isReal=true, isValid=true, time=1757266577000, coord=LonLat{lon=-123.08996666666667, lat=49.21120666666667}, altGps=16.9, speedGps=0.0, bearingGps=323.36, headingCompass=48.923419931792814, airspeedSensor=null, pressure=101324.95309969921, msOfGPGGA=1757266576533, speedComputed=1.1380073219216613, bearingComputed=192.2848074392343, headingComputed=0.0, airspeedComputed=0.0, horizontalAccuracy=1.33)
2025-09-07 17:36:16.759 DEBUG [BluetoothWorker] BT: line:>$LK8EX1,999999,0,-50,36,0.1*0D<
2025-09-07 17:36:16.760 DEBUG [BluetoothWorker] BT: line:>$LK8EX1,999999,0,-163,36,0.0*3D<
2025-09-07 17:36:17.252 DEBUG [BluetoothWorker] BT: line:>$LK8EX1,999999,0,140,36,0.1*10<
2025-09-07 17:36:17.253 DEBUG [BluetoothWorker] BT: line:>$LK8EX1,999999,0,107,36,0.1*13<
2025-09-07 17:36:17.255 DEBUG [BluetoothWorker] BT: line:>$LK8EX1,999999,0,-79,36,0.1*06<
2025-09-07 17:36:17.546 DEBUG [Info] adding loc: SensorsLocation(isReal=true, isValid=true, time=1757266578000, coord=LonLat{lon=-123.08997, lat=49.211198333333336}, altGps=16.9, speedGps=0.0, bearingGps=323.36, headingCompass=45.63769937495022, airspeedSensor=null, pressure=101325.01205343871, msOfGPGGA=1757266577522, speedComputed=0.9577381020103873, bearingComputed=194.64444801937094, headingComputed=0.0, airspeedComputed=0.0, horizontalAccuracy=1.1)
2025-09-07 17:36:17.749 DEBUG [BluetoothWorker] BT: line:>$LK8EX1,999999,0,-83,36,0.1*03<
2025-09-07 17:36:17.750 DEBUG [BluetoothWorker] BT: line:>$LK8EX1,999999,0,9,36,0.1*1C<
2025-09-07 17:36:18.244 DEBUG [BluetoothWorker] BT: line:>$LK8EX1,999999,0,-54,36,0.0*08<
2025-09-07 17:36:18.246 DEBUG [BluetoothWorker] BT: line:>$LK8EX1,999999,0,78,36,0.1*2A<
2025-09-07 17:36:18.561 DEBUG [Info] adding loc: SensorsLocation(isReal=true, isValid=true, time=1757266579000, coord=LonLat{lon=-123.08997, lat=49.211198333333336}, altGps=16.9, speedGps=0.0, bearingGps=323.36, headingCompass=48.22481452310553, airspeedSensor=null, pressure=101325.05290037196, msOfGPGGA=1757266578536, speedComputed=0.0, bearingComputed=0.0, headingComputed=0.0, airspeedComputed=0.0, horizontalAccuracy=1.1)
2025-09-07 17:36:18.738 DEBUG [BluetoothWorker] BT: line:>$LK8EX1,999999,0,-344,36,0.3*39<
2025-09-07 17:36:19.235 DEBUG [BluetoothWorker] BT: line:>$LK8EX1,999999,0,20,36,0.3*25<
2025-09-07 17:36:19.236 DEBUG [BluetoothWorker] BT: line:>$LK8EX1,999999,0,10,36,0.2*27<
2025-09-07 17:36:19.237 DEBUG [BluetoothWorker] BT: line:>$LK8EX1,999999,0,-303,36,0.1*38<
2025-09-07 17:36:19.560 DEBUG [Info] adding loc: SensorsLocation(isReal=true, isValid=true, time=1757266580000, coord=LonLat{lon=-123.08997, lat=49.211198333333336}, altGps=16.9, speedGps=0.0, bearingGps=323.36, headingCompass=47.02857177677493, airspeedSensor=null, pressure=101325.0825357147, msOfGPGGA=1757266579533, speedComputed=0.0, bearingComputed=0.0, headingComputed=0.0, airspeedComputed=0.0, horizontalAccuracy=1.35)
2025-09-07 17:36:19.729 DEBUG [BluetoothWorker] BT: line:>$LK8EX1,999999,0,65,36,0.1*26<
2025-09-07 17:36:19.733 DEBUG [BluetoothWorker] BT: line:>$LK8EX1,999999,0,25,36,0.0*23<
2025-09-07 17:36:19.734 DEBUG [BluetoothWorker] BT: line:>$LK8EX1,999999,0,85,36,0.1*28<
2025-09-07 17:36:20.561 INFO [MainActivity] Preferences changed (Sensors.ManualQnh), reloading.
2025-09-07 17:36:20.561 DEBUG [Info] adding loc: SensorsLocation(isReal=true, isValid=true, time=1757266581000, coord=LonLat{lon=-123.08998666666666, lat=49.21117666666667}, altGps=17.0, speedGps=0.0, bearingGps=323.36, headingCompass=45.65450505540304, airspeedSensor=null, pressure=101325.09511405014, msOfGPGGA=1757266580534, speedComputed=2.696311591999606, bearingComputed=206.68033602697517, headingComputed=0.0, airspeedComputed=0.0, horizontalAccuracy=1.13)
2025-09-07 17:36:20.720 DEBUG [BluetoothWorker] BT: line:>$LK8EX1,999999,0,195,36,0.0*19<
2025-09-07 17:36:20.722 DEBUG [BluetoothWorker] BT: line:>$LK8EX1,999999,0,24,36,0.1*23<
2025-09-07 17:36:20.723 DEBUG [BluetoothWorker] BT: line:>$LK8EX1,999999,0,-236,36,0.1*3F<
2025-09-07 17:36:21.214 DEBUG [BluetoothWorker] BT: line:>$LK8EX1,999999,0,238,36,0.1*1C<
2025-09-07 17:36:21.215 DEBUG [BluetoothWorker] BT: line:>$LK8EX1,999999,0,72,36,0.3*22<
2025-09-07 17:36:21.216 DEBUG [BluetoothWorker] BT: line:>$LK8EX1,999999,0,-6,36,0.0*3F<
2025-09-07 17:36:21.536 DEBUG [Info] adding loc: SensorsLocation(isReal=true, isValid=true, time=1757266582000, coord=LonLat{lon=-123.08999, lat=49.21118166666667}, altGps=17.1, speedGps=0.0, bearingGps=323.36, headingCompass=49.25866269172992, airspeedSensor=null, pressure=101325.09343733524, msOfGPGGA=1757266581518, speedComputed=0.6064135242811126, bearingComputed=336.46614066827266, headingComputed=0.0, airspeedComputed=0.0, horizontalAccuracy=1.07)
2025-09-07 17:36:21.708 DEBUG [BluetoothWorker] BT: line:>$LK8EX1,999999,-1,-288,36,0.2*15<
2025-09-07 17:36:21.709 DEBUG [BluetoothWorker] BT: line:>$LK8EX1,999999,0,32,36,0.2*27<
2025-09-07 17:36:21.710 DEBUG [BluetoothWorker] BT: line:>$LK8EX1,999999,-1,-67,36,0.1*25<
2025-09-07 17:36:22.203 DEBUG [BluetoothWorker] BT: line:>$LK8EX1,999999,-1,-52,36,0.1*23<
2025-09-07 17:36:22.204 DEBUG [BluetoothWorker] BT: line:>$LK8EX1,999999,0,165,36,0.1*17<
2025-09-07 17:36:22.205 DEBUG [BluetoothWorker] BT: line:>$LK8EX1,999999,0,78,36,0.1*2A<
2025-09-07 17:36:22.536 DEBUG [Info] adding loc: SensorsLocation(isReal=true, isValid=true, time=1757266583000, coord=LonLat{lon=-123.08998833333334, lat=49.21119}, altGps=17.1, speedGps=0.0, bearingGps=323.36, headingCompass=53.81863700050844, airspeedSensor=null, pressure=101326.28789885768, msOfGPGGA=1757266582519, speedComputed=0.9344999450830588, bearingComputed=7.44378874669115, headingComputed=0.0, airspeedComputed=0.0, horizontalAccuracy=1.07)
2025-09-07 17:36:22.697 DEBUG [BluetoothWorker] BT: line:>$LK8EX1,999999,0,84,36,0.0*28<
2025-09-07 17:36:22.699 DEBUG [BluetoothWorker] BT: line:>$LK8EX1,999999,0,87,36,0.1*2A<
2025-09-07 17:36:23.192 DEBUG [BluetoothWorker] BT: line:>$LK8EX1,999999,0,-47,36,0.1*0B<
2025-09-07 17:36:23.535 DEBUG [Info] adding loc: SensorsLocation(isReal=true, isValid=true, time=1757266584000, coord=LonLat{lon=-123.08998333333334, lat=49.211198333333336}, altGps=17.2, speedGps=0.0, bearingGps=323.36, headingCompass=47.110308650572456, airspeedSensor=null, pressure=101326.43820830595, msOfGPGGA=1757266583519, speedComputed=0.9952633874467425, bearingComputed=21.40337054892627, headingComputed=0.0, airspeedComputed=0.0, horizontalAccuracy=1.07)
2025-09-07 17:36:23.688 DEBUG [BluetoothWorker] BT: line:>$LK8EX1,999999,0,38,36,0.3*2C<
2025-09-07 17:36:23.689 DEBUG [BluetoothWorker] BT: line:>$LK8EX1,999999,0,132,36,0.0*14<
2025-09-07 17:36:23.690 DEBUG [BluetoothWorker] BT: line:>$LK8EX1,999999,0,-38,36,0.2*00<
2025-09-07 17:36:24.533 DEBUG [Info] adding loc: SensorsLocation(isReal=true, isValid=true, time=1757266585000, coord=LonLat{lon=-123.08998333333334, lat=49.211198333333336}, altGps=17.2, speedGps=0.0, bearingGps=323.36, headingCompass=57.33392363044971, airspeedSensor=null, pressure=101326.45450769685, msOfGPGGA=1757266584518, speedComputed=0.0, bearingComputed=0.0, headingComputed=0.0, airspeedComputed=0.0, horizontalAccuracy=1.07)
2025-09-07 17:36:24.680 DEBUG [BluetoothWorker] BT: line:>$LK8EX1,999999,0,-182,36,0.0*32<
2025-09-07 17:36:24.681 DEBUG [BluetoothWorker] BT: line:>$LK8EX1,999999,0,-72,36,0.2*0E<
2025-09-07 17:36:24.682 DEBUG [BluetoothWorker] BT: line:>$LK8EX1,999999,0,-84,36,0.1*04<
2025-09-07 17:36:25.173 DEBUG [BluetoothWorker] BT: line:>$LK8EX1,999999,0,89,36,0.1*24<
2025-09-07 17:36:25.174 DEBUG [BluetoothWorker] BT: line:>$LK8EX1,999999,0,346,36,0.1*14<
2025-09-07 17:36:25.175 DEBUG [BluetoothWorker] BT: line:>$LK8EX1,999999,0,38,36,0.1*2E<
2025-09-07 17:36:25.536 DEBUG [Info] adding loc: SensorsLocation(isReal=true, isValid=true, time=1757266586000, coord=LonLat{lon=-123.08998333333334, lat=49.211198333333336}, altGps=17.2, speedGps=0.0, bearingGps=323.36, headingCompass=45.780040517253276, airspeedSensor=null, pressure=101326.24901486782, msOfGPGGA=1757266585520, speedComputed=0.0, bearingComputed=0.0, headingComputed=0.0, airspeedComputed=0.0, horizontalAccuracy=1.07)
2025-09-07 17:36:25.667 DEBUG [BluetoothWorker] BT: line:>$LK8EX1,999999,0,173,36,0.1*10<
2025-09-07 17:36:25.668 DEBUG [BluetoothWorker] BT: line:>$LK8EX1,999999,0,-11,36,0.1*08<
2025-09-07 17:36:25.670 DEBUG [BluetoothWorker] BT: line:>$LK8EX1,999999,0,-178,36,0.1*36<
2025-09-07 17:36:26.163 DEBUG [BluetoothWorker] BT: line:>$LK8EX1,999999,0,-4,36,0.1*3C<
2025-09-07 17:36:26.163 DEBUG [BluetoothWorker] BT: line:>$LK8EX1,999999,0,51,36,0.0*20<
2025-09-07 17:36:26.164 DEBUG [BluetoothWorker] BT: line:>$LK8EX1,999999,0,54,36,0.3*26<
2025-09-07 17:36:26.535 DEBUG [Info] adding loc: SensorsLocation(isReal=true, isValid=true, time=1757266587000, coord=LonLat{lon=-123.08998333333334, lat=49.211198333333336}, altGps=17.2, speedGps=0.0, bearingGps=51.77, headingCompass=27.710731525528566, airspeedSensor=null, pressure=101326.04578970313, msOfGPGGA=1757266586519, speedComputed=0.0, bearingComputed=0.0, headingComputed=0.0, airspeedComputed=0.0, horizontalAccuracy=1.07)
2025-09-07 17:36:26.964 INFO [TrackService] Starting service onStartCommand, intent: Intent { act=restoreService cmp=org.xcontest.XCTrack/.TrackService }, startId: 11, current task: org.xcontest.XCTrack.navig.TaskTriangleClosing
2025-09-07 17:36:27.154 DEBUG [BluetoothWorker] BT: line:>$LK8EX1,999999,0,143,36,0.4*16<
2025-09-07 17:36:27.155 DEBUG [BluetoothWorker] BT: line:>$LK8EX1,999999,0,-36,36,0.0*0C<
2025-09-07 17:36:27.156 DEBUG [BluetoothWorker] BT: line:>$LK8EX1,999999,0,30,36,0.0*27<
2025-09-07 17:36:27.545 DEBUG [Info] adding loc: SensorsLocation(isReal=true, isValid=true, time=1757266588000, coord=LonLat{lon=-123.08998333333334, lat=49.211198333333336}, altGps=17.2, speedGps=0.0, bearingGps=51.77, headingCompass=23.06573587573542, airspeedSensor=null, pressure=101325.95020599269, msOfGPGGA=1757266587525, speedComputed=0.0, bearingComputed=0.0, headingComputed=0.0, airspeedComputed=0.0, horizontalAccuracy=1.07)
2025-09-07 17:36:28.144 DEBUG [BluetoothWorker] BT: line:>$LK8EX1,999999,0,18,36,0.3*2E<
2025-09-07 17:36:28.145 DEBUG [BluetoothWorker] BT: line:>$LK8EX1,999999,0,76,36,0.1*24<
2025-09-07 17:36:28.146 DEBUG [BluetoothWorker] BT: line:>$LK8EX1,999999,0,-7,36,0.1*3F<
2025-09-07 17:36:28.533 DEBUG [Info] adding loc: SensorsLocation(isReal=true, isValid=true, time=1757266589000, coord=LonLat{lon=-123.08998333333334, lat=49.211198333333336}, altGps=17.2, speedGps=0.0, bearingGps=51.77, headingCompass=26.74080282847809, airspeedSensor=null, pressure=101325.85855306133, msOfGPGGA=1757266588519, speedComputed=0.0, bearingComputed=0.0, headingComputed=0.0, airspeedComputed=0.0, horizontalAccuracy=1.07)
2025-09-07 17:36:28.637 DEBUG [BluetoothWorker] BT: line:>$LK8EX1,999999,0,-82,36,0.1*02<
2025-09-07 17:36:28.639 DEBUG [BluetoothWorker] BT: line:>$LK8EX1,999999,0,143,36,0.1*13<
2025-09-07 17:36:28.639 DEBUG [BluetoothWorker] BT: line:>$LK8EX1,999999,0,278,36,0.2*1B<
2025-09-07 17:36:29.133 DEBUG [BluetoothWorker] BT: line:>$LK8EX1,999999,0,173,36,0.1*10<
2025-09-07 17:36:29.135 DEBUG [BluetoothWorker] BT: line:>$LK8EX1,999999,0,-117,36,0.1*3F<
2025-09-07 17:36:29.135 DEBUG [BluetoothWorker] BT: line:>$LK8EX1,999999,0,-115,36,0.0*3C<
2025-09-07 17:36:29.136 DEBUG [BluetoothWorker] BT: line:>$LK8EX1,999999,0,-110,36,0.3*3A<
2025-09-07 17:36:29.537 DEBUG [Info] adding loc: SensorsLocation(isReal=true, isValid=true, time=1757266590000, coord=LonLat{lon=-123.08998333333334, lat=49.211198333333336}, altGps=17.2, speedGps=0.0, bearingGps=51.77, headingCompass=58.5260546029, airspeedSensor=null, pressure=101325.6595840399, msOfGPGGA=1757266589520, speedComputed=0.0, bearingComputed=0.0, headingComputed=0.0, airspeedComputed=0.0, horizontalAccuracy=1.07)
2025-09-07 17:36:29.627 DEBUG [BluetoothWorker] BT: line:>$LK8EX1,999999,0,5,36,0.0*11<
2025-09-07 17:36:29.628 DEBUG [BluetoothWorker] BT: line:>$LK8EX1,999999,0,20,36,0.0*26<
2025-09-07 17:36:29.629 DEBUG [BluetoothWorker] BT: line:>$LK8EX1,999999,0,-155,36,0.1*39<
2025-09-07 17:36:29.630 DEBUG [BluetoothWorker] BT: line:>$LK8EX1,999999,0,-3,36,0.1*3B<
2025-09-07 17:36:30.124 DEBUG [BluetoothWorker] BT: line:>$LK8EX1,999999,-1,1,36,0.1*38<
2025-09-07 17:36:30.125 DEBUG [BluetoothWorker] BT: line:>$LK8EX1,999999,0,3,36,0.1*16<
2025-09-07 17:36:30.126 DEBUG [BluetoothWorker] BT: line:>$LK8EX1,999999,0,76,36,0.1*24<
2025-09-07 17:36:30.537 DEBUG [Info] adding loc: SensorsLocation(isReal=true, isValid=true, time=1757266591000, coord=LonLat{lon=-123.08998333333334, lat=49.211198333333336}, altGps=17.2, speedGps=0.0, bearingGps=51.77, headingCompass=110.75997409189672, airspeedSensor=null, pressure=101325.92303843568, msOfGPGGA=1757266590520, speedComputed=0.0, bearingComputed=0.0, headingComputed=0.0, airspeedComputed=0.0, horizontalAccuracy=1.07)
2025-09-07 17:36:30.618 DEBUG [BluetoothWorker] BT: line:>$LK8EX1,999999,0,-65,36,0.1*0B<
2025-09-07 17:36:30.619 DEBUG [BluetoothWorker] BT: line:>$LK8EX1,999999,0,109,36,0.1*1D<
2025-09-07 17:36:30.620 DEBUG [BluetoothWorker] BT: line:>$LK8EX1,999999,0,191,36,0.1*1C<
2025-09-07 17:36:31.113 DEBUG [BluetoothWorker] BT: line:>$LK8EX1,999999,0,-104,36,0.1*3D<
2025-09-07 17:36:31.113 DEBUG [BluetoothWorker] BT: line:>$LK8EX1,999999,0,-96,36,0.0*06<
2025-09-07 17:36:31.563 DEBUG [Info] adding loc: SensorsLocation(isReal=true, isValid=true, time=1757266592000, coord=LonLat{lon=-123.08998333333334, lat=49.211198333333336}, altGps=17.2, speedGps=0.0, bearingGps=51.77, headingCompass=25.728826633123397, airspeedSensor=null, pressure=101326.11879940968, msOfGPGGA=1757266591534, speedComputed=0.0, bearingComputed=0.0, headingComputed=0.0, airspeedComputed=0.0, horizontalAccuracy=1.08)
2025-09-07 17:36:31.609 DEBUG [BluetoothWorker] BT: line:>$LK8EX1,999999,0,-55,36,0.3*0A<
2025-09-07 17:36:31.611 DEBUG [BluetoothWorker] BT: line:>$LK8EX1,999999,0,40,36,0.0*20<
2025-09-07 17:36:31.612 DEBUG [BluetoothWorker] BT: line:>$LK8EX1,999999,0,182,36,0.0*1F<
2025-09-07 17:36:32.103 DEBUG [BluetoothWorker] BT: line:>$LK8EX1,999999,0,-45,36,0.2*0A<
2025-09-07 17:36:32.105 DEBUG [BluetoothWorker] BT: line:>$LK8EX1,999999,0,-57,36,0.2*09<
2025-09-07 17:36:32.553 DEBUG [Info] adding loc: SensorsLocation(isReal=true, isValid=true, time=1757266593000, coord=LonLat{lon=-123.08998333333334, lat=49.211198333333336}, altGps=17.2, speedGps=0.0, bearingGps=51.77, headingCompass=31.229000386816217, airspeedSensor=null, pressure=101326.04455550107, msOfGPGGA=1757266592531, speedComputed=0.0, bearingComputed=0.0, headingComputed=0.0, airspeedComputed=0.0, horizontalAccuracy=1.08)
2025-09-07 17:36:32.599 DEBUG [BluetoothWorker] BT: line:>$LK8EX1,999999,0,-271,36,0.1*3C<
2025-09-07 17:36:32.600 DEBUG [BluetoothWorker] BT: line:>$LK8EX1,999999,-1,-70,36,0.1*23<
2025-09-07 17:36:32.601 DEBUG [BluetoothWorker] BT: line:>$LK8EX1,999999,-1,-265,36,0.2*16<
2025-09-07 17:36:33.094 DEBUG [BluetoothWorker] BT: line:>$LK8EX1,999999,-1,-94,36,0.1*29<
2025-09-07 17:36:33.094 DEBUG [BluetoothWorker] BT: line:>$LK8EX1,999999,-1,147,36,0.1*3B<
2025-09-07 17:36:33.555 DEBUG [Info] adding loc: SensorsLocation(isReal=true, isValid=true, time=1757266594000, coord=LonLat{lon=-123.08998333333334, lat=49.211198333333336}, altGps=17.2, speedGps=0.0, bearingGps=51.77, headingCompass=17.412797257292432, airspeedSensor=null, pressure=101327.16077642683, msOfGPGGA=1757266593533, speedComputed=0.0, bearingComputed=0.0, headingComputed=0.0, airspeedComputed=0.0, horizontalAccuracy=1.08)
2025-09-07 17:36:33.588 DEBUG [BluetoothWorker] BT: line:>$LK8EX1,999999,-1,4,36,0.1*3D<
2025-09-07 17:36:33.589 DEBUG [BluetoothWorker] BT: line:>$LK8EX1,999999,-1,-239,36,0.1*1C<
2025-09-07 17:36:34.085 DEBUG [BluetoothWorker] BT: line:>$LK8EX1,999999,-1,13,36,0.1*0B<
2025-09-07 17:36:34.087 DEBUG [BluetoothWorker] BT: line:>$LK8EX1,999999,-1,-198,36,0.0*15<
2025-09-07 17:36:34.088 DEBUG [BluetoothWorker] BT: line:>$LK8EX1,999999,-2,-1,36,0.2*15<
2025-09-07 17:36:34.555 DEBUG [Info] adding loc: SensorsLocation(isReal=true, isValid=true, time=1757266595000, coord=LonLat{lon=-123.08998333333334, lat=49.211198333333336}, altGps=17.2, speedGps=0.0, bearingGps=51.77, headingCompass=30.12866032662175, airspeedSensor=null, pressure=101328.86967657892, msOfGPGGA=1757266594528, speedComputed=0.0, bearingComputed=0.0, headingComputed=0.0, airspeedComputed=0.0, horizontalAccuracy=1.35)
2025-09-07 17:36:34.576 DEBUG [BluetoothWorker] BT: line:>$LK8EX1,999999,-1,149,36,0.0*34<
2025-09-07 17:36:34.577 DEBUG [BluetoothWorker] BT: line:>$LK8EX1,999999,-2,-151,36,0.2*11<
2025-09-07 17:36:35.073 DEBUG [BluetoothWorker] BT: line:>$LK8EX1,999999,-1,32,36,0.1*08<
2025-09-07 17:36:35.075 DEBUG [BluetoothWorker] BT: line:>$LK8EX1,999999,-1,-57,36,0.0*27<
2025-09-07 17:36:35.557 DEBUG [Info] adding loc: SensorsLocation(isReal=true, isValid=true, time=1757266596000, coord=LonLat{lon=-123.08998333333334, lat=49.211198333333336}, altGps=17.2, speedGps=0.0, bearingGps=51.77, headingCompass=41.00900141029036, airspeedSensor=null, pressure=101330.19742730306, msOfGPGGA=1757266595532, speedComputed=0.0, bearingComputed=0.0, headingComputed=0.0, airspeedComputed=0.0, horizontalAccuracy=1.35)
2025-09-07 17:36:35.566 DEBUG [BluetoothWorker] BT: line:>$LK8EX1,999999,-1,-191,36,0.1*1D<
2025-09-07 17:36:35.568 DEBUG [BluetoothWorker] BT: line:>$LK8EX1,999999,-2,-72,36,0.1*22<
2025-09-07 17:36:36.063 DEBUG [BluetoothWorker] BT: line:>$LK8EX1,999999,-1,122,36,0.1*38<
2025-09-07 17:36:36.065 DEBUG [BluetoothWorker] BT: line:>$LK8EX1,999999,-1,19,36,0.1*01<
2025-09-07 17:36:36.066 DEBUG [BluetoothWorker] BT: line:>$LK8EX1,999999,-1,-52,36,0.1*23<
2025-09-07 17:36:36.563 DEBUG [BluetoothWorker] BT: line:>$LK8EX1,999999,-1,-65,36,0.0*26<
2025-09-07 17:36:36.564 DEBUG [Info] adding loc: SensorsLocation(isReal=true, isValid=true, time=1757266597000, coord=LonLat{lon=-123.08998333333334, lat=49.211198333333336}, altGps=17.2, speedGps=0.0, bearingGps=51.77, headingCompass=32.67236449995978, airspeedSensor=null, pressure=101331.69608409304, msOfGPGGA=1757266596532, speedComputed=0.0, bearingComputed=0.0, headingComputed=0.0, airspeedComputed=0.0, horizontalAccuracy=1.33)
2025-09-07 17:36:36.564 DEBUG [BluetoothWorker] BT: line:>$LK8EX1,999999,-1,24,36,0.1*0F<
2025-09-07 17:36:37.054 DEBUG [BluetoothWorker] BT: line:>$LK8EX1,999999,-1,104,36,0.1*3C<
2025-09-07 17:36:37.055 DEBUG [BluetoothWorker] BT: line:>$LK8EX1,999999,-1,-159,36,0.2*1A<
2025-09-07 17:36:37.056 DEBUG [BluetoothWorker] BT: line:>$LK8EX1,999999,-1,-112,36,0.2*15<
2025-09-07 17:36:37.547 DEBUG [BluetoothWorker] BT: line:>$LK8EX1,999999,-1,100,36,0.1*38<
2025-09-07 17:36:37.548 DEBUG [BluetoothWorker] BT: line:>$LK8EX1,999999,-1,115,36,0.1*3C<
2025-09-07 17:36:37.558 DEBUG [Info] adding loc: SensorsLocation(isReal=true, isValid=true, time=1757266598000, coord=LonLat{lon=-123.08998333333334, lat=49.211198333333336}, altGps=17.2, speedGps=0.0, bearingGps=51.77, headingCompass=42.537232331418586, airspeedSensor=null, pressure=101333.29502164376, msOfGPGGA=1757266597530, speedComputed=0.0, bearingComputed=0.0, headingComputed=0.0, airspeedComputed=0.0, horizontalAccuracy=1.33)
2025-09-07 17:36:38.043 DEBUG [BluetoothWorker] BT: line:>$LK8EX1,999999,-1,-41,36,0.4*24<
2025-09-07 17:36:38.044 DEBUG [BluetoothWorker] BT: line:>$LK8EX1,999999,-1,-174,36,0.0*17<
2025-09-07 17:36:38.044 DEBUG [BluetoothWorker] BT: line:>$LK8EX1,999999,-2,-89,36,0.1*26<
2025-09-07 17:36:38.537 DEBUG [BluetoothWorker] BT: line:>$LK8EX1,999999,-2,-326,36,0.1*10<
2025-09-07 17:36:38.539 DEBUG [BluetoothWorker] BT: line:>$LK8EX1,999999,-2,-20,36,0.1*25<
2025-09-07 17:36:38.562 DEBUG [Info] adding loc: SensorsLocation(isReal=true, isValid=true, time=1757266599000, coord=LonLat{lon=-123.08998333333334, lat=49.211198333333336}, altGps=17.2, speedGps=0.0, bearingGps=51.77, headingCompass=74.6231917217868, airspeedSensor=null, pressure=101335.03783360877, msOfGPGGA=1757266598536, speedComputed=0.0, bearingComputed=0.0, headingComputed=0.0, airspeedComputed=0.0, horizontalAccuracy=1.33)
2025-09-07 17:36:39.034 DEBUG [BluetoothWorker] BT: line:>$LK8EX1,999999,-2,149,36,0.1*36<
2025-09-07 17:36:39.035 DEBUG [BluetoothWorker] BT: line:>$LK8EX1,999999,-2,48,36,0.3*04<
2025-09-07 17:36:39.526 DEBUG [BluetoothWorker] BT: line:>$LK8EX1,999999,-2,62,36,0.3*0C<
2025-09-07 17:36:39.528 DEBUG [BluetoothWorker] BT: line:>$LK8EX1,999999,-1,148,36,0.3*36<
2025-09-07 17:36:39.528 DEBUG [BluetoothWorker] BT: line:>$LK8EX1,999999,-1,149,36,0.1*35<
2025-09-07 17:36:39.538 DEBUG [Info] adding loc: SensorsLocation(isReal=true, isValid=true, time=1757266600000, coord=LonLat{lon=-123.08998333333334, lat=49.211198333333336}, altGps=17.2, speedGps=0.0, bearingGps=51.77, headingCompass=95.46364933243724, airspeedSensor=null, pressure=101336.64395047916, msOfGPGGA=1757266599519, speedComputed=0.0, bearingComputed=0.0, headingComputed=0.0, airspeedComputed=0.0, horizontalAccuracy=1.08)
2025-09-07 17:36:40.022 DEBUG [BluetoothWorker] BT: line:>$LK8EX1,999999,-1,-28,36,0.0*2F<
2025-09-07 17:36:40.023 DEBUG [BluetoothWorker] BT: line:>$LK8EX1,999999,-1,-104,36,0.2*12<
2025-09-07 17:36:40.516 DEBUG [BluetoothWorker] BT: line:>$LK8EX1,999999,-1,5,36,0.1*3C<
2025-09-07 17:36:40.517 DEBUG [BluetoothWorker] BT: line:>$LK8EX1,999999,-1,153,36,0.1*3E<
2025-09-07 17:36:40.519 DEBUG [BluetoothWorker] BT: line:>$LK8EX1,999999,-1,-212,36,0.1*15<
2025-09-07 17:36:40.537 DEBUG [Info] adding loc: SensorsLocation(isReal=true, isValid=true, time=1757266601000, coord=LonLat{lon=-123.089935, lat=49.21123166666667}, altGps=21.8, speedGps=0.38480411200000003, bearingGps=3.97, headingCompass=96.34456615045049, airspeedSensor=null, pressure=101337.43262946793, msOfGPGGA=1757266600519, speedComputed=5.105386701920998, bearingComputed=43.44809723524411, headingComputed=0.0, airspeedComputed=0.0, horizontalAccuracy=1.08)
2025-09-07 17:36:41.012 DEBUG [BluetoothWorker] BT: line:>$LK8EX1,999999,-1,-263,36,0.1*13<
2025-09-07 17:36:41.012 DEBUG [BluetoothWorker] BT: line:>$LK8EX1,999999,-2,76,36,0.1*0B<
2025-09-07 17:36:41.508 DEBUG [BluetoothWorker] BT: line:>$LK8EX1,999999,-1,83,36,0.1*02<
2025-09-07 17:36:41.509 DEBUG [BluetoothWorker] BT: line:>$LK8EX1,999999,-1,-45,36,0.1*25<
2025-09-07 17:36:41.510 DEBUG [BluetoothWorker] BT: line:>$LK8EX1,999999,-1,-69,36,0.1*2B<
2025-09-07 17:36:41.547 INFO [MainActivity] Preferences changed (Sensors.ManualQnh), reloading.
2025-09-07 17:36:41.548 DEBUG [Info] adding loc: SensorsLocation(isReal=true, isValid=true, time=1757266602000, coord=LonLat{lon=-123.08993833333334, lat=49.211241666666666}, altGps=22.3, speedGps=0.0, bearingGps=353.2, headingCompass=95.63909640164736, airspeedSensor=null, pressure=101338.28926654765, msOfGPGGA=1757266601526, speedComputed=1.1380072958684977, bearingComputed=347.71520112559205, headingComputed=0.0, airspeedComputed=0.0, horizontalAccuracy=1.08)
2025-09-07 17:36:42.003 DEBUG [BluetoothWorker] BT: line:>$LK8EX1,999999,-1,55,36,0.0*08<
2025-09-07 17:36:42.004 DEBUG [BluetoothWorker] BT: line:>$LK8EX1,999999,-1,8,36,0.3*33<
2025-09-07 17:36:42.497 DEBUG [BluetoothWorker] BT: line:>$LK8EX1,999999,-1,143,36,0.0*3E<
2025-09-07 17:36:42.498 DEBUG [BluetoothWorker] BT: line:>$LK8EX1,999999,-1,60,36,0.3*0D<
2025-09-07 17:36:42.552 DEBUG [Info] adding loc: SensorsLocation(isReal=true, isValid=true, time=1757266603000, coord=LonLat{lon=-123.08993666666667, lat=49.21126}, altGps=22.9, speedGps=0.0, bearingGps=357.83, headingCompass=104.84647827076971, airspeedSensor=null, pressure=101338.54064990128, msOfGPGGA=1757266602523, speedComputed=2.04216549222088, bearingComputed=3.398709671499863, headingComputed=0.0, airspeedComputed=0.0, horizontalAccuracy=1.17)
2025-09-07 17:36:42.992 DEBUG [BluetoothWorker] BT: line:>$LK8EX1,999999,-1,-115,36,0.3*13<
2025-09-07 17:36:42.992 DEBUG [BluetoothWorker] BT: line:>$LK8EX1,999999,-1,-15,36,0.1*20<
2025-09-07 17:36:43.486 DEBUG [BluetoothWorker] BT: line:>$LK8EX1,999999,-1,322,36,0.1*3A<
2025-09-07 17:36:43.487 DEBUG [BluetoothWorker] BT: line:>$LK8EX1,999999,-1,-193,36,0.1*1F<
2025-09-07 17:36:43.489 DEBUG [BluetoothWorker] BT: line:>$LK8EX1,999999,-1,102,36,0.1*3A<
2025-09-07 17:36:43.536 DEBUG [Info] adding loc: SensorsLocation(isReal=true, isValid=true, time=1757266604000, coord=LonLat{lon=-123.08993666666667, lat=49.21127666666667}, altGps=23.6, speedGps=0.0, bearingGps=79.72, headingCompass=138.861414563891, airspeedSensor=null, pressure=101338.50148817374, msOfGPGGA=1757266603519, speedComputed=1.8532487778996076, bearingComputed=359.999999992634, headingComputed=0.0, airspeedComputed=0.0, horizontalAccuracy=1.08)
2025-09-07 17:36:43.982 DEBUG [BluetoothWorker] BT: line:>$LK8EX1,999999,-1,-150,36,0.1*10<
2025-09-07 17:36:43.983 DEBUG [BluetoothWorker] BT: line:>$LK8EX1,999999,-1,30,36,0.1*0A<
2025-09-07 17:36:44.479 DEBUG [BluetoothWorker] BT: line:>$LK8EX1,999999,-2,-180,36,0.1*1E<
2025-09-07 17:36:44.480 DEBUG [BluetoothWorker] BT: line:>$LK8EX1,999999,-2,-78,36,0.1*28<
2025-09-07 17:36:44.536 DEBUG [Info] adding loc: SensorsLocation(isReal=true, isValid=true, time=1757266605000, coord=LonLat{lon=-123.08993666666667, lat=49.21127666666667}, altGps=23.6, speedGps=0.0, bearingGps=79.72, headingCompass=200.60182037841972, airspeedSensor=null, pressure=101338.92960715806, msOfGPGGA=1757266604519, speedComputed=0.0, bearingComputed=0.0, headingComputed=0.0, airspeedComputed=0.0, horizontalAccuracy=1.08)
2025-09-07 17:36:44.974 DEBUG [BluetoothWorker] BT: line:>$LK8EX1,999999,-2,191,36,0.1*33<
2025-09-07 17:36:44.975 DEBUG [BluetoothWorker] BT: line:>$LK8EX1,999999,-1,220,36,0.1*39<
2025-09-07 17:36:45.467 DEBUG [BluetoothWorker] BT: line:>$LK8EX1,999999,-1,-112,36,0.3*14<
2025-09-07 17:36:45.470 DEBUG [BluetoothWorker] BT: line:>$LK8EX1,999999,-1,214,36,0.0*3F<
2025-09-07 17:36:45.537 DEBUG [Info] adding loc: SensorsLocation(isReal=true, isValid=true, time=1757266606000, coord=LonLat{lon=-123.08993666666667, lat=49.21127666666667}, altGps=23.6, speedGps=0.0, bearingGps=79.72, headingCompass=213.02850262980084, airspeedSensor=null, pressure=101339.31962137706, msOfGPGGA=1757266605519, speedComputed=0.0, bearingComputed=0.0, headingComputed=0.0, airspeedComputed=0.0, horizontalAccuracy=1.08)
2025-09-07 17:36:46.456 DEBUG [BluetoothWorker] BT: line:>$LK8EX1,999999,-2,-312,36,0.2*14<
2025-09-07 17:36:46.457 DEBUG [BluetoothWorker] BT: line:>$LK8EX1,999999,-1,20,36,0.2*08<
2025-09-07 17:36:46.458 DEBUG [BluetoothWorker] BT: line:>$LK8EX1,999999,-2,-175,36,0.2*17<
2025-09-07 17:36:46.460 DEBUG [BluetoothWorker] BT: line:>$LK8EX1,999999,-2,-6,36,0.1*11<
2025-09-07 17:36:46.535 DEBUG [Info] adding loc: SensorsLocation(isReal=true, isValid=true, time=1757266607000, coord=LonLat{lon=-123.08993666666667, lat=49.21127666666667}, altGps=23.6, speedGps=0.0, bearingGps=342.46, headingCompass=186.45052537952307, airspeedSensor=null, pressure=101339.91415553825, msOfGPGGA=1757266606520, speedComputed=0.0, bearingComputed=0.0, headingComputed=0.0, airspeedComputed=0.0, horizontalAccuracy=1.08)
2025-09-07 17:36:46.954 DEBUG [BluetoothWorker] BT: line:>$LK8EX1,999999,-2,156,36,0.1*38<
2025-09-07 17:36:46.955 DEBUG [BluetoothWorker] BT: line:>$LK8EX1,999999,-2,40,36,0.1*0E<
2025-09-07 17:36:47.448 DEBUG [BluetoothWorker] BT: line:>$LK8EX1,999999,-2,215,36,0.4*39<
2025-09-07 17:36:47.449 DEBUG [BluetoothWorker] BT: line:>$LK8EX1,999999,-2,4,36,0.1*3E<
2025-09-07 17:36:47.450 DEBUG [BluetoothWorker] BT: line:>$LK8EX1,999999,-2,17,36,0.1*0C<
2025-09-07 17:36:47.538 DEBUG [Info] adding loc: SensorsLocation(isReal=true, isValid=true, time=1757266608000, coord=LonLat{lon=-123.08993666666667, lat=49.21127666666667}, altGps=23.6, speedGps=0.0, bearingGps=342.46, headingCompass=162.969250258368, airspeedSensor=null, pressure=101340.85256756781, msOfGPGGA=1757266607518, speedComputed=0.0, bearingComputed=0.0, headingComputed=0.0, airspeedComputed=0.0, horizontalAccuracy=1.08)
2025-09-07 17:36:47.943 DEBUG [BluetoothWorker] BT: line:>$LK8EX1,999999,-2,29,36,0.1*01<
2025-09-07 17:36:47.945 DEBUG [BluetoothWorker] BT: line:>$LK8EX1,999999,-2,-152,36,0.1*11<
2025-09-07 17:36:48.438 DEBUG [BluetoothWorker] BT: line:>$LK8EX1,999999,-2,-19,36,0.4*2A<
2025-09-07 17:36:48.439 DEBUG [BluetoothWorker] BT: line:>$LK8EX1,999999,-2,-39,36,0.3*2F<
2025-09-07 17:36:48.440 DEBUG [BluetoothWorker] BT: line:>$LK8EX1,999999,-1,80,36,0.2*02<
2025-09-07 17:36:48.537 DEBUG [Info] adding loc: SensorsLocation(isReal=true, isValid=true, time=1757266609000, coord=LonLat{lon=-123.08993666666667, lat=49.21127666666667}, altGps=23.6, speedGps=0.0, bearingGps=342.46, headingCompass=166.58593104653812, airspeedSensor=null, pressure=101341.50141020077, msOfGPGGA=1757266608521, speedComputed=0.0, bearingComputed=0.0, headingComputed=0.0, airspeedComputed=0.0, horizontalAccuracy=1.1)
2025-09-07 17:36:48.934 DEBUG [BluetoothWorker] BT: line:>$LK8EX1,999999,-2,-282,36,0.1*1F<
2025-09-07 17:36:48.935 DEBUG [BluetoothWorker] BT: line:>$LK8EX1,999999,-1,38,36,0.1*02<
2025-09-07 17:36:49.431 DEBUG [BluetoothWorker] BT: line:>$LK8EX1,999999,-1,-139,36,0.1*1F<
2025-09-07 17:36:49.534 INFO [MainActivity] Preferences changed (Sensors.ManualQnh), reloading.
2025-09-07 17:36:49.534 DEBUG [Info] adding loc: SensorsLocation(isReal=true, isValid=true, time=1757266610000, coord=LonLat{lon=-123.08993666666667, lat=49.21127666666667}, altGps=23.6, speedGps=0.0, bearingGps=342.46, headingCompass=103.54073051657089, airspeedSensor=null, pressure=101341.51141937963, msOfGPGGA=1757266609518, speedComputed=0.0, bearingComputed=0.0, headingComputed=0.0, airspeedComputed=0.0, horizontalAccuracy=1.1)
2025-09-07 17:36:49.922 DEBUG [BluetoothWorker] BT: line:>$LK8EX1,999999,-2,-365,36,0.1*17<
2025-09-07 17:36:49.923 DEBUG [BluetoothWorker] BT: line:>$LK8EX1,999999,-1,92,36,0.0*03<
2025-09-07 17:36:49.924 DEBUG [BluetoothWorker] BT: line:>$LK8EX1,999999,-1,90,36,0.1*00<
2025-09-07 17:36:50.417 DEBUG [BluetoothWorker] BT: line:>$LK8EX1,999999,-2,-93,36,0.1*2D<
2025-09-07 17:36:50.418 DEBUG [BluetoothWorker] BT: line:>$LK8EX1,999999,-2,-251,36,0.1*11<
2025-09-07 17:36:50.419 DEBUG [BluetoothWorker] BT: line:>$LK8EX1,999999,-2,5,36,0.2*3C<
2025-09-07 17:36:50.420 DEBUG [BluetoothWorker] BT: line:>$LK8EX1,999999,-2,38,36,0.0*00<
2025-09-07 17:36:50.536 DEBUG [Info] adding loc: SensorsLocation(isReal=true, isValid=true, time=1757266611000, coord=LonLat{lon=-123.08993666666667, lat=49.21127666666667}, altGps=23.6, speedGps=0.0, bearingGps=342.46, headingCompass=0.7730485663986997, airspeedSensor=null, pressure=101342.24125296387, msOfGPGGA=1757266610519, speedComputed=0.0, bearingComputed=0.0, headingComputed=0.0, airspeedComputed=0.0, horizontalAccuracy=1.19)
2025-09-07 17:36:50.912 DEBUG [BluetoothWorker] BT: line:>$LK8EX1,999999,-2,-74,36,0.2*27<
2025-09-07 17:36:50.914 DEBUG [BluetoothWorker] BT: line:>$LK8EX1,999999,-1,155,36,0.2*3B<
2025-09-07 17:36:50.915 DEBUG [BluetoothWorker] BT: line:>$LK8EX1,999999,-1,-23,36,0.2*26<
2025-09-07 17:36:51.409 DEBUG [BluetoothWorker] BT: line:>$LK8EX1,999999,-1,-107,36,0.1*12<
2025-09-07 17:36:51.411 DEBUG [BluetoothWorker] BT: line:>$LK8EX1,999999,-2,-63,36,0.1*22<
2025-09-07 17:36:51.412 DEBUG [BluetoothWorker] BT: line:>$LK8EX1,999999,-2,-31,36,0.1*25<
2025-09-07 17:36:51.535 DEBUG [Info] adding loc: SensorsLocation(isReal=true, isValid=true, time=1757266612000, coord=LonLat{lon=-123.08991666666667, lat=49.21135833333334}, altGps=24.9, speedGps=0.0, bearingGps=342.46, headingCompass=329.8468467593622, airspeedSensor=null, pressure=101342.43869023792, msOfGPGGA=1757266611519, speedComputed=9.19639835785509, bearingComputed=9.089417418242041, headingComputed=0.0, airspeedComputed=0.0, horizontalAccuracy=1.19)
2025-09-07 17:36:51.905 DEBUG [BluetoothWorker] BT: line:>$LK8EX1,999999,-2,-97,36,0.1*29<
2025-09-07 17:36:51.906 DEBUG [BluetoothWorker] BT: line:>$LK8EX1,999999,-2,158,36,0.0*37<
2025-09-07 17:36:51.908 DEBUG [BluetoothWorker] BT: line:>$LK8EX1,999999,-2,-70,36,0.1*20<
2025-09-07 17:36:52.400 DEBUG [BluetoothWorker] BT: line:>$LK8EX1,999999,-2,-30,36,0.1*24<
2025-09-07 17:36:52.561 DEBUG [Info] adding loc: SensorsLocation(isReal=true, isValid=true, time=1757266613000, coord=LonLat{lon=-123.0899, lat=49.21137}, altGps=25.1, speedGps=0.0, bearingGps=342.46, headingCompass=324.8137930581011, airspeedSensor=null, pressure=101343.07582201734, msOfGPGGA=1757266612534, speedComputed=1.7744431492365336, bearingComputed=43.02230866743598, headingComputed=0.0, airspeedComputed=0.0, horizontalAccuracy=1.1)
2025-09-07 17:36:52.894 DEBUG [BluetoothWorker] BT: line:>$LK8EX1,999999,-1,148,36,0.0*35<
2025-09-07 17:36:52.896 DEBUG [BluetoothWorker] BT: line:>$LK8EX1,999999,-1,-84,36,0.0*29<
2025-09-07 17:36:52.897 DEBUG [BluetoothWorker] BT: line:>$LK8EX1,999999,-1,-158,36,0.3*1A<
2025-09-07 17:36:53.390 DEBUG [BluetoothWorker] BT: line:>$LK8EX1,999999,-2,-50,36,0.0*23<
2025-09-07 17:36:53.391 DEBUG [BluetoothWorker] BT: line:>$LK8EX1,999999,-1,337,36,0.2*3D<
2025-09-07 17:36:53.393 DEBUG [BluetoothWorker] BT: line:>$LK8EX1,999999,-1,261,36,0.2*3F<
2025-09-07 17:36:53.539 DEBUG [Info] adding loc: SensorsLocation(isReal=true, isValid=true, time=1757266614000, coord=LonLat{lon=-123.0899, lat=49.21136833333333}, altGps=25.1, speedGps=0.0, bearingGps=342.46, headingCompass=357.65276714408486, airspeedSensor=null, pressure=101342.59610625118, msOfGPGGA=1757266613527, speedComputed=0.1853248772948346, bearingComputed=180.0000000597653, headingComputed=0.0, airspeedComputed=0.0, horizontalAccuracy=1.08)
2025-09-07 17:36:53.883 DEBUG [BluetoothWorker] BT: line:>$LK8EX1,999999,-1,98,36,0.3*0A<
2025-09-07 17:36:54.377 DEBUG [BluetoothWorker] BT: line:>$LK8EX1,999999,-1,16,36,0.1*0E<
2025-09-07 17:36:54.539 INFO [MainActivity] Preferences changed (Sensors.ManualQnh), reloading.
2025-09-07 17:36:54.539 DEBUG [Info] adding loc: SensorsLocation(isReal=true, isValid=true, time=1757266615000, coord=LonLat{lon=-123.08988666666667, lat=49.211378333333336}, altGps=25.3, speedGps=0.0, bearingGps=342.46, headingCompass=347.44184607078006, airspeedSensor=null, pressure=101342.33245219619, msOfGPGGA=1757266614519, speedComputed=1.4746175518859335, bearingComputed=41.05674254767914, headingComputed=0.0, airspeedComputed=0.0, horizontalAccuracy=1.08)
2025-09-07 17:36:54.874 DEBUG [BluetoothWorker] BT: line:>$LK8EX1,999999,-1,-266,36,0.1*16<
2025-09-07 17:36:54.875 DEBUG [BluetoothWorker] BT: line:>$LK8EX1,999999,-1,65,36,0.0*0B<
2025-09-07 17:36:55.370 DEBUG [BluetoothWorker] BT: line:>$LK8EX1,999999,-1,136,36,0.0*3C<
2025-09-07 17:36:55.552 DEBUG [Info] adding loc: SensorsLocation(isReal=true, isValid=true, time=1757266616000, coord=LonLat{lon=-123.089885, lat=49.211378333333336}, altGps=25.4, speedGps=0.0, bearingGps=342.46, headingCompass=342.85128105225635, airspeedSensor=null, pressure=101341.94860931148, msOfGPGGA=1757266615530, speedComputed=0.12106723177947912, bearingComputed=90.0, headingComputed=0.0, airspeedComputed=0.0, horizontalAccuracy=1.08)
2025-09-07 17:36:55.865 DEBUG [BluetoothWorker] BT: line:>$LK8EX1,999999,-1,102,36,0.2*39<
2025-09-07 17:36:55.866 DEBUG [BluetoothWorker] BT: line:>$LK8EX1,999999,-1,-156,36,0.2*15<
2025-09-07 17:36:55.867 DEBUG [BluetoothWorker] BT: line:>$LK8EX1,999999,-1,-58,36,0.2*2A<
2025-09-07 17:36:56.359 DEBUG [BluetoothWorker] BT: line:>$LK8EX1,999999,-1,39,36,0.2*00<
2025-09-07 17:36:56.360 DEBUG [BluetoothWorker] BT: line:>$LK8EX1,999999,-1,-96,36,0.1*2B<
2025-09-07 17:36:56.559 DEBUG [Info] adding loc: SensorsLocation(isReal=true, isValid=true, time=1757266617000, coord=LonLat{lon=-123.089885, lat=49.21138166666667}, altGps=25.5, speedGps=0.0, bearingGps=342.46, headingCompass=337.4790230813395, airspeedSensor=null, pressure=101341.33952997276, msOfGPGGA=1757266616536, speedComputed=0.3706497545896692, bearingComputed=2.854814993206749E-8, headingComputed=0.0, airspeedComputed=0.0, horizontalAccuracy=1.22)
2025-09-07 17:36:56.855 DEBUG [BluetoothWorker] BT: line:>$LK8EX1,999999,-1,-166,36,0.1*15<
2025-09-07 17:36:57.349 DEBUG [BluetoothWorker] BT: line:>$LK8EX1,999999,-1,62,36,0.0*0C<
2025-09-07 17:36:57.350 DEBUG [BluetoothWorker] BT: line:>$LK8EX1,999999,-1,-12,36,0.1*27<
2025-09-07 17:36:57.350 DEBUG [BluetoothWorker] BT: line:>$LK8EX1,999999,-1,-260,36,0.1*10<
2025-09-07 17:36:57.351 DEBUG [BluetoothWorker] BT: line:>$LK8EX1,999999,-1,174,36,0.1*3B<
2025-09-07 17:36:57.351 DEBUG [BluetoothWorker] BT: line:>$LK8EX1,999999,-2,-181,36,0.2*1C<
2025-09-07 17:36:57.352 DEBUG [BluetoothWorker] BT: line:>$LK8EX1,999999,-2,-7,36,0.1*10<
2025-09-07 17:36:57.558 INFO [MainActivity] Preferences changed (Sensors.ManualQnh), reloading.
2025-09-07 17:36:57.558 DEBUG [Info] adding loc: SensorsLocation(isReal=true, isValid=true, time=1757266618000, coord=LonLat{lon=-123.08989, lat=49.211373333333334}, altGps=25.7, speedGps=0.0, bearingGps=342.46, headingCompass=325.5108685044143, airspeedSensor=null, pressure=101341.10401199733, msOfGPGGA=1757266617533, speedComputed=0.9952628959151864, bearingComputed=201.403302242792, headingComputed=0.0, airspeedComputed=0.0, horizontalAccuracy=1.56)
2025-09-07 17:36:58.342 DEBUG [BluetoothWorker] BT: line:>$LK8EX1,999999,-1,71,36,0.0*0E<
2025-09-07 17:36:58.556 DEBUG [Info] adding loc: SensorsLocation(isReal=true, isValid=true, time=1757266619000, coord=LonLat{lon=-123.08989333333334, lat=49.211375}, altGps=25.8, speedGps=0.0, bearingGps=342.46, headingCompass=341.1629197611317, airspeedSensor=null, pressure=101341.06980641872, msOfGPGGA=1757266618531, speedComputed=0.30491706736474655, bearingComputed=307.42971999400294, headingComputed=0.0, airspeedComputed=0.0, horizontalAccuracy=2.42)
2025-09-07 17:36:58.833 DEBUG [BluetoothWorker] BT: line:>$LK8EX1,999999,-1,24,36,0.1*0F<
2025-09-07 17:36:59.538 DEBUG [Info] adding loc: SensorsLocation(isReal=true, isValid=true, time=1757266620000, coord=LonLat{lon=-123.08989333333334, lat=49.21138}, altGps=25.8, speedGps=0.0, bearingGps=342.46, headingCompass=341.39750943836503, airspeedSensor=null, pressure=101340.9959603748, msOfGPGGA=1757266619520, speedComputed=0.5559746340064731, bearingComputed=359.99999999983635, headingComputed=0.0, airspeedComputed=0.0, horizontalAccuracy=2.42)
2025-09-07 17:37:00.535 INFO [MainActivity] Preferences changed (Sensors.ManualQnh), reloading.
2025-09-07 17:37:00.535 DEBUG [Info] adding loc: SensorsLocation(isReal=true, isValid=true, time=1757266621000, coord=LonLat{lon=-123.08988833333333, lat=49.21138333333333}, altGps=25.9, speedGps=0.0, bearingGps=342.46, headingCompass=337.52054038620946, airspeedSensor=null, pressure=101340.9959603748, msOfGPGGA=1757266620519, speedComputed=0.5189380433011166, bearingComputed=44.41850552040151, headingComputed=0.0, airspeedComputed=0.0, horizontalAccuracy=2.42)
2025-09-07 17:37:01.307 DEBUG [BluetoothWorker] BT: line:>$LK8EX1,999999,-1,-87,36,0.0*2A<
2025-09-07 17:37:01.308 DEBUG [BluetoothWorker] BT: line:>$LK8EX1,999999,-1,53,36,0.2*0C<
2025-09-07 17:37:01.308 DEBUG [BluetoothWorker] BT: line:>$LK8EX1,999999,-1,-12,36,0.1*27<
2025-09-07 17:37:01.310 DEBUG [BluetoothWorker] BT: line:>$LK8EX1,999999,-1,0,36,0.1*39<
2025-09-07 17:37:01.546 DEBUG [Info] adding loc: SensorsLocation(isReal=true, isValid=true, time=1757266622000, coord=LonLat{lon=-123.08987833333333, lat=49.21139}, altGps=26.0, speedGps=0.0, bearingGps=342.46, headingCompass=338.26149638284534, airspeedSensor=null, pressure=101340.55683336646, msOfGPGGA=1757266621533, speedComputed=1.0378760372030327, bearingComputed=44.41850046253768, headingComputed=0.0, airspeedComputed=0.0, horizontalAccuracy=2.62)
2025-09-07 17:37:01.804 DEBUG [BluetoothWorker] BT: line:>$LK8EX1,999999,-1,-85,36,0.0*28<
2025-09-07 17:37:01.805 DEBUG [BluetoothWorker] BT: line:>$LK8EX1,999999,-1,-77,36,0.2*27<
2025-09-07 17:37:02.302 DEBUG [BluetoothWorker] BT: line:>$LK8EX1,999999,-1,31,36,0.1*0B<
2025-09-07 17:37:02.302 DEBUG [BluetoothWorker] BT: line:>$LK8EX1,999999,-1,38,36,0.1*02<
2025-09-07 17:37:02.303 DEBUG [BluetoothWorker] BT: line:>$LK8EX1,999999,-1,134,36,0.1*3F<
2025-09-07 17:37:02.303 DEBUG [BluetoothWorker] BT: line:>$LK8EX1,999999,-1,-130,36,0.1*16<
2025-09-07 17:37:02.303 DEBUG [BluetoothWorker] BT: line:>$LK8EX1,999999,-1,-73,36,0.0*21<
2025-09-07 17:37:02.303 DEBUG [BluetoothWorker] BT: line:>$LK8EX1,999999,-1,65,36,0.0*0B<
2025-09-07 17:37:02.304 DEBUG [BluetoothWorker] BT: line:>$LK8EX1,999999,-1,0,36,0.0*38<
2025-09-07 17:37:02.304 DEBUG [BluetoothWorker] BT: line:>$LK8EX1,999999,-2,-223,36,0.3*16<
2025-09-07 17:37:02.304 DEBUG [BluetoothWorker] BT: line:>$LK8EX1,999999,-2,-93,36,0.1*2D<
2025-09-07 17:37:02.304 DEBUG [BluetoothWorker] BT: line:>$LK8EX1,999999,-2,58,36,0.2*04<
2025-09-07 17:37:02.538 DEBUG [Info] adding loc: SensorsLocation(isReal=true, isValid=true, time=1757266623000, coord=LonLat{lon=-123.089865, lat=49.211398333333335}, altGps=26.1, speedGps=0.0, bearingGps=342.46, headingCompass=323.3619953688799, airspeedSensor=null, pressure=101340.26228552968, msOfGPGGA=1757266622520, speedComputed=1.3404095343407723, bearingComputed=46.26693424430654, headingComputed=0.0, airspeedComputed=0.0, horizontalAccuracy=2.62)
2025-09-07 17:37:02.792 DEBUG [BluetoothWorker] BT: line:>$LK8EX1,999999,-2,59,36,0.1*06<
2025-09-07 17:37:02.793 DEBUG [BluetoothWorker] BT: line:>$LK8EX1,999999,-2,-133,36,0.0*17<
2025-09-07 17:37:02.794 DEBUG [BluetoothWorker] BT: line:>$LK8EX1,999999,-1,39,36,0.1*03<
2025-09-07 17:37:02.795 DEBUG [BluetoothWorker] BT: line:>$LK8EX1,999999,-2,-80,36,0.1*2F<
2025-09-07 17:37:02.795 DEBUG [BluetoothWorker] BT: line:>$LK8EX1,999999,-2,-152,36,0.1*11<
2025-09-07 17:37:02.796 DEBUG [BluetoothWorker] BT: line:>$LK8EX1,999999,-2,1,36,0.1*3B<
2025-09-07 17:37:03.288 DEBUG [BluetoothWorker] BT: line:>$LK8EX1,999999,-2,22,36,0.2*09<
2025-09-07 17:37:03.289 DEBUG [BluetoothWorker] BT: line:>$LK8EX1,999999,-2,20,36,0.0*09<
2025-09-07 17:37:03.290 DEBUG [BluetoothWorker] BT: line:>$LK8EX1,999999,-1,-26,36,0.1*20<
2025-09-07 17:37:03.536 INFO [MainActivity] Preferences changed (Sensors.ManualQnh), reloading.
2025-09-07 17:37:03.536 DEBUG [Info] adding loc: SensorsLocation(isReal=true, isValid=true, time=1757266624000, coord=LonLat{lon=-123.08985833333334, lat=49.211398333333335}, altGps=26.2, speedGps=0.0, bearingGps=342.46, headingCompass=261.7403736015779, airspeedSensor=null, pressure=101341.54674857833, msOfGPGGA=1757266623518, speedComputed=0.48426872810565413, bearingComputed=90.0, headingComputed=0.0, airspeedComputed=0.0, horizontalAccuracy=2.42)
2025-09-07 17:37:03.785 DEBUG [BluetoothWorker] BT: line:>$LK8EX1,999999,-1,77,36,0.2*0A<
2025-09-07 17:37:03.786 DEBUG [BluetoothWorker] BT: line:>$LK8EX1,999999,-2,-24,36,0.2*22<
2025-09-07 17:37:04.536 DEBUG [Info] adding loc: SensorsLocation(isReal=true, isValid=true, time=1757266625000, coord=LonLat{lon=-123.089855, lat=49.211395}, altGps=26.3, speedGps=0.0, bearingGps=342.46, headingCompass=230.04119245598196, airspeedSensor=null, pressure=101341.57322241517, msOfGPGGA=1757266624518, speedComputed=0.4427305005129321, bearingComputed=146.84461760352465, headingComputed=0.0, airspeedComputed=0.0, horizontalAccuracy=2.42)
2025-09-07 17:37:04.772 DEBUG [BluetoothWorker] BT: line:>$LK8EX1,999999,-1,50,36,0.1*0C<
2025-09-07 17:37:05.536 DEBUG [Info] adding loc: SensorsLocation(isReal=true, isValid=true, time=1757266626000, coord=LonLat{lon=-123.08984666666667, lat=49.21139333333333}, altGps=26.3, speedGps=0.0, bearingGps=342.46, headingCompass=208.77171017299545, airspeedSensor=null, pressure=101341.53911353688, msOfGPGGA=1757266625519, speedComputed=0.6330694556645234, bearingComputed=107.02207583873778, headingComputed=0.0, airspeedComputed=0.0, horizontalAccuracy=2.8)
2025-09-07 17:37:06.537 INFO [MainActivity] Preferences changed (Sensors.ManualQnh), reloading.
2025-09-07 17:37:06.537 DEBUG [Info] adding loc: SensorsLocation(isReal=true, isValid=true, time=1757266627000, coord=LonLat{lon=-123.089835, lat=49.211395}, altGps=26.4, speedGps=0.0, bearingGps=342.46, headingCompass=197.99980517259002, airspeedSensor=null, pressure=101341.53911353688, msOfGPGGA=1757266626519, speedComputed=0.8674971464067263, bearingComputed=77.6647319214844, headingComputed=0.0, airspeedComputed=0.0, horizontalAccuracy=3.25)
2025-09-07 17:37:07.535 DEBUG [Info] adding loc: SensorsLocation(isReal=true, isValid=true, time=1757266628000, coord=LonLat{lon=-123.08982666666667, lat=49.21138333333333}, altGps=26.5, speedGps=0.0, bearingGps=342.46, headingCompass=289.76610142662264, airspeedSensor=null, pressure=101341.53911353688, msOfGPGGA=1757266627519, speedComputed=1.431555764167619, bearingComputed=154.98522792738743, headingComputed=0.0, airspeedComputed=0.0, horizontalAccuracy=2.73)
2025-09-07 17:37:08.562 INFO [MainActivity] Preferences changed (Sensors.ManualQnh), reloading.
2025-09-07 17:37:08.562 DEBUG [Info] adding loc: SensorsLocation(isReal=true, isValid=true, time=1757266629000, coord=LonLat{lon=-123.08981666666666, lat=49.211375}, altGps=26.5, speedGps=0.0, bearingGps=342.46, headingCompass=346.00120378802075, airspeedSensor=null, pressure=101341.53911353688, msOfGPGGA=1757266628531, speedComputed=1.1774101323413217, bearingComputed=141.906236483171, headingComputed=0.0, airspeedComputed=0.0, horizontalAccuracy=15.78)
2025-09-07 17:37:09.530 DEBUG [SensorParser] GPGGA: gps fix is not available: $GNGGA,173710.000,4912.6824,N,12305.3883,W,0,0,,26.6,M,-16.8,M,,*5F

2025-09-07 17:37:10.524 DEBUG [SensorParser] GPGGA: gps fix is not available: $GNGGA,173711.000,4912.6823,N,12305.3877,W,0,0,,26.7,M,-16.8,M,,*53

2025-09-07 17:37:10.553 INFO [AltitudeInfo] Baro data is obsolete. Baro gone.
2025-09-07 17:37:11.520 DEBUG [SensorParser] GPGGA: gps fix is not available: $GNGGA,173712.000,4912.6822,N,12305.3870,W,0,0,,26.7,M,-16.8,M,,*56

2025-09-07 17:37:12.525 DEBUG [SensorParser] GPGGA: gps fix is not available: $GNGGA,173713.000,4912.6822,N,12305.3864,W,0,0,,26.8,M,-16.8,M,,*5D

2025-09-07 17:37:13.524 DEBUG [SensorParser] GPGGA: gps fix is not available: $GNGGA,173714.000,4912.6821,N,12305.3858,W,0,0,,26.9,M,-16.8,M,,*57

2025-09-07 17:37:13.958 INFO [org.xcontest.XCTrack.info.r:f()41] Location is obsolete, set NO SIGNAL: 5394
2025-09-07 17:37:14.518 DEBUG [SensorParser] GPGGA: gps fix is not available: $GNGGA,173715.000,4912.6821,N,12305.3852,W,0,0,,26.9,M,-16.8,M,,*5C

2025-09-07 17:37:15.521 DEBUG [SensorParser] GPGGA: gps fix is not available: $GNGGA,173716.000,4912.6820,N,12305.3846,W,0,0,,27.0,M,-16.8,M,,*53

2025-09-07 17:37:15.665 DEBUG [BluetoothWorker] BT: line:>$LK8EX1,999999,-2,-162,36,0.1*12<
2025-09-07 17:37:16.521 DEBUG [SensorParser] GPGGA: gps fix is not available: $GNGGA,173717.000,4912.6820,N,12305.3840,W,0,0,,27.1,M,-16.8,M,,*55

2025-09-07 17:37:16.553 INFO [MainActivity] Preferences changed (Sensors.ManualQnh), reloading.
2025-09-07 17:37:17.060 DEBUG [Nofix worker] Nofix, writing point at 1757266637497
2025-09-07 17:37:17.515 DEBUG [SensorParser] GPGGA: gps fix is not available: $GNGGA,173718.000,4912.6818,N,12305.3834,W,0,0,,27.1,M,-16.8,M,,*52

2025-09-07 17:37:18.514 DEBUG [SensorParser] GPGGA: gps fix is not available: $GNGGA,173719.000,4912.6825,N,12305.3888,W,0,0,,26.5,M,-16.8,M,,*5F

2025-09-07 17:37:19.521 DEBUG [SensorParser] GPGGA: gps fix is not available: $GNGGA,173720.000,4912.6824,N,12305.3886,W,0,0,,26.6,M,-16.8,M,,*59

2025-09-07 17:37:19.623 DEBUG [BluetoothWorker] BT: line:>$LK8EX1,999999,-2,79,36,0.1*04<
2025-09-07 17:37:19.624 DEBUG [BluetoothWorker] BT: line:>$LK8EX1,999999,-2,-89,36,0.1*26<
2025-09-07 17:37:19.625 DEBUG [BluetoothWorker] BT: line:>$LK8EX1,999999,-2,-27,36,0.1*22<
2025-09-07 17:37:20.522 DEBUG [SensorParser] GPGGA: gps fix is not available: $GNGGA,173721.000,4912.6821,N,12305.3883,W,0,0,,26.6,M,-16.8,M,,*58

2025-09-07 17:37:21.522 DEBUG [SensorParser] GPGGA: gps fix is not available: $GNGGA,173722.000,4912.6816,N,12305.3879,W,0,0,,26.6,M,-16.8,M,,*5A

2025-09-07 17:37:22.061 DEBUG [Nofix worker] Nofix, writing point at 1757266642498
2025-09-07 17:37:22.513 DEBUG [SensorParser] GPGGA: gps fix is not available: $GNGGA,173723.000,4912.6811,N,12305.3876,W,0,0,,26.6,M,-16.8,M,,*53

2025-09-07 17:37:23.512 DEBUG [SensorParser] GPGGA: gps fix is not available: $GNGGA,173724.000,4912.6806,N,12305.3873,W,0,0,,26.6,M,-16.8,M,,*57

2025-09-07 17:37:24.037 INFO [MainActivity] MainActivity onPause
2025-09-07 17:37:24.512 DEBUG [SensorParser] GPGGA: gps fix is not available: $GNGGA,173725.000,4912.6801,N,12305.3870,W,0,0,,26.6,M,-16.8,M,,*52

2025-09-07 17:37:25.524 DEBUG [SensorParser] GPGGA: gps fix is not available: $GNGGA,173726.000,4912.6796,N,12305.3868,W,0,0,,26.6,M,-16.8,M,,*59

2025-09-07 17:37:25.561 INFO [AltitudeInfo] Baro data is obsolete. Baro gone.
2025-09-07 17:37:26.520 DEBUG [SensorParser] GPGGA: gps fix is not available: $GNGGA,173727.000,4912.6790,N,12305.3865,W,0,0,,26.6,M,-16.8,M,,*53

2025-09-07 17:37:26.963 INFO [TrackService] Starting service onStartCommand, intent: Intent { act=restoreService cmp=org.xcontest.XCTrack/.TrackService }, startId: 12, current task: org.xcontest.XCTrack.navig.TaskTriangleClosing
2025-09-07 17:37:26.964 INFO [TrackService] (Re)starting GPS.
2025-09-07 17:37:26.964 INFO [internalGps] Stopping
2025-09-07 17:37:26.970 INFO [internalGps] Starting
2025-09-07 17:37:27.061 DEBUG [Nofix worker] Nofix, writing point at 1757266647498
2025-09-07 17:37:27.140 DEBUG [SensorParser] GPGGA: gps fix is not available: $GNGGA,173727.608,4912.6825,N,12305.3890,W,0,0,,26.5,M,-16.8,M,,*55

2025-09-07 17:37:27.663 DEBUG [SensorParser] GPGGA: gps fix is not available: $GNGGA,173728.108,4912.6826,N,12305.3890,W,0,0,,26.5,M,-16.8,M,,*5E

2025-09-07 17:37:28.137 DEBUG [SensorParser] GPGGA: gps fix is not available: $GNGGA,173728.608,4912.6826,N,12305.3890,W,0,0,,26.5,M,-16.8,M,,*59

2025-09-07 17:37:28.637 DEBUG [SensorParser] GPGGA: gps fix is not available: $GNGGA,173729.108,4912.6826,N,12305.3890,W,0,0,,26.5,M,-16.8,M,,*5F

2025-09-07 17:37:29.141 DEBUG [SensorParser] GPGGA: gps fix is not available: $GNGGA,173729.608,4912.6826,N,12305.3890,W,0,0,,26.5,M,-16.8,M,,*58

2025-09-07 17:37:29.640 DEBUG [SensorParser] GPGGA: gps fix is not available: $GNGGA,173730.108,4912.6826,N,12305.3890,W,0,0,,26.5,M,-16.8,M,,*57

2025-09-07 17:37:30.135 DEBUG [SensorParser] GPGGA: gps fix is not available: $GNGGA,173730.608,4912.6826,N,12305.3890,W,0,0,,26.5,M,-16.8,M,,*50

2025-09-07 17:37:31.139 DEBUG [SensorParser] GPGGA: gps fix is not available: $GNGGA,173731.608,4912.6826,N,12305.3890,W,0,0,,26.5,M,-16.8,M,,*51

2025-09-07 17:37:31.930 INFO [MainActivity] MainActivity onResume
2025-09-07 17:37:32.061 DEBUG [Nofix worker] Nofix, writing point at 1757266652498
2025-09-07 17:37:32.129 DEBUG [SensorParser] GPGGA: gps fix is not available: $GNGGA,173732.608,4912.6827,N,12305.3890,W,0,0,,26.5,M,-16.8,M,,*53

2025-09-07 17:37:33.141 DEBUG [SensorParser] GPGGA: gps fix is not available: $GNGGA,173733.608,4912.6827,N,12305.3891,W,0,0,,26.5,M,-16.8,M,,*53

2025-09-07 17:37:34.140 DEBUG [SensorParser] GPGGA: gps fix is not available: $GNGGA,173734.608,4912.6827,N,12305.3891,W,0,0,,26.5,M,-16.8,M,,*54

2025-09-07 17:37:35.034 INFO [TrackService] Starting service onStartCommand, intent: Intent { act=stopTracking cmp=org.xcontest.XCTrack/.TrackService }, startId: 13, current task: org.xcontest.XCTrack.navig.TaskTriangleClosing
2025-09-07 17:37:35.034 INFO [MainActivity] Preferences changed (Internal.TrackingRunning), reloading.
2025-09-07 17:37:35.034 INFO [TrackService] onStopTracking
2025-09-07 17:37:35.036 INFO [TrackService] Alarm canceled
2025-09-07 17:37:35.037 INFO [SensorManager] SensorManager is stopping
2025-09-07 17:37:35.038 INFO [BluetoothWorker] Stopping BT connection
2025-09-07 17:37:35.038 INFO [internalGps] Stopping
2025-09-07 17:37:35.052 DEBUG [qnh-fetcher] Stopping QNH updater
2025-09-07 17:37:35.054 INFO [org.xcontest.XCTrack.p:e()6] landed
2025-09-07 17:37:35.055 DEBUG [glassManager] Stopping glass manager
2025-09-07 17:37:35.055 INFO [maverick] Stopping glasses
2025-09-07 17:37:35.057 INFO [Safesky] Stopping
2025-09-07 17:37:35.058 INFO [Tasks] tasks saved, active org.xcontest.XCTrack.navig.TaskTriangleClosing, org.xcontest.XCTrack.info.r.n(SourceFile:216)
	org.xcontest.XCTrack.TrackService.f(SourceFile:183)
	org.xcontest.XCTrack.TrackService.onStartCommand(SourceFile:411)
	android.app.ActivityThread.handleServiceArgs(ActivityThread.java:4947)
	android.app.ActivityThread.-$$Nest$mhandleServiceArgs(Unknown Source:0)
	android.app.ActivityThread$H.handleMessage(ActivityThread.java:2388)
	android.os.Handler.dispatchMessage(Handler.java:106)
	android.os.Looper.loopOnce(Looper.java:240)
2025-09-07 17:37:35.058 INFO [TrackService] StopSelf.
2025-09-07 17:37:35.068 INFO [MainActivity] MainActivity onPause
2025-09-07 17:37:35.110 INFO [TrackService] FINISHED
2025-09-07 17:37:35.531 INFO [airwebMsg] FCM topic 'airspace' unsubscribed
2025-09-07 17:37:35.773 INFO [MainActivity] MainActivity onDestroy
2025-09-07 17:37:35.775 DEBUG [media] Media session released
2025-09-07 17:37:43.385 DEBUG [BluetoothWorker] BT: line:>$LK8EX1,999999,-2,-173,36,0.1*12<
2025-09-07 17:37:43.386 INFO [BluetoothLE] BluetoothSensorGeneric: close from: org.xcontest.XCTrack.sensors.r.run(SourceFile:156)
	java.lang.Thread.run(Thread.java:1119)
